seed,strategy,eval_noise,evaluation_set,opponent,match_seed,score_per_turn,opponent_score_per_turn,cooperation,opponent_cooperation,mutual_cooperation
0,TFT,0.0,common_field,Tit For Tat,2000000000000,3.0,3.0,1.0,1.0,1.0
0,TFT,0.0,common_field,Tit For Tat,2000000000001,3.0,3.0,1.0,1.0,1.0
0,TFT,0.0,common_field,Tit For Tat,2000000000002,3.0,3.0,1.0,1.0,1.0
0,TFT,0.0,common_field,Tit For Tat,2000000000003,3.0,3.0,1.0,1.0,1.0
0,TFT,0.0,common_field,Tit For Tat,2000000000004,3.0,3.0,1.0,1.0,1.0
0,TFT,0.0,common_field,Tit For Tat,2000000000005,3.0,3.0,1.0,1.0,1.0
0,TFT,0.0,common_field,Tit For Tat,2000000000006,3.0,3.0,1.0,1.0,1.0
0,TFT,0.0,common_field,Tit For Tat,2000000000007,3.0,3.0,1.0,1.0,1.0
0,TFT,0.0,common_field,Tit For Tat,2000000000008,3.0,3.0,1.0,1.0,1.0
0,TFT,0.0,common_field,Tit For Tat,2000000000009,3.0,3.0,1.0,1.0,1.0
0,TFT,0.0,common_field,Tit For Tat,2000000000010,3.0,3.0,1.0,1.0,1.0
0,TFT,0.0,common_field,Tit For Tat,2000000000011,3.0,3.0,1.0,1.0,1.0
0,TFT,0.0,common_field,Tit For Tat,2000000000012,3.0,3.0,1.0,1.0,1.0
0,TFT,0.0,common_field,Tit For Tat,2000000000013,3.0,3.0,1.0,1.0,1.0
0,TFT,0.0,common_field,Tit For Tat,2000000000014,3.0,3.0,1.0,1.0,1.0
0,TFT,0.0,common_field,Tit For Tat,2000000000015,3.0,3.0,1.0,1.0,1.0
0,TFT,0.0,common_field,Tit For Tat,2000000000016,3.0,3.0,1.0,1.0,1.0
0,TFT,0.0,common_field,Tit For Tat,2000000000017,3.0,3.0,1.0,1.0,1.0
0,TFT,0.0,common_field,Tit For Tat,2000000000018,3.0,3.0,1.0,1.0,1.0
0,TFT,0.0,common_field,Tit For Tat,2000000000019,3.0,3.0,1.0,1.0,1.0
0,TFT,0.0,common_field,Always Defect,2000000000000,0.9875,1.05,0.0125,0.0,0.0
0,TFT,0.0,common_field,Always Defect,2000000000001,0.9875,1.05,0.0125,0.0,0.0
0,TFT,0.0,common_field,Always Defect,2000000000002,0.9875,1.05,0.0125,0.0,0.0
0,TFT,0.0,common_field,Always Defect,2000000000003,0.9875,1.05,0.0125,0.0,0.0
0,TFT,0.0,common_field,Always Defect,2000000000004,0.9875,1.05,0.0125,0.0,0.0
0,TFT,0.0,common_field,Always Defect,2000000000005,0.9875,1.05,0.0125,0.0,0.0
0,TFT,0.0,common_field,Always Defect,2000000000006,0.9875,1.05,0.0125,0.0,0.0
0,TFT,0.0,common_field,Always Defect,2000000000007,0.9875,1.05,0.0125,0.0,0.0
0,TFT,0.0,common_field,Always Defect,2000000000008,0.9875,1.05,0.0125,0.0,0.0
0,TFT,0.0,common_field,Always Defect,2000000000009,0.9875,1.05,0.0125,0.0,0.0
0,TFT,0.0,common_field,Always Defect,2000000000010,0.9875,1.05,0.0125,0.0,0.0
0,TFT,0.0,common_field,Always Defect,2000000000011,0.9875,1.05,0.0125,0.0,0.0
0,TFT,0.0,common_field,Always Defect,2000000000012,0.9875,1.05,0.0125,0.0,0.0
0,TFT,0.0,common_field,Always Defect,2000000000013,0.9875,1.05,0.0125,0.0,0.0
0,TFT,0.0,common_field,Always Defect,2000000000014,0.9875,1.05,0.0125,0.0,0.0
0,TFT,0.0,common_field,Always Defect,2000000000015,0.9875,1.05,0.0125,0.0,0.0
0,TFT,0.0,common_field,Always Defect,2000000000016,0.9875,1.05,0.0125,0.0,0.0
0,TFT,0.0,common_field,Always Defect,2000000000017,0.9875,1.05,0.0125,0.0,0.0
0,TFT,0.0,common_field,Always Defect,2000000000018,0.9875,1.05,0.0125,0.0,0.0
0,TFT,0.0,common_field,Always Defect,2000000000019,0.9875,1.05,0.0125,0.0,0.0
0,TFT,0.0,common_field,Grudger,2000000000000,3.0,3.0,1.0,1.0,1.0
0,TFT,0.0,common_field,Grudger,2000000000001,3.0,3.0,1.0,1.0,1.0
0,TFT,0.0,common_field,Grudger,2000000000002,3.0,3.0,1.0,1.0,1.0
0,TFT,0.0,common_field,Grudger,2000000000003,3.0,3.0,1.0,1.0,1.0
0,TFT,0.0,common_field,Grudger,2000000000004,3.0,3.0,1.0,1.0,1.0
0,TFT,0.0,common_field,Grudger,2000000000005,3.0,3.0,1.0,1.0,1.0
0,TFT,0.0,common_field,Grudger,2000000000006,3.0,3.0,1.0,1.0,1.0
0,TFT,0.0,common_field,Grudger,2000000000007,3.0,3.0,1.0,1.0,1.0
0,TFT,0.0,common_field,Grudger,2000000000008,3.0,3.0,1.0,1.0,1.0
0,TFT,0.0,common_field,Grudger,2000000000009,3.0,3.0,1.0,1.0,1.0
0,TFT,0.0,common_field,Grudger,2000000000010,3.0,3.0,1.0,1.0,1.0
0,TFT,0.0,common_field,Grudger,2000000000011,3.0,3.0,1.0,1.0,1.0
0,TFT,0.0,common_field,Grudger,2000000000012,3.0,3.0,1.0,1.0,1.0
0,TFT,0.0,common_field,Grudger,2000000000013,3.0,3.0,1.0,1.0,1.0
0,TFT,0.0,common_field,Grudger,2000000000014,3.0,3.0,1.0,1.0,1.0
0,TFT,0.0,common_field,Grudger,2000000000015,3.0,3.0,1.0,1.0,1.0
0,TFT,0.0,common_field,Grudger,2000000000016,3.0,3.0,1.0,1.0,1.0
0,TFT,0.0,common_field,Grudger,2000000000017,3.0,3.0,1.0,1.0,1.0
0,TFT,0.0,common_field,Grudger,2000000000018,3.0,3.0,1.0,1.0,1.0
0,TFT,0.0,common_field,Grudger,2000000000019,3.0,3.0,1.0,1.0,1.0
0,TFT,0.0,common_field,Joss (0.9),2000000000000,1.675,1.7375,0.325,0.3125,0.25
0,TFT,0.0,common_field,Joss (0.9),2000000000001,1.45,1.5125,0.2125,0.2,0.1375
0,TFT,0.0,common_field,Joss (0.9),2000000000002,1.6,1.6625,0.3,0.2875,0.25
0,TFT,0.0,common_field,Joss (0.9),2000000000003,1.9,1.9625,0.4,0.3875,0.25
0,TFT,0.0,common_field,Joss (0.9),2000000000004,1.575,1.6375,0.2375,0.225,0.0875
0,TFT,0.0,common_field,Joss (0.9),2000000000005,2.1,2.1625,0.425,0.4125,0.125
0,TFT,0.0,common_field,Joss (0.9),2000000000006,1.5625,1.625,0.3,0.2875,0.2875
0,TFT,0.0,common_field,Joss (0.9),2000000000007,1.9625,2.025,0.4875,0.475,0.45
0,TFT,0.0,common_field,Joss (0.9),2000000000008,1.725,1.7875,0.325,0.3125,0.2
0,TFT,0.0,common_field,Joss (0.9),2000000000009,1.1875,1.25,0.0875,0.075,0.025
0,TFT,0.0,common_field,Joss (0.9),2000000000010,2.625,2.625,0.625,0.625,0.25
0,TFT,0.0,common_field,Joss (0.9),2000000000011,2.5875,2.5875,0.5875,0.5875,0.175
0,TFT,0.0,common_field,Joss (0.9),2000000000012,1.4875,1.55,0.25,0.2375,0.2125
0,TFT,0.0,common_field,Joss (0.9),2000000000013,2.5,2.5625,0.6125,0.6,0.2875
0,TFT,0.0,common_field,Joss (0.9),2000000000014,2.0375,2.1,0.4,0.3875,0.1125
0,TFT,0.0,common_field,Joss (0.9),2000000000015,1.175,1.2375,0.1,0.0875,0.075
0,TFT,0.0,common_field,Joss (0.9),2000000000016,1.325,1.3875,0.1625,0.15,0.1125
0,TFT,0.0,common_field,Joss (0.9),2000000000017,1.2,1.2625,0.0875,0.075,0.0125
0,TFT,0.0,common_field,Joss (0.9),2000000000018,2.125,2.1875,0.4,0.3875,0.025
0,TFT,0.0,common_field,Joss (0.9),2000000000019,2.05,2.1125,0.4375,0.425,0.2125
0,TFT,0.0,common_field,Random (0.5),2000000000000,2.2625,2.2625,0.4875,0.4875,0.2
0,TFT,0.0,common_field,Random (0.5),2000000000001,2.05,2.05,0.4125,0.4125,0.1875
0,TFT,0.0,common_field,Random (0.5),2000000000002,2.1625,2.1625,0.4625,0.4625,0.225
0,TFT,0.0,common_field,Random (0.5),2000000000003,2.0125,2.075,0.4125,0.4,0.175
0,TFT,0.0,common_field,Random (0.5),2000000000004,2.175,2.2375,0.475,0.4625,0.2
0,TFT,0.0,common_field,Random (0.5),2000000000005,2.025,2.0875,0.4125,0.4,0.1625
0,TFT,0.0,common_field,Random (0.5),2000000000006,2.3625,2.425,0.5875,0.575,0.35
0,TFT,0.0,common_field,Random (0.5),2000000000007,2.2875,2.2875,0.525,0.525,0.2875
0,TFT,0.0,common_field,Random (0.5),2000000000008,2.1375,2.2,0.45,0.4375,0.1625
0,TFT,0.0,common_field,Random (0.5),2000000000009,2.2625,2.325,0.5125,0.5,0.225
0,TFT,0.0,common_field,Random (0.5),2000000000010,2.3,2.3,0.525,0.525,0.275
0,TFT,0.0,common_field,Random (0.5),2000000000011,2.5125,2.5125,0.6,0.6,0.2875
0,TFT,0.0,common_field,Random (0.5),2000000000012,2.3625,2.3625,0.5625,0.5625,0.325
0,TFT,0.0,common_field,Random (0.5),2000000000013,2.3,2.3,0.525,0.525,0.275
0,TFT,0.0,common_field,Random (0.5),2000000000014,2.3375,2.3375,0.5375,0.5375,0.275
0,TFT,0.0,common_field,Random (0.5),2000000000015,2.275,2.3375,0.5375,0.525,0.2875
0,TFT,0.0,common_field,Random (0.5),2000000000016,2.1375,2.2,0.45,0.4375,0.1625
0,TFT,0.0,common_field,Random (0.5),2000000000017,2.425,2.4875,0.6,0.5875,0.325
0,TFT,0.0,common_field,Random (0.5),2000000000018,2.1625,2.225,0.45,0.4375,0.1375
0,TFT,0.0,common_field,Random (0.5),2000000000019,2.3,2.3,0.525,0.525,0.275
0,TFT,0.0,common_field,Tester,2000000000000,1.0125,1.075,0.025,0.0125,0.0125
0,TFT,0.0,common_field,Tester,2000000000001,1.0125,1.075,0.025,0.0125,0.0125
0,TFT,0.0,common_field,Tester,2000000000002,1.0125,1.075,0.025,0.0125,0.0125
0,TFT,0.0,common_field,Tester,2000000000003,1.0125,1.075,0.025,0.0125,0.0125
0,TFT,0.0,common_field,Tester,2000000000004,1.0125,1.075,0.025,0.0125,0.0125
0,TFT,0.0,common_field,Tester,2000000000005,1.0125,1.075,0.025,0.0125,0.0125
0,TFT,0.0,common_field,Tester,2000000000006,1.0125,1.075,0.025,0.0125,0.0125
0,TFT,0.0,common_field,Tester,2000000000007,1.0125,1.075,0.025,0.0125,0.0125
0,TFT,0.0,common_field,Tester,2000000000008,1.0125,1.075,0.025,0.0125,0.0125
0,TFT,0.0,common_field,Tester,2000000000009,1.0125,1.075,0.025,0.0125,0.0125
0,TFT,0.0,common_field,Tester,2000000000010,1.0125,1.075,0.025,0.0125,0.0125
0,TFT,0.0,common_field,Tester,2000000000011,1.0125,1.075,0.025,0.0125,0.0125
0,TFT,0.0,common_field,Tester,2000000000012,1.0125,1.075,0.025,0.0125,0.0125
0,TFT,0.0,common_field,Tester,2000000000013,1.0125,1.075,0.025,0.0125,0.0125
0,TFT,0.0,common_field,Tester,2000000000014,1.0125,1.075,0.025,0.0125,0.0125
0,TFT,0.0,common_field,Tester,2000000000015,1.0125,1.075,0.025,0.0125,0.0125
0,TFT,0.0,common_field,Tester,2000000000016,1.0125,1.075,0.025,0.0125,0.0125
0,TFT,0.0,common_field,Tester,2000000000017,1.0125,1.075,0.025,0.0125,0.0125
0,TFT,0.0,common_field,Tester,2000000000018,1.0125,1.075,0.025,0.0125,0.0125
0,TFT,0.0,common_field,Tester,2000000000019,1.0125,1.075,0.025,0.0125,0.0125
0,TFT,0.0,common_field,Pavlov (Win-Stay Lose-Shift),2000000000000,3.0,3.0,1.0,1.0,1.0
0,TFT,0.0,common_field,Pavlov (Win-Stay Lose-Shift),2000000000001,3.0,3.0,1.0,1.0,1.0
0,TFT,0.0,common_field,Pavlov (Win-Stay Lose-Shift),2000000000002,3.0,3.0,1.0,1.0,1.0
0,TFT,0.0,common_field,Pavlov (Win-Stay Lose-Shift),2000000000003,3.0,3.0,1.0,1.0,1.0
0,TFT,0.0,common_field,Pavlov (Win-Stay Lose-Shift),2000000000004,3.0,3.0,1.0,1.0,1.0
0,TFT,0.0,common_field,Pavlov (Win-Stay Lose-Shift),2000000000005,3.0,3.0,1.0,1.0,1.0
0,TFT,0.0,common_field,Pavlov (Win-Stay Lose-Shift),2000000000006,3.0,3.0,1.0,1.0,1.0
0,TFT,0.0,common_field,Pavlov (Win-Stay Lose-Shift),2000000000007,3.0,3.0,1.0,1.0,1.0
0,TFT,0.0,common_field,Pavlov (Win-Stay Lose-Shift),2000000000008,3.0,3.0,1.0,1.0,1.0
0,TFT,0.0,common_field,Pavlov (Win-Stay Lose-Shift),2000000000009,3.0,3.0,1.0,1.0,1.0
0,TFT,0.0,common_field,Pavlov (Win-Stay Lose-Shift),2000000000010,3.0,3.0,1.0,1.0,1.0
0,TFT,0.0,common_field,Pavlov (Win-Stay Lose-Shift),2000000000011,3.0,3.0,1.0,1.0,1.0
0,TFT,0.0,common_field,Pavlov (Win-Stay Lose-Shift),2000000000012,3.0,3.0,1.0,1.0,1.0
0,TFT,0.0,common_field,Pavlov (Win-Stay Lose-Shift),2000000000013,3.0,3.0,1.0,1.0,1.0
0,TFT,0.0,common_field,Pavlov (Win-Stay Lose-Shift),2000000000014,3.0,3.0,1.0,1.0,1.0
0,TFT,0.0,common_field,Pavlov (Win-Stay Lose-Shift),2000000000015,3.0,3.0,1.0,1.0,1.0
0,TFT,0.0,common_field,Pavlov (Win-Stay Lose-Shift),2000000000016,3.0,3.0,1.0,1.0,1.0
0,TFT,0.0,common_field,Pavlov (Win-Stay Lose-Shift),2000000000017,3.0,3.0,1.0,1.0,1.0
0,TFT,0.0,common_field,Pavlov (Win-Stay Lose-Shift),2000000000018,3.0,3.0,1.0,1.0,1.0
0,TFT,0.0,common_field,Pavlov (Win-Stay Lose-Shift),2000000000019,3.0,3.0,1.0,1.0,1.0
0,TFT,0.0,ALLC,Memory-1(ALLC),2000000000000,3.0,3.0,1.0,1.0,1.0
0,TFT,0.0,ALLC,Memory-1(ALLC),2000000000001,3.0,3.0,1.0,1.0,1.0
0,TFT,0.0,ALLC,Memory-1(ALLC),2000000000002,3.0,3.0,1.0,1.0,1.0
0,TFT,0.0,ALLC,Memory-1(ALLC),2000000000003,3.0,3.0,1.0,1.0,1.0
0,TFT,0.0,ALLC,Memory-1(ALLC),2000000000004,3.0,3.0,1.0,1.0,1.0
0,TFT,0.0,ALLC,Memory-1(ALLC),2000000000005,3.0,3.0,1.0,1.0,1.0
0,TFT,0.0,ALLC,Memory-1(ALLC),2000000000006,3.0,3.0,1.0,1.0,1.0
0,TFT,0.0,ALLC,Memory-1(ALLC),2000000000007,3.0,3.0,1.0,1.0,1.0
0,TFT,0.0,ALLC,Memory-1(ALLC),2000000000008,3.0,3.0,1.0,1.0,1.0
0,TFT,0.0,ALLC,Memory-1(ALLC),2000000000009,3.0,3.0,1.0,1.0,1.0
0,TFT,0.0,ALLC,Memory-1(ALLC),2000000000010,3.0,3.0,1.0,1.0,1.0
0,TFT,0.0,ALLC,Memory-1(ALLC),2000000000011,3.0,3.0,1.0,1.0,1.0
0,TFT,0.0,ALLC,Memory-1(ALLC),2000000000012,3.0,3.0,1.0,1.0,1.0
0,TFT,0.0,ALLC,Memory-1(ALLC),2000000000013,3.0,3.0,1.0,1.0,1.0
0,TFT,0.0,ALLC,Memory-1(ALLC),2000000000014,3.0,3.0,1.0,1.0,1.0
0,TFT,0.0,ALLC,Memory-1(ALLC),2000000000015,3.0,3.0,1.0,1.0,1.0
0,TFT,0.0,ALLC,Memory-1(ALLC),2000000000016,3.0,3.0,1.0,1.0,1.0
0,TFT,0.0,ALLC,Memory-1(ALLC),2000000000017,3.0,3.0,1.0,1.0,1.0
0,TFT,0.0,ALLC,Memory-1(ALLC),2000000000018,3.0,3.0,1.0,1.0,1.0
0,TFT,0.0,ALLC,Memory-1(ALLC),2000000000019,3.0,3.0,1.0,1.0,1.0
0,TFT,0.0,self,Memory-1(TFT),2000000000000,3.0,3.0,1.0,1.0,1.0
0,TFT,0.0,self,Memory-1(TFT),2000000000001,3.0,3.0,1.0,1.0,1.0
0,TFT,0.0,self,Memory-1(TFT),2000000000002,3.0,3.0,1.0,1.0,1.0
0,TFT,0.0,self,Memory-1(TFT),2000000000003,3.0,3.0,1.0,1.0,1.0
0,TFT,0.0,self,Memory-1(TFT),2000000000004,3.0,3.0,1.0,1.0,1.0
0,TFT,0.0,self,Memory-1(TFT),2000000000005,3.0,3.0,1.0,1.0,1.0
0,TFT,0.0,self,Memory-1(TFT),2000000000006,3.0,3.0,1.0,1.0,1.0
0,TFT,0.0,self,Memory-1(TFT),2000000000007,3.0,3.0,1.0,1.0,1.0
0,TFT,0.0,self,Memory-1(TFT),2000000000008,3.0,3.0,1.0,1.0,1.0
0,TFT,0.0,self,Memory-1(TFT),2000000000009,3.0,3.0,1.0,1.0,1.0
0,TFT,0.0,self,Memory-1(TFT),2000000000010,3.0,3.0,1.0,1.0,1.0
0,TFT,0.0,self,Memory-1(TFT),2000000000011,3.0,3.0,1.0,1.0,1.0
0,TFT,0.0,self,Memory-1(TFT),2000000000012,3.0,3.0,1.0,1.0,1.0
0,TFT,0.0,self,Memory-1(TFT),2000000000013,3.0,3.0,1.0,1.0,1.0
0,TFT,0.0,self,Memory-1(TFT),2000000000014,3.0,3.0,1.0,1.0,1.0
0,TFT,0.0,self,Memory-1(TFT),2000000000015,3.0,3.0,1.0,1.0,1.0
0,TFT,0.0,self,Memory-1(TFT),2000000000016,3.0,3.0,1.0,1.0,1.0
0,TFT,0.0,self,Memory-1(TFT),2000000000017,3.0,3.0,1.0,1.0,1.0
0,TFT,0.0,self,Memory-1(TFT),2000000000018,3.0,3.0,1.0,1.0,1.0
0,TFT,0.0,self,Memory-1(TFT),2000000000019,3.0,3.0,1.0,1.0,1.0
0,TFT,0.05,common_field,Tit For Tat,2000000000000,2.675,2.675,0.675,0.675,0.35
0,TFT,0.05,common_field,Tit For Tat,2000000000001,2.325,2.325,0.5,0.5,0.175
0,TFT,0.05,common_field,Tit For Tat,2000000000002,2.7875,2.725,0.8,0.8125,0.6625
0,TFT,0.05,common_field,Tit For Tat,2000000000003,2.7625,2.7625,0.7625,0.7625,0.525
0,TFT,0.05,common_field,Tit For Tat,2000000000004,2.5375,2.5375,0.65,0.65,0.4125
0,TFT,0.05,common_field,Tit For Tat,2000000000005,2.35,2.35,0.5125,0.5125,0.1875
0,TFT,0.05,common_field,Tit For Tat,2000000000006,2.725,2.6625,0.6875,0.7,0.3875
0,TFT,0.05,common_field,Tit For Tat,2000000000007,2.4625,2.4,0.55,0.5625,0.2375
0,TFT,0.05,common_field,Tit For Tat,2000000000008,2.5875,2.5875,0.625,0.625,0.2875
0,TFT,0.05,common_field,Tit For Tat,2000000000009,2.575,2.6375,0.6875,0.675,0.4375
0,TFT,0.05,common_field,Tit For Tat,2000000000010,1.9375,1.9375,0.35,0.35,0.1125
0,TFT,0.05,common_field,Tit For Tat,2000000000011,2.65,2.775,0.825,0.8,0.725
0,TFT,0.05,common_field,Tit For Tat,2000000000012,2.15,2.0875,0.4,0.4125,0.1
0,TFT,0.05,common_field,Tit For Tat,2000000000013,2.6,2.725,0.7375,0.7125,0.5125
0,TFT,0.05,common_field,Tit For Tat,2000000000014,2.7875,2.6625,0.775,0.8,0.6375
0,TFT,0.05,common_field,Tit For Tat,2000000000015,2.5125,2.575,0.625,0.6125,0.3125
0,TFT,0.05,common_field,Tit For Tat,2000000000016,2.425,2.425,0.5625,0.5625,0.2625
0,TFT,0.05,common_field,Tit For Tat,2000000000017,2.725,2.6625,0.6875,0.7,0.3875
0,TFT,0.05,common_field,Tit For Tat,2000000000018,2.05,2.1125,0.4,0.3875,0.1
0,TFT,0.05,common_field,Tit For Tat,2000000000019,2.2125,2.15,0.4125,0.425,0.075
0,TFT,0.05,common_field,Always Defect,2000000000000,1.0125,1.325,0.0875,0.025,0.0
0,TFT,0.05,common_field,Always Defect,2000000000001,0.925,1.425,0.1125,0.0125,0.0125
0,TFT,0.05,common_field,Always Defect,2000000000002,1.1375,1.2,0.0625,0.05,0.0
0,TFT,0.05,common_field,Always Defect,2000000000003,1.05,1.3625,0.1,0.0375,0.0
0,TFT,0.05,common_field,Always Defect,2000000000004,1.0375,1.225,0.0625,0.025,0.0
0,TFT,0.05,common_field,Always Defect,2000000000005,1.025,1.275,0.075,0.025,0.0
0,TFT,0.05,common_field,Always Defect,2000000000006,1.0125,1.2625,0.075,0.025,0.0125
0,TFT,0.05,common_field,Always Defect,2000000000007,1.0875,1.2125,0.0625,0.0375,0.0
0,TFT,0.05,common_field,Always Defect,2000000000008,1.1,1.2875,0.0875,0.05,0.0125
0,TFT,0.05,common_field,Always Defect,2000000000009,1.0625,1.3125,0.0875,0.0375,0.0
0,TFT,0.05,common_field,Always Defect,2000000000010,1.125,1.25,0.075,0.05,0.0
0,TFT,0.05,common_field,Always Defect,2000000000011,1.025,1.275,0.075,0.025,0.0
0,TFT,0.05,common_field,Always Defect,2000000000012,1.175,1.425,0.1375,0.0875,0.0375
0,TFT,0.05,common_field,Always Defect,2000000000013,1.05,1.55,0.15,0.05,0.0
0,TFT,0.05,common_field,Always Defect,2000000000014,1.0125,1.325,0.0875,0.025,0.0
0,TFT,0.05,common_field,Always Defect,2000000000015,1.15,1.3375,0.1,0.0625,0.0
0,TFT,0.05,common_field,Always Defect,2000000000016,0.9875,1.2375,0.0625,0.0125,0.0
0,TFT,0.05,common_field,Always Defect,2000000000017,1.0125,1.1375,0.0375,0.0125,0.0
0,TFT,0.05,common_field,Always Defect,2000000000018,1.1,1.35,0.1,0.05,0.0
0,TFT,0.05,common_field,Always Defect,2000000000019,1.175,1.425,0.125,0.075,0.0
0,TFT,0.05,common_field,Grudger,2000000000000,1.2625,1.575,0.2125,0.15,0.125
0,TFT,0.05,common_field,Grudger,2000000000001,0.9375,1.4375,0.1125,0.0125,0.0
0,TFT,0.05,common_field,Grudger,2000000000002,1.9375,2.0,0.4625,0.45,0.4
0,TFT,0.05,common_field,Grudger,2000000000003,1.075,1.3875,0.1125,0.05,0.0125
0,TFT,0.05,common_field,Grudger,2000000000004,1.075,1.2625,0.075,0.0375,0.0
0,TFT,0.05,common_field,Grudger,2000000000005,1.2375,1.3625,0.1375,0.1125,0.075
0,TFT,0.05,common_field,Grudger,2000000000006,1.025,1.275,0.075,0.025,0.0
0,TFT,0.05,common_field,Grudger,2000000000007,1.2875,1.4125,0.1625,0.1375,0.1
0,TFT,0.05,common_field,Grudger,2000000000008,1.15,1.3375,0.1125,0.075,0.0375
0,TFT,0.05,common_field,Grudger,2000000000009,1.3625,1.6125,0.2375,0.1875,0.15
0,TFT,0.05,common_field,Grudger,2000000000010,1.325,1.45,0.175,0.15,0.1
0,TFT,0.05,common_field,Grudger,2000000000011,1.625,1.875,0.375,0.325,0.3
0,TFT,0.05,common_field,Grudger,2000000000012,1.3,1.55,0.2,0.15,0.1
0,TFT,0.05,common_field,Grudger,2000000000013,1.1625,1.5375,0.1625,0.0875,0.025
0,TFT,0.05,common_field,Grudger,2000000000014,1.825,2.0125,0.45,0.4125,0.375
0,TFT,0.05,common_field,Grudger,2000000000015,1.2,1.3875,0.125,0.0875,0.025
0,TFT,0.05,common_field,Grudger,2000000000016,1.2125,1.4625,0.175,0.125,0.1125
0,TFT,0.05,common_field,Grudger,2000000000017,1.175,1.175,0.075,0.075,0.05
0,TFT,0.05,common_field,Grudger,2000000000018,1.3,1.55,0.2,0.15,0.1
0,TFT,0.05,common_field,Grudger,2000000000019,1.25,1.5,0.1625,0.1125,0.0375
0,TFT,0.05,common_field,Joss (0.9),2000000000000,1.9625,2.0875,0.375,0.35,0.0625
0,TFT,0.05,common_field,Joss (0.9),2000000000001,1.6625,1.9125,0.3375,0.2875,0.15
0,TFT,0.05,common_field,Joss (0.9),2000000000002,2.275,2.2125,0.5,0.5125,0.275
0,TFT,0.05,common_field,Joss (0.9),2000000000003,1.575,1.6375,0.25,0.2375,0.125
0,TFT,0.05,common_field,Joss (0.9),2000000000004,2.475,2.35,0.525,0.55,0.2
0,TFT,0.05,common_field,Joss (0.9),2000000000005,1.725,1.975,0.35,0.3,0.125
0,TFT,0.05,common_field,Joss (0.9),2000000000006,1.8625,1.925,0.325,0.3125,0.0625
0,TFT,0.05,common_field,Joss (0.9),2000000000007,2.1625,2.1625,0.4125,0.4125,0.075
0,TFT,0.05,common_field,Joss (0.9),2000000000008,1.9,2.0875,0.3625,0.325,0.0375
0,TFT,0.05,common_field,Joss (0.9),2000000000009,1.9125,2.0375,0.35,0.325,0.0375
0,TFT,0.05,common_field,Joss (0.9),2000000000010,2.35,2.4125,0.5375,0.525,0.2125
0,TFT,0.05,common_field,Joss (0.9),2000000000011,2.4875,2.425,0.6375,0.65,0.475
0,TFT,0.05,common_field,Joss (0.9),2000000000012,2.1625,2.225,0.4625,0.45,0.175
0,TFT,0.05,common_field,Joss (0.9),2000000000013,2.0375,2.2875,0.475,0.425,0.1875
0,TFT,0.05,common_field,Joss (0.9),2000000000014,2.3125,2.5,0.6,0.5625,0.3375
0,TFT,0.05,common_field,Joss (0.9),2000000000015,2.125,2.3125,0.475,0.4375,0.15
0,TFT,0.05,common_field,Joss (0.9),2000000000016,2.1625,2.1,0.4625,0.475,0.275
0,TFT,0.05,common_field,Joss (0.9),2000000000017,2.1625,2.1,0.3875,0.4,0.05
0,TFT,0.05,common_field,Joss (0.9),2000000000018,2.25,2.25,0.5375,0.5375,0.3625
0,TFT,0.05,common_field,Joss (0.9),2000000000019,2.6,2.6,0.6375,0.6375,0.3125
0,TFT,0.05,common_field,Random (0.5),2000000000000,2.075,2.2625,0.475,0.4375,0.2
0,TFT,0.05,common_field,Random (0.5),2000000000001,1.925,2.175,0.4375,0.3875,0.1875
0,TFT,0.05,common_field,Random (0.5),2000000000002,2.3125,2.25,0.5,0.5125,0.2375
0,TFT,0.05,common_field,Random (0.5),2000000000003,2.2625,2.1375,0.4625,0.4875,0.225
0,TFT,0.05,common_field,Random (0.5),2000000000004,2.15,2.025,0.4,0.425,0.15
0,TFT,0.05,common_field,Random (0.5),2000000000005,2.05,2.175,0.4375,0.4125,0.1625
0,TFT,0.05,common_field,Random (0.5),2000000000006,2.425,2.4875,0.5875,0.575,0.2875
0,TFT,0.05,common_field,Random (0.5),2000000000007,2.2125,2.2125,0.5,0.5,0.2875
0,TFT,0.05,common_field,Random (0.5),2000000000008,2.0875,2.15,0.45,0.4375,0.2125
0,TFT,0.05,common_field,Random (0.5),2000000000009,2.3125,2.25,0.5,0.5125,0.2375
0,TFT,0.05,common_field,Random (0.5),2000000000010,2.475,2.35,0.575,0.6,0.35
0,TFT,0.05,common_field,Random (0.5),2000000000011,2.2375,2.3625,0.5375,0.5125,0.275
0,TFT,0.05,common_field,Random (0.5),2000000000012,2.55,2.3625,0.5875,0.625,0.3625
0,TFT,0.05,common_field,Random (0.5),2000000000013,2.1375,2.2,0.475,0.4625,0.2375
0,TFT,0.05,common_field,Random (0.5),2000000000014,2.55,2.3,0.5625,0.6125,0.3375
0,TFT,0.05,common_field,Random (0.5),2000000000015,2.3,2.3,0.525,0.525,0.275
0,TFT,0.05,common_field,Random (0.5),2000000000016,2.3,2.425,0.5625,0.5375,0.2875
0,TFT,0.05,common_field,Random (0.5),2000000000017,2.3,2.2375,0.525,0.5375,0.325
0,TFT,0.05,common_field,Random (0.5),2000000000018,2.35,2.2875,0.525,0.5375,0.275
0,TFT,0.05,common_field,Random (0.5),2000000000019,2.4625,2.275,0.525,0.5625,0.2625
0,TFT,0.05,common_field,Tester,2000000000000,1.0375,1.35,0.1,0.0375,0.0125
0,TFT,0.05,common_field,Tester,2000000000001,2.275,2.3375,0.5,0.4875,0.175
0,TFT,0.05,common_field,Tester,2000000000002,1.1625,1.225,0.075,0.0625,0.0125
0,TFT,0.05,common_field,Tester,2000000000003,1.0625,1.375,0.1125,0.05,0.025
0,TFT,0.05,common_field,Tester,2000000000004,1.075,1.2625,0.075,0.0375,0.0
0,TFT,0.05,common_field,Tester,2000000000005,1.05,1.3,0.0875,0.0375,0.0125
0,TFT,0.05,common_field,Tester,2000000000006,1.8375,1.9625,0.3125,0.2875,0.0
0,TFT,0.05,common_field,Tester,2000000000007,1.1125,1.2375,0.075,0.05,0.0125
0,TFT,0.05,common_field,Tester,2000000000008,1.125,1.3125,0.1,0.0625,0.025
0,TFT,0.05,common_field,Tester,2000000000009,1.0875,1.3375,0.1,0.05,0.0125
0,TFT,0.05,common_field,Tester,2000000000010,1.15,1.275,0.0875,0.0625,0.0125
0,TFT,0.05,common_field,Tester,2000000000011,1.05,1.3,0.0875,0.0375,0.0125
0,TFT,0.05,common_field,Tester,2000000000012,1.2,1.45,0.15,0.1,0.05
0,TFT,0.05,common_field,Tester,2000000000013,1.075,1.575,0.1625,0.0625,0.0125
0,TFT,0.05,common_field,Tester,2000000000014,1.0375,1.35,0.1,0.0375,0.0125
0,TFT,0.05,common_field,Tester,2000000000015,1.175,1.3625,0.1125,0.075,0.0125
0,TFT,0.05,common_field,Tester,2000000000016,1.0125,1.2625,0.075,0.025,0.0125
0,TFT,0.05,common_field,Tester,2000000000017,1.0375,1.1625,0.05,0.025,0.0125
0,TFT,0.05,common_field,Tester,2000000000018,1.125,1.375,0.1125,0.0625,0.0125
0,TFT,0.05,common_field,Tester,2000000000019,1.2,1.45,0.1375,0.0875,0.0125
0,TFT,0.05,common_field,Pavlov (Win-Stay Lose-Shift),2000000000000,2.25,2.3125,0.525,0.5125,0.275
0,TFT,0.05,common_field,Pavlov (Win-Stay Lose-Shift),2000000000001,2.1875,2.125,0.4375,0.45,0.175
0,TFT,0.05,common_field,Pavlov (Win-Stay Lose-Shift),2000000000002,2.725,2.725,0.8125,0.8125,0.7125
0,TFT,0.05,common_field,Pavlov (Win-Stay Lose-Shift),2000000000003,2.3,2.3,0.5375,0.5375,0.3125
0,TFT,0.05,common_field,Pavlov (Win-Stay Lose-Shift),2000000000004,2.375,2.25,0.525,0.55,0.3
0,TFT,0.05,common_field,Pavlov (Win-Stay Lose-Shift),2000000000005,2.275,2.2125,0.4875,0.5,0.2375
0,TFT,0.05,common_field,Pavlov (Win-Stay Lose-Shift),2000000000006,2.2,2.325,0.525,0.5,0.275
0,TFT,0.05,common_field,Pavlov (Win-Stay Lose-Shift),2000000000007,2.175,2.3,0.5,0.475,0.225
0,TFT,0.05,common_field,Pavlov (Win-Stay Lose-Shift),2000000000008,1.9625,2.0875,0.3625,0.3375,0.025
0,TFT,0.05,common_field,Pavlov (Win-Stay Lose-Shift),2000000000009,2.2625,2.3875,0.5625,0.5375,0.325
0,TFT,0.05,common_field,Pavlov (Win-Stay Lose-Shift),2000000000010,2.0625,2.1875,0.425,0.4,0.1125
0,TFT,0.05,common_field,Pavlov (Win-Stay Lose-Shift),2000000000011,2.7125,2.7125,0.8125,0.8125,0.725
0,TFT,0.05,common_field,Pavlov (Win-Stay Lose-Shift),2000000000012,2.475,2.35,0.6,0.625,0.425
0,TFT,0.05,common_field,Pavlov (Win-Stay Lose-Shift),2000000000013,2.2375,2.3625,0.5375,0.5125,0.275
0,TFT,0.05,common_field,Pavlov (Win-Stay Lose-Shift),2000000000014,2.45,2.6375,0.7125,0.675,0.5375
0,TFT,0.05,common_field,Pavlov (Win-Stay Lose-Shift),2000000000015,2.3125,2.375,0.575,0.5625,0.3625
0,TFT,0.05,common_field,Pavlov (Win-Stay Lose-Shift),2000000000016,2.1375,2.075,0.4,0.4125,0.1125
0,TFT,0.05,common_field,Pavlov (Win-Stay Lose-Shift),2000000000017,2.175,2.175,0.45,0.45,0.175
0,TFT,0.05,common_field,Pavlov (Win-Stay Lose-Shift),2000000000018,2.4,2.3375,0.5625,0.575,0.3375
0,TFT,0.05,common_field,Pavlov (Win-Stay Lose-Shift),2000000000019,2.175,2.425,0.5625,0.5125,0.3125
0,TFT,0.05,ALLC,Memory-1(ALLC),2000000000000,2.9875,2.7375,0.8625,0.9125,0.8
0,TFT,0.05,ALLC,Memory-1(ALLC),2000000000001,3.15,2.7125,0.9,0.9875,0.9
0,TFT,0.05,ALLC,Memory-1(ALLC),2000000000002,2.975,2.9125,0.9375,0.95,0.8875
0,TFT,0.05,ALLC,Memory-1(ALLC),2000000000003,3.0375,2.7875,0.9,0.95,0.8625
0,TFT,0.05,ALLC,Memory-1(ALLC),2000000000004,3.0625,2.8125,0.9125,0.9625,0.875
0,TFT,0.05,ALLC,Memory-1(ALLC),2000000000005,3.0375,2.85,0.925,0.9625,0.8875
0,TFT,0.05,ALLC,Memory-1(ALLC),2000000000006,3.0625,2.875,0.95,0.9875,0.9375
0,TFT,0.05,ALLC,Memory-1(ALLC),2000000000007,3.0,2.9375,0.9625,0.975,0.9375
0,TFT,0.05,ALLC,Memory-1(ALLC),2000000000008,3.0125,2.8875,0.9375,0.9625,0.9
0,TFT,0.05,ALLC,Memory-1(ALLC),2000000000009,3.0375,2.85,0.925,0.9625,0.8875
0,TFT,0.05,ALLC,Memory-1(ALLC),2000000000010,3.0375,2.85,0.925,0.9625,0.8875
0,TFT,0.05,ALLC,Memory-1(ALLC),2000000000011,3.0375,2.85,0.925,0.9625,0.8875
0,TFT,0.05,ALLC,Memory-1(ALLC),2000000000012,2.9875,2.8,0.875,0.9125,0.7875
0,TFT,0.05,ALLC,Memory-1(ALLC),2000000000013,3.125,2.6875,0.8625,0.95,0.8125
0,TFT,0.05,ALLC,Memory-1(ALLC),2000000000014,3.075,2.825,0.925,0.975,0.9
0,TFT,0.05,ALLC,Memory-1(ALLC),2000000000015,3.0,2.875,0.9375,0.9625,0.9125
0,TFT,0.05,ALLC,Memory-1(ALLC),2000000000016,3.0375,2.85,0.925,0.9625,0.8875
0,TFT,0.05,ALLC,Memory-1(ALLC),2000000000017,3.0375,2.85,0.925,0.9625,0.8875
0,TFT,0.05,ALLC,Memory-1(ALLC),2000000000018,3.0375,2.85,0.925,0.9625,0.8875
0,TFT,0.05,ALLC,Memory-1(ALLC),2000000000019,2.95,2.7625,0.85,0.8875,0.75
0,TFT,0.05,self,Memory-1(TFT),2000000000000,2.3375,2.4,0.625,0.6125,0.4875
0,TFT,0.05,self,Memory-1(TFT),2000000000001,2.5875,2.65,0.75,0.7375,0.6125
0,TFT,0.05,self,Memory-1(TFT),2000000000002,2.925,2.8625,0.8875,0.9,0.7875
0,TFT,0.05,self,Memory-1(TFT),2000000000003,2.0125,2.075,0.5,0.4875,0.4375
0,TFT,0.05,self,Memory-1(TFT),2000000000004,2.625,2.625,0.625,0.625,0.25
0,TFT,0.05,self,Memory-1(TFT),2000000000005,2.25,2.25,0.55,0.55,0.4
0,TFT,0.05,self,Memory-1(TFT),2000000000006,2.725,2.7875,0.7625,0.75,0.5125
0,TFT,0.05,self,Memory-1(TFT),2000000000007,2.6125,2.55,0.6625,0.675,0.425
0,TFT,0.05,self,Memory-1(TFT),2000000000008,2.7625,2.7625,0.7625,0.7625,0.525
0,TFT,0.05,self,Memory-1(TFT),2000000000009,2.4375,2.5625,0.6375,0.6125,0.375
0,TFT,0.05,self,Memory-1(TFT),2000000000010,2.8,2.675,0.775,0.8,0.625
0,TFT,0.05,self,Memory-1(TFT),2000000000011,2.7875,2.7875,0.8125,0.8125,0.65
0,TFT,0.05,self,Memory-1(TFT),2000000000012,2.2625,2.325,0.55,0.5375,0.3375
0,TFT,0.05,self,Memory-1(TFT),2000000000013,2.6,2.5375,0.6375,0.65,0.3625
0,TFT,0.05,self,Memory-1(TFT),2000000000014,2.4,2.3375,0.625,0.6375,0.525
0,TFT,0.05,self,Memory-1(TFT),2000000000015,2.5375,2.6,0.725,0.7125,0.5875
0,TFT,0.05,self,Memory-1(TFT),2000000000016,2.45,2.5125,0.5875,0.575,0.2625
0,TFT,0.05,self,Memory-1(TFT),2000000000017,2.8125,2.75,0.775,0.7875,0.5625
0,TFT,0.05,self,Memory-1(TFT),2000000000018,2.425,2.55,0.575,0.55,0.2
0,TFT,0.05,self,Memory-1(TFT),2000000000019,2.2125,2.275,0.5,0.4875,0.2375
0,GTFT(0.1),0.0,common_field,Tit For Tat,2000000000000,3.0,3.0,1.0,1.0,1.0
0,GTFT(0.1),0.0,common_field,Tit For Tat,2000000000001,3.0,3.0,1.0,1.0,1.0
0,GTFT(0.1),0.0,common_field,Tit For Tat,2000000000002,3.0,3.0,1.0,1.0,1.0
0,GTFT(0.1),0.0,common_field,Tit For Tat,2000000000003,3.0,3.0,1.0,1.0,1.0
0,GTFT(0.1),0.0,common_field,Tit For Tat,2000000000004,3.0,3.0,1.0,1.0,1.0
0,GTFT(0.1),0.0,common_field,Tit For Tat,2000000000005,3.0,3.0,1.0,1.0,1.0
0,GTFT(0.1),0.0,common_field,Tit For Tat,2000000000006,3.0,3.0,1.0,1.0,1.0
0,GTFT(0.1),0.0,common_field,Tit For Tat,2000000000007,3.0,3.0,1.0,1.0,1.0
0,GTFT(0.1),0.0,common_field,Tit For Tat,2000000000008,3.0,3.0,1.0,1.0,1.0
0,GTFT(0.1),0.0,common_field,Tit For Tat,2000000000009,3.0,3.0,1.0,1.0,1.0
0,GTFT(0.1),0.0,common_field,Tit For Tat,2000000000010,3.0,3.0,1.0,1.0,1.0
0,GTFT(0.1),0.0,common_field,Tit For Tat,2000000000011,3.0,3.0,1.0,1.0,1.0
0,GTFT(0.1),0.0,common_field,Tit For Tat,2000000000012,3.0,3.0,1.0,1.0,1.0
0,GTFT(0.1),0.0,common_field,Tit For Tat,2000000000013,3.0,3.0,1.0,1.0,1.0
0,GTFT(0.1),0.0,common_field,Tit For Tat,2000000000014,3.0,3.0,1.0,1.0,1.0
0,GTFT(0.1),0.0,common_field,Tit For Tat,2000000000015,3.0,3.0,1.0,1.0,1.0
0,GTFT(0.1),0.0,common_field,Tit For Tat,2000000000016,3.0,3.0,1.0,1.0,1.0
0,GTFT(0.1),0.0,common_field,Tit For Tat,2000000000017,3.0,3.0,1.0,1.0,1.0
0,GTFT(0.1),0.0,common_field,Tit For Tat,2000000000018,3.0,3.0,1.0,1.0,1.0
0,GTFT(0.1),0.0,common_field,Tit For Tat,2000000000019,3.0,3.0,1.0,1.0,1.0
0,GTFT(0.1),0.0,common_field,Always Defect,2000000000000,0.85,1.6,0.15,0.0,0.0
0,GTFT(0.1),0.0,common_field,Always Defect,2000000000001,0.925,1.3,0.075,0.0,0.0
0,GTFT(0.1),0.0,common_field,Always Defect,2000000000002,0.9375,1.25,0.0625,0.0,0.0
0,GTFT(0.1),0.0,common_field,Always Defect,2000000000003,0.875,1.5,0.125,0.0,0.0
0,GTFT(0.1),0.0,common_field,Always Defect,2000000000004,0.9,1.4,0.1,0.0,0.0
0,GTFT(0.1),0.0,common_field,Always Defect,2000000000005,0.8875,1.45,0.1125,0.0,0.0
0,GTFT(0.1),0.0,common_field,Always Defect,2000000000006,0.9375,1.25,0.0625,0.0,0.0
0,GTFT(0.1),0.0,common_field,Always Defect,2000000000007,0.9375,1.25,0.0625,0.0,0.0
0,GTFT(0.1),0.0,common_field,Always Defect,2000000000008,0.85,1.6,0.15,0.0,0.0
0,GTFT(0.1),0.0,common_field,Always Defect,2000000000009,0.9,1.4,0.1,0.0,0.0
0,GTFT(0.1),0.0,common_field,Always Defect,2000000000010,0.875,1.5,0.125,0.0,0.0
0,GTFT(0.1),0.0,common_field,Always Defect,2000000000011,0.9125,1.35,0.0875,0.0,0.0
0,GTFT(0.1),0.0,common_field,Always Defect,2000000000012,0.9125,1.35,0.0875,0.0,0.0
0,GTFT(0.1),0.0,common_field,Always Defect,2000000000013,0.825,1.7,0.175,0.0,0.0
0,GTFT(0.1),0.0,common_field,Always Defect,2000000000014,0.8625,1.55,0.1375,0.0,0.0
0,GTFT(0.1),0.0,common_field,Always Defect,2000000000015,0.875,1.5,0.125,0.0,0.0
0,GTFT(0.1),0.0,common_field,Always Defect,2000000000016,0.8125,1.75,0.1875,0.0,0.0
0,GTFT(0.1),0.0,common_field,Always Defect,2000000000017,0.95,1.2,0.05,0.0,0.0
0,GTFT(0.1),0.0,common_field,Always Defect,2000000000018,0.9125,1.35,0.0875,0.0,0.0
0,GTFT(0.1),0.0,common_field,Always Defect,2000000000019,0.9,1.4,0.1,0.0,0.0
0,GTFT(0.1),0.0,common_field,Grudger,2000000000000,3.0,3.0,1.0,1.0,1.0
0,GTFT(0.1),0.0,common_field,Grudger,2000000000001,3.0,3.0,1.0,1.0,1.0
0,GTFT(0.1),0.0,common_field,Grudger,2000000000002,3.0,3.0,1.0,1.0,1.0
0,GTFT(0.1),0.0,common_field,Grudger,2000000000003,3.0,3.0,1.0,1.0,1.0
0,GTFT(0.1),0.0,common_field,Grudger,2000000000004,3.0,3.0,1.0,1.0,1.0
0,GTFT(0.1),0.0,common_field,Grudger,2000000000005,3.0,3.0,1.0,1.0,1.0
0,GTFT(0.1),0.0,common_field,Grudger,2000000000006,3.0,3.0,1.0,1.0,1.0
0,GTFT(0.1),0.0,common_field,Grudger,2000000000007,3.0,3.0,1.0,1.0,1.0
0,GTFT(0.1),0.0,common_field,Grudger,2000000000008,3.0,3.0,1.0,1.0,1.0
0,GTFT(0.1),0.0,common_field,Grudger,2000000000009,3.0,3.0,1.0,1.0,1.0
0,GTFT(0.1),0.0,common_field,Grudger,2000000000010,3.0,3.0,1.0,1.0,1.0
0,GTFT(0.1),0.0,common_field,Grudger,2000000000011,3.0,3.0,1.0,1.0,1.0
0,GTFT(0.1),0.0,common_field,Grudger,2000000000012,3.0,3.0,1.0,1.0,1.0
0,GTFT(0.1),0.0,common_field,Grudger,2000000000013,3.0,3.0,1.0,1.0,1.0
0,GTFT(0.1),0.0,common_field,Grudger,2000000000014,3.0,3.0,1.0,1.0,1.0
0,GTFT(0.1),0.0,common_field,Grudger,2000000000015,3.0,3.0,1.0,1.0,1.0
0,GTFT(0.1),0.0,common_field,Grudger,2000000000016,3.0,3.0,1.0,1.0,1.0
0,GTFT(0.1),0.0,common_field,Grudger,2000000000017,3.0,3.0,1.0,1.0,1.0
0,GTFT(0.1),0.0,common_field,Grudger,2000000000018,3.0,3.0,1.0,1.0,1.0
0,GTFT(0.1),0.0,common_field,Grudger,2000000000019,3.0,3.0,1.0,1.0,1.0
0,GTFT(0.1),0.0,common_field,Joss (0.9),2000000000000,2.225,2.475,0.625,0.575,0.45
0,GTFT(0.1),0.0,common_field,Joss (0.9),2000000000001,1.975,2.225,0.4375,0.3875,0.1375
0,GTFT(0.1),0.0,common_field,Joss (0.9),2000000000002,2.2125,2.4,0.5375,0.5,0.25
0,GTFT(0.1),0.0,common_field,Joss (0.9),2000000000003,1.9,2.15,0.45,0.4,0.25
0,GTFT(0.1),0.0,common_field,Joss (0.9),2000000000004,1.725,2.0375,0.4125,0.35,0.2625
0,GTFT(0.1),0.0,common_field,Joss (0.9),2000000000005,2.2625,2.575,0.65,0.5875,0.4375
0,GTFT(0.1),0.0,common_field,Joss (0.9),2000000000006,2.325,2.5125,0.5875,0.55,0.2875
0,GTFT(0.1),0.0,common_field,Joss (0.9),2000000000007,2.175,2.3,0.575,0.55,0.45
0,GTFT(0.1),0.0,common_field,Joss (0.9),2000000000008,2.575,2.825,0.725,0.675,0.4
0,GTFT(0.1),0.0,common_field,Joss (0.9),2000000000009,1.8,2.1125,0.4,0.3375,0.15
0,GTFT(0.1),0.0,common_field,Joss (0.9),2000000000010,2.7125,2.8375,0.8125,0.7875,0.625
0,GTFT(0.1),0.0,common_field,Joss (0.9),2000000000011,2.5875,2.65,0.625,0.6125,0.2375
0,GTFT(0.1),0.0,common_field,Joss (0.9),2000000000012,2.725,2.9125,0.8625,0.825,0.7125
0,GTFT(0.1),0.0,common_field,Joss (0.9),2000000000013,2.7,3.0125,0.8875,0.825,0.7125
0,GTFT(0.1),0.0,common_field,Joss (0.9),2000000000014,2.5,2.9375,0.8125,0.725,0.5875
0,GTFT(0.1),0.0,common_field,Joss (0.9),2000000000015,2.0125,2.3875,0.575,0.5,0.4125
0,GTFT(0.1),0.0,common_field,Joss (0.9),2000000000016,2.25,2.6875,0.625,0.5375,0.275
0,GTFT(0.1),0.0,common_field,Joss (0.9),2000000000017,1.4875,1.6125,0.2125,0.1875,0.05
0,GTFT(0.1),0.0,common_field,Joss (0.9),2000000000018,2.3875,2.575,0.625,0.5875,0.3375
0,GTFT(0.1),0.0,common_field,Joss (0.9),2000000000019,2.4375,2.5625,0.6125,0.5875,0.3
0,GTFT(0.1),0.0,common_field,Random (0.5),2000000000000,2.1375,2.575,0.575,0.4875,0.2375
0,GTFT(0.1),0.0,common_field,Random (0.5),2000000000001,1.9875,2.175,0.45,0.4125,0.2125
0,GTFT(0.1),0.0,common_field,Random (0.5),2000000000002,2.1375,2.2625,0.4875,0.4625,0.225
0,GTFT(0.1),0.0,common_field,Random (0.5),2000000000003,1.9625,2.2125,0.45,0.4,0.1875
0,GTFT(0.1),0.0,common_field,Random (0.5),2000000000004,2.15,2.3375,0.5,0.4625,0.2
0,GTFT(0.1),0.0,common_field,Random (0.5),2000000000005,1.9625,2.3375,0.475,0.4,0.1625
0,GTFT(0.1),0.0,common_field,Random (0.5),2000000000006,2.35,2.475,0.6,0.575,0.35
0,GTFT(0.1),0.0,common_field,Random (0.5),2000000000007,2.2625,2.325,0.5375,0.525,0.3
0,GTFT(0.1),0.0,common_field,Random (0.5),2000000000008,2.0625,2.4375,0.5125,0.4375,0.175
0,GTFT(0.1),0.0,common_field,Random (0.5),2000000000009,2.1875,2.5625,0.575,0.5,0.2375
0,GTFT(0.1),0.0,common_field,Random (0.5),2000000000010,2.2625,2.3875,0.55,0.525,0.2875
0,GTFT(0.1),0.0,common_field,Random (0.5),2000000000011,2.475,2.6,0.625,0.6,0.3
0,GTFT(0.1),0.0,common_field,Random (0.5),2000000000012,2.3375,2.4625,0.5875,0.5625,0.325
0,GTFT(0.1),0.0,common_field,Random (0.5),2000000000013,2.2,2.6375,0.6125,0.525,0.2875
0,GTFT(0.1),0.0,common_field,Random (0.5),2000000000014,2.2125,2.525,0.6,0.5375,0.3375
0,GTFT(0.1),0.0,common_field,Random (0.5),2000000000015,2.175,2.55,0.6,0.525,0.325
0,GTFT(0.1),0.0,common_field,Random (0.5),2000000000016,2.0375,2.4125,0.5125,0.4375,0.2
0,GTFT(0.1),0.0,common_field,Random (0.5),2000000000017,2.4,2.525,0.6125,0.5875,0.3375
0,GTFT(0.1),0.0,common_field,Random (0.5),2000000000018,2.1125,2.3,0.475,0.4375,0.1625
0,GTFT(0.1),0.0,common_field,Random (0.5),2000000000019,2.225,2.4125,0.5625,0.525,0.3125
0,GTFT(0.1),0.0,common_field,Tester,2000000000000,0.875,1.625,0.1625,0.0125,0.0125
0,GTFT(0.1),0.0,common_field,Tester,2000000000001,0.95,1.325,0.0875,0.0125,0.0125
0,GTFT(0.1),0.0,common_field,Tester,2000000000002,0.9625,1.275,0.075,0.0125,0.0125
0,GTFT(0.1),0.0,common_field,Tester,2000000000003,0.9,1.525,0.1375,0.0125,0.0125
0,GTFT(0.1),0.0,common_field,Tester,2000000000004,0.9375,1.375,0.1,0.0125,0.0125
0,GTFT(0.1),0.0,common_field,Tester,2000000000005,0.9125,1.475,0.125,0.0125,0.0125
0,GTFT(0.1),0.0,common_field,Tester,2000000000006,0.9625,1.275,0.075,0.0125,0.0125
0,GTFT(0.1),0.0,common_field,Tester,2000000000007,0.9625,1.275,0.075,0.0125,0.0125
0,GTFT(0.1),0.0,common_field,Tester,2000000000008,0.875,1.625,0.1625,0.0125,0.0125
0,GTFT(0.1),0.0,common_field,Tester,2000000000009,0.925,1.425,0.1125,0.0125,0.0125
0,GTFT(0.1),0.0,common_field,Tester,2000000000010,0.9,1.525,0.1375,0.0125,0.0125
0,GTFT(0.1),0.0,common_field,Tester,2000000000011,0.9375,1.375,0.1,0.0125,0.0125
0,GTFT(0.1),0.0,common_field,Tester,2000000000012,0.95,1.325,0.0875,0.0125,0.0125
0,GTFT(0.1),0.0,common_field,Tester,2000000000013,0.85,1.725,0.1875,0.0125,0.0125
0,GTFT(0.1),0.0,common_field,Tester,2000000000014,0.8875,1.575,0.15,0.0125,0.0125
0,GTFT(0.1),0.0,common_field,Tester,2000000000015,0.9,1.525,0.1375,0.0125,0.0125
0,GTFT(0.1),0.0,common_field,Tester,2000000000016,0.8375,1.775,0.2,0.0125,0.0125
0,GTFT(0.1),0.0,common_field,Tester,2000000000017,0.975,1.225,0.0625,0.0125,0.0125
0,GTFT(0.1),0.0,common_field,Tester,2000000000018,0.9375,1.375,0.1,0.0125,0.0125
0,GTFT(0.1),0.0,common_field,Tester,2000000000019,0.925,1.425,0.1125,0.0125,0.0125
0,GTFT(0.1),0.0,common_field,Pavlov (Win-Stay Lose-Shift),2000000000000,3.0,3.0,1.0,1.0,1.0
0,GTFT(0.1),0.0,common_field,Pavlov (Win-Stay Lose-Shift),2000000000001,3.0,3.0,1.0,1.0,1.0
0,GTFT(0.1),0.0,common_field,Pavlov (Win-Stay Lose-Shift),2000000000002,3.0,3.0,1.0,1.0,1.0
0,GTFT(0.1),0.0,common_field,Pavlov (Win-Stay Lose-Shift),2000000000003,3.0,3.0,1.0,1.0,1.0
0,GTFT(0.1),0.0,common_field,Pavlov (Win-Stay Lose-Shift),2000000000004,3.0,3.0,1.0,1.0,1.0
0,GTFT(0.1),0.0,common_field,Pavlov (Win-Stay Lose-Shift),2000000000005,3.0,3.0,1.0,1.0,1.0
0,GTFT(0.1),0.0,common_field,Pavlov (Win-Stay Lose-Shift),2000000000006,3.0,3.0,1.0,1.0,1.0
0,GTFT(0.1),0.0,common_field,Pavlov (Win-Stay Lose-Shift),2000000000007,3.0,3.0,1.0,1.0,1.0
0,GTFT(0.1),0.0,common_field,Pavlov (Win-Stay Lose-Shift),2000000000008,3.0,3.0,1.0,1.0,1.0
0,GTFT(0.1),0.0,common_field,Pavlov (Win-Stay Lose-Shift),2000000000009,3.0,3.0,1.0,1.0,1.0
0,GTFT(0.1),0.0,common_field,Pavlov (Win-Stay Lose-Shift),2000000000010,3.0,3.0,1.0,1.0,1.0
0,GTFT(0.1),0.0,common_field,Pavlov (Win-Stay Lose-Shift),2000000000011,3.0,3.0,1.0,1.0,1.0
0,GTFT(0.1),0.0,common_field,Pavlov (Win-Stay Lose-Shift),2000000000012,3.0,3.0,1.0,1.0,1.0
0,GTFT(0.1),0.0,common_field,Pavlov (Win-Stay Lose-Shift),2000000000013,3.0,3.0,1.0,1.0,1.0
0,GTFT(0.1),0.0,common_field,Pavlov (Win-Stay Lose-Shift),2000000000014,3.0,3.0,1.0,1.0,1.0
0,GTFT(0.1),0.0,common_field,Pavlov (Win-Stay Lose-Shift),2000000000015,3.0,3.0,1.0,1.0,1.0
0,GTFT(0.1),0.0,common_field,Pavlov (Win-Stay Lose-Shift),2000000000016,3.0,3.0,1.0,1.0,1.0
0,GTFT(0.1),0.0,common_field,Pavlov (Win-Stay Lose-Shift),2000000000017,3.0,3.0,1.0,1.0,1.0
0,GTFT(0.1),0.0,common_field,Pavlov (Win-Stay Lose-Shift),2000000000018,3.0,3.0,1.0,1.0,1.0
0,GTFT(0.1),0.0,common_field,Pavlov (Win-Stay Lose-Shift),2000000000019,3.0,3.0,1.0,1.0,1.0
0,GTFT(0.1),0.0,ALLC,Memory-1(ALLC),2000000000000,3.0,3.0,1.0,1.0,1.0
0,GTFT(0.1),0.0,ALLC,Memory-1(ALLC),2000000000001,3.0,3.0,1.0,1.0,1.0
0,GTFT(0.1),0.0,ALLC,Memory-1(ALLC),2000000000002,3.0,3.0,1.0,1.0,1.0
0,GTFT(0.1),0.0,ALLC,Memory-1(ALLC),2000000000003,3.0,3.0,1.0,1.0,1.0
0,GTFT(0.1),0.0,ALLC,Memory-1(ALLC),2000000000004,3.0,3.0,1.0,1.0,1.0
0,GTFT(0.1),0.0,ALLC,Memory-1(ALLC),2000000000005,3.0,3.0,1.0,1.0,1.0
0,GTFT(0.1),0.0,ALLC,Memory-1(ALLC),2000000000006,3.0,3.0,1.0,1.0,1.0
0,GTFT(0.1),0.0,ALLC,Memory-1(ALLC),2000000000007,3.0,3.0,1.0,1.0,1.0
0,GTFT(0.1),0.0,ALLC,Memory-1(ALLC),2000000000008,3.0,3.0,1.0,1.0,1.0
0,GTFT(0.1),0.0,ALLC,Memory-1(ALLC),2000000000009,3.0,3.0,1.0,1.0,1.0
0,GTFT(0.1),0.0,ALLC,Memory-1(ALLC),2000000000010,3.0,3.0,1.0,1.0,1.0
0,GTFT(0.1),0.0,ALLC,Memory-1(ALLC),2000000000011,3.0,3.0,1.0,1.0,1.0
0,GTFT(0.1),0.0,ALLC,Memory-1(ALLC),2000000000012,3.0,3.0,1.0,1.0,1.0
0,GTFT(0.1),0.0,ALLC,Memory-1(ALLC),2000000000013,3.0,3.0,1.0,1.0,1.0
0,GTFT(0.1),0.0,ALLC,Memory-1(ALLC),2000000000014,3.0,3.0,1.0,1.0,1.0
0,GTFT(0.1),0.0,ALLC,Memory-1(ALLC),2000000000015,3.0,3.0,1.0,1.0,1.0
0,GTFT(0.1),0.0,ALLC,Memory-1(ALLC),2000000000016,3.0,3.0,1.0,1.0,1.0
0,GTFT(0.1),0.0,ALLC,Memory-1(ALLC),2000000000017,3.0,3.0,1.0,1.0,1.0
0,GTFT(0.1),0.0,ALLC,Memory-1(ALLC),2000000000018,3.0,3.0,1.0,1.0,1.0
0,GTFT(0.1),0.0,ALLC,Memory-1(ALLC),2000000000019,3.0,3.0,1.0,1.0,1.0
0,GTFT(0.1),0.0,self,Memory-1(GTFT 0.1),2000000000000,3.0,3.0,1.0,1.0,1.0
0,GTFT(0.1),0.0,self,Memory-1(GTFT 0.1),2000000000001,3.0,3.0,1.0,1.0,1.0
0,GTFT(0.1),0.0,self,Memory-1(GTFT 0.1),2000000000002,3.0,3.0,1.0,1.0,1.0
0,GTFT(0.1),0.0,self,Memory-1(GTFT 0.1),2000000000003,3.0,3.0,1.0,1.0,1.0
0,GTFT(0.1),0.0,self,Memory-1(GTFT 0.1),2000000000004,3.0,3.0,1.0,1.0,1.0
0,GTFT(0.1),0.0,self,Memory-1(GTFT 0.1),2000000000005,3.0,3.0,1.0,1.0,1.0
0,GTFT(0.1),0.0,self,Memory-1(GTFT 0.1),2000000000006,3.0,3.0,1.0,1.0,1.0
0,GTFT(0.1),0.0,self,Memory-1(GTFT 0.1),2000000000007,3.0,3.0,1.0,1.0,1.0
0,GTFT(0.1),0.0,self,Memory-1(GTFT 0.1),2000000000008,3.0,3.0,1.0,1.0,1.0
0,GTFT(0.1),0.0,self,Memory-1(GTFT 0.1),2000000000009,3.0,3.0,1.0,1.0,1.0
0,GTFT(0.1),0.0,self,Memory-1(GTFT 0.1),2000000000010,3.0,3.0,1.0,1.0,1.0
0,GTFT(0.1),0.0,self,Memory-1(GTFT 0.1),2000000000011,3.0,3.0,1.0,1.0,1.0
0,GTFT(0.1),0.0,self,Memory-1(GTFT 0.1),2000000000012,3.0,3.0,1.0,1.0,1.0
0,GTFT(0.1),0.0,self,Memory-1(GTFT 0.1),2000000000013,3.0,3.0,1.0,1.0,1.0
0,GTFT(0.1),0.0,self,Memory-1(GTFT 0.1),2000000000014,3.0,3.0,1.0,1.0,1.0
0,GTFT(0.1),0.0,self,Memory-1(GTFT 0.1),2000000000015,3.0,3.0,1.0,1.0,1.0
0,GTFT(0.1),0.0,self,Memory-1(GTFT 0.1),2000000000016,3.0,3.0,1.0,1.0,1.0
0,GTFT(0.1),0.0,self,Memory-1(GTFT 0.1),2000000000017,3.0,3.0,1.0,1.0,1.0
0,GTFT(0.1),0.0,self,Memory-1(GTFT 0.1),2000000000018,3.0,3.0,1.0,1.0,1.0
0,GTFT(0.1),0.0,self,Memory-1(GTFT 0.1),2000000000019,3.0,3.0,1.0,1.0,1.0
0,GTFT(0.1),0.05,common_field,Tit For Tat,2000000000000,2.6125,2.6125,0.6125,0.6125,0.225
0,GTFT(0.1),0.05,common_field,Tit For Tat,2000000000001,2.6125,2.675,0.725,0.7125,0.5125
0,GTFT(0.1),0.05,common_field,Tit For Tat,2000000000002,2.775,2.9,0.85,0.825,0.675
0,GTFT(0.1),0.05,common_field,Tit For Tat,2000000000003,2.7625,2.7625,0.7625,0.7625,0.525
0,GTFT(0.1),0.05,common_field,Tit For Tat,2000000000004,2.225,2.35,0.5125,0.4875,0.2125
0,GTFT(0.1),0.05,common_field,Tit For Tat,2000000000005,2.4875,2.6125,0.65,0.625,0.3625
0,GTFT(0.1),0.05,common_field,Tit For Tat,2000000000006,2.725,2.6625,0.6875,0.7,0.3875
0,GTFT(0.1),0.05,common_field,Tit For Tat,2000000000007,2.55,2.6125,0.65,0.6375,0.35
0,GTFT(0.1),0.05,common_field,Tit For Tat,2000000000008,2.3875,2.5125,0.65,0.625,0.4625
0,GTFT(0.1),0.05,common_field,Tit For Tat,2000000000009,2.4,2.5875,0.6375,0.6,0.3625
0,GTFT(0.1),0.05,common_field,Tit For Tat,2000000000010,2.525,2.5875,0.6,0.5875,0.225
0,GTFT(0.1),0.05,common_field,Tit For Tat,2000000000011,2.65,2.775,0.825,0.8,0.725
0,GTFT(0.1),0.05,common_field,Tit For Tat,2000000000012,2.425,2.425,0.5625,0.5625,0.2625
0,GTFT(0.1),0.05,common_field,Tit For Tat,2000000000013,2.625,2.75,0.725,0.7,0.45
0,GTFT(0.1),0.05,common_field,Tit For Tat,2000000000014,2.575,2.7,0.775,0.75,0.65
0,GTFT(0.1),0.05,common_field,Tit For Tat,2000000000015,2.1,2.1,0.4625,0.4625,0.2875
0,GTFT(0.1),0.05,common_field,Tit For Tat,2000000000016,2.825,2.8875,0.8625,0.85,0.7125
0,GTFT(0.1),0.05,common_field,Tit For Tat,2000000000017,2.625,2.6875,0.6625,0.65,0.3125
0,GTFT(0.1),0.05,common_field,Tit For Tat,2000000000018,2.4125,2.6625,0.6125,0.5625,0.225
0,GTFT(0.1),0.05,common_field,Tit For Tat,2000000000019,2.8125,2.8125,0.8125,0.8125,0.625
0,GTFT(0.1),0.05,common_field,Always Defect,2000000000000,0.9625,1.525,0.1375,0.025,0.0
0,GTFT(0.1),0.05,common_field,Always Defect,2000000000001,0.8875,1.575,0.15,0.0125,0.0125
0,GTFT(0.1),0.05,common_field,Always Defect,2000000000002,1.1125,1.3,0.0875,0.05,0.0
0,GTFT(0.1),0.05,common_field,Always Defect,2000000000003,0.9125,1.85,0.225,0.0375,0.0125
0,GTFT(0.1),0.05,common_field,Always Defect,2000000000004,0.9375,1.625,0.1625,0.025,0.0
0,GTFT(0.1),0.05,common_field,Always Defect,2000000000005,0.9125,1.6625,0.175,0.025,0.0125
0,GTFT(0.1),0.05,common_field,Always Defect,2000000000006,0.9875,1.3625,0.1,0.025,0.0125
0,GTFT(0.1),0.05,common_field,Always Defect,2000000000007,0.9625,1.7125,0.1875,0.0375,0.0
0,GTFT(0.1),0.05,common_field,Always Defect,2000000000008,1.0125,1.7,0.1875,0.05,0.0
0,GTFT(0.1),0.05,common_field,Always Defect,2000000000009,0.9375,1.8125,0.2125,0.0375,0.0
0,GTFT(0.1),0.05,common_field,Always Defect,2000000000010,1.0375,1.5375,0.15,0.05,0.0125
0,GTFT(0.1),0.05,common_field,Always Defect,2000000000011,0.9375,1.625,0.1625,0.025,0.0
0,GTFT(0.1),0.05,common_field,Always Defect,2000000000012,1.175,1.4875,0.15,0.0875,0.025
0,GTFT(0.1),0.05,common_field,Always Defect,2000000000013,0.9375,1.9375,0.25,0.05,0.0125
0,GTFT(0.1),0.05,common_field,Always Defect,2000000000014,0.8625,1.925,0.2375,0.025,0.0
0,GTFT(0.1),0.05,common_field,Always Defect,2000000000015,1.05,1.675,0.1875,0.0625,0.0125
0,GTFT(0.1),0.05,common_field,Always Defect,2000000000016,0.8625,1.7375,0.1875,0.0125,0.0
0,GTFT(0.1),0.05,common_field,Always Defect,2000000000017,0.9125,1.5375,0.1375,0.0125,0.0
0,GTFT(0.1),0.05,common_field,Always Defect,2000000000018,1.05,1.55,0.15,0.05,0.0
0,GTFT(0.1),0.05,common_field,Always Defect,2000000000019,1.0875,1.7125,0.2,0.075,0.0125
0,GTFT(0.1),0.05,common_field,Grudger,2000000000000,1.225,1.725,0.25,0.15,0.125
0,GTFT(0.1),0.05,common_field,Grudger,2000000000001,0.9,1.5875,0.15,0.0125,0.0
0,GTFT(0.1),0.05,common_field,Grudger,2000000000002,2.3,2.4875,0.6875,0.65,0.6125
0,GTFT(0.1),0.05,common_field,Grudger,2000000000003,0.975,1.7875,0.2125,0.05,0.0125
0,GTFT(0.1),0.05,common_field,Grudger,2000000000004,0.975,1.6625,0.175,0.0375,0.0
0,GTFT(0.1),0.05,common_field,Grudger,2000000000005,1.1375,1.7,0.225,0.1125,0.0875
0,GTFT(0.1),0.05,common_field,Grudger,2000000000006,1.0,1.375,0.1,0.025,0.0
0,GTFT(0.1),0.05,common_field,Grudger,2000000000007,1.175,1.8625,0.275,0.1375,0.1
0,GTFT(0.1),0.05,common_field,Grudger,2000000000008,1.075,1.7,0.2,0.075,0.025
0,GTFT(0.1),0.05,common_field,Grudger,2000000000009,1.2625,2.0125,0.3375,0.1875,0.15
0,GTFT(0.1),0.05,common_field,Grudger,2000000000010,1.25,1.6875,0.2375,0.15,0.1125
0,GTFT(0.1),0.05,common_field,Grudger,2000000000011,1.6,1.975,0.4,0.325,0.3
0,GTFT(0.1),0.05,common_field,Grudger,2000000000012,1.3,1.6125,0.2125,0.15,0.0875
0,GTFT(0.1),0.05,common_field,Grudger,2000000000013,1.05,1.925,0.2625,0.0875,0.0375
0,GTFT(0.1),0.05,common_field,Grudger,2000000000014,1.725,2.4125,0.55,0.4125,0.375
0,GTFT(0.1),0.05,common_field,Grudger,2000000000015,1.1125,1.675,0.2,0.0875,0.0375
0,GTFT(0.1),0.05,common_field,Grudger,2000000000016,1.8375,2.2125,0.525,0.45,0.4375
0,GTFT(0.1),0.05,common_field,Grudger,2000000000017,1.075,1.575,0.175,0.075,0.05
0,GTFT(0.1),0.05,common_field,Grudger,2000000000018,1.25,1.75,0.25,0.15,0.1
0,GTFT(0.1),0.05,common_field,Grudger,2000000000019,1.275,1.8375,0.275,0.1625,0.1
0,GTFT(0.1),0.05,common_field,Joss (0.9),2000000000000,2.0,2.3125,0.4875,0.425,0.2125
0,GTFT(0.1),0.05,common_field,Joss (0.9),2000000000001,1.9625,2.275,0.4625,0.4,0.175
0,GTFT(0.1),0.05,common_field,Joss (0.9),2000000000002,2.45,2.7,0.65,0.6,0.3
0,GTFT(0.1),0.05,common_field,Joss (0.9),2000000000003,2.35,2.6625,0.65,0.5875,0.35
0,GTFT(0.1),0.05,common_field,Joss (0.9),2000000000004,2.2,2.2625,0.475,0.4625,0.175
0,GTFT(0.1),0.05,common_field,Joss (0.9),2000000000005,1.9625,2.4625,0.5625,0.4625,0.325
0,GTFT(0.1),0.05,common_field,Joss (0.9),2000000000006,1.85,1.85,0.3,0.3,0.05
0,GTFT(0.1),0.05,common_field,Joss (0.9),2000000000007,1.925,2.2375,0.4125,0.35,0.0625
0,GTFT(0.1),0.05,common_field,Joss (0.9),2000000000008,2.2125,2.5875,0.6375,0.5625,0.4
0,GTFT(0.1),0.05,common_field,Joss (0.9),2000000000009,2.35,2.7875,0.7,0.6125,0.4
0,GTFT(0.1),0.05,common_field,Joss (0.9),2000000000010,2.6125,2.7375,0.75,0.725,0.5375
0,GTFT(0.1),0.05,common_field,Joss (0.9),2000000000011,2.1625,2.4125,0.5375,0.4875,0.25
0,GTFT(0.1),0.05,common_field,Joss (0.9),2000000000012,2.2875,2.4125,0.5375,0.5125,0.225
0,GTFT(0.1),0.05,common_field,Joss (0.9),2000000000013,2.0875,2.4,0.525,0.4625,0.2375
0,GTFT(0.1),0.05,common_field,Joss (0.9),2000000000014,2.3375,2.7125,0.675,0.6,0.3875
0,GTFT(0.1),0.05,common_field,Joss (0.9),2000000000015,1.5875,1.775,0.25,0.2125,0.0125
0,GTFT(0.1),0.05,common_field,Joss (0.9),2000000000016,2.6375,2.825,0.7625,0.725,0.5
0,GTFT(0.1),0.05,common_field,Joss (0.9),2000000000017,2.3375,2.65,0.6,0.5375,0.2125
0,GTFT(0.1),0.05,common_field,Joss (0.9),2000000000018,2.4625,2.4625,0.5875,0.5875,0.3
0,GTFT(0.1),0.05,common_field,Joss (0.9),2000000000019,2.475,2.6625,0.6375,0.6,0.2875
0,GTFT(0.1),0.05,common_field,Random (0.5),2000000000000,2.0375,2.2875,0.4875,0.4375,0.225
0,GTFT(0.1),0.05,common_field,Random (0.5),2000000000001,1.925,2.175,0.4375,0.3875,0.1875
0,GTFT(0.1),0.05,common_field,Random (0.5),2000000000002,2.3125,2.25,0.5,0.5125,0.2375
0,GTFT(0.1),0.05,common_field,Random (0.5),2000000000003,2.175,2.3625,0.525,0.4875,0.25
0,GTFT(0.1),0.05,common_field,Random (0.5),2000000000004,2.05,2.2375,0.4625,0.425,0.1875
0,GTFT(0.1),0.05,common_field,Random (0.5),2000000000005,1.9625,2.3375,0.4875,0.4125,0.2
0,GTFT(0.1),0.05,common_field,Random (0.5),2000000000006,2.4125,2.5375,0.6,0.575,0.2875
0,GTFT(0.1),0.05,common_field,Random (0.5),2000000000007,2.1125,2.3625,0.55,0.5,0.3375
0,GTFT(0.1),0.05,common_field,Random (0.5),2000000000008,2.0125,2.45,0.525,0.4375,0.2125
0,GTFT(0.1),0.05,common_field,Random (0.5),2000000000009,2.15,2.65,0.6125,0.5125,0.2875
0,GTFT(0.1),0.05,common_field,Random (0.5),2000000000010,2.4375,2.4375,0.6,0.6,0.3625
0,GTFT(0.1),0.05,common_field,Random (0.5),2000000000011,2.2125,2.4625,0.5625,0.5125,0.275
0,GTFT(0.1),0.05,common_field,Random (0.5),2000000000012,2.5125,2.45,0.6125,0.625,0.375
0,GTFT(0.1),0.05,common_field,Random (0.5),2000000000013,2.0625,2.4375,0.5375,0.4625,0.25
0,GTFT(0.1),0.05,common_field,Random (0.5),2000000000014,2.45,2.5125,0.625,0.6125,0.375
0,GTFT(0.1),0.05,common_field,Random (0.5),2000000000015,2.1875,2.5,0.5875,0.525,0.325
0,GTFT(0.1),0.05,common_field,Random (0.5),2000000000016,2.15,2.775,0.6625,0.5375,0.3375
0,GTFT(0.1),0.05,common_field,Random (0.5),2000000000017,2.2125,2.4625,0.5875,0.5375,0.35
0,GTFT(0.1),0.05,common_field,Random (0.5),2000000000018,2.3375,2.3375,0.5375,0.5375,0.275
0,GTFT(0.1),0.05,common_field,Random (0.5),2000000000019,2.3875,2.45,0.575,0.5625,0.2875
0,GTFT(0.1),0.05,common_field,Tester,2000000000000,0.9875,1.55,0.15,0.0375,0.0125
0,GTFT(0.1),0.05,common_field,Tester,2000000000001,2.275,2.3375,0.5,0.4875,0.175
0,GTFT(0.1),0.05,common_field,Tester,2000000000002,1.15,1.275,0.0875,0.0625,0.0125
0,GTFT(0.1),0.05,common_field,Tester,2000000000003,0.95,1.825,0.225,0.05,0.025
0,GTFT(0.1),0.05,common_field,Tester,2000000000004,0.975,1.6625,0.175,0.0375,0.0
0,GTFT(0.1),0.05,common_field,Tester,2000000000005,0.95,1.6375,0.175,0.0375,0.025
0,GTFT(0.1),0.05,common_field,Tester,2000000000006,1.7,1.7625,0.25,0.2375,0.0
0,GTFT(0.1),0.05,common_field,Tester,2000000000007,0.9875,1.7375,0.2,0.05,0.0125
0,GTFT(0.1),0.05,common_field,Tester,2000000000008,1.0375,1.725,0.2,0.0625,0.0125
0,GTFT(0.1),0.05,common_field,Tester,2000000000009,0.975,1.7875,0.2125,0.05,0.0125
0,GTFT(0.1),0.05,common_field,Tester,2000000000010,1.0625,1.5625,0.1625,0.0625,0.025
0,GTFT(0.1),0.05,common_field,Tester,2000000000011,0.9625,1.65,0.175,0.0375,0.0125
0,GTFT(0.1),0.05,common_field,Tester,2000000000012,1.2,1.5125,0.1625,0.1,0.0375
0,GTFT(0.1),0.05,common_field,Tester,2000000000013,0.9625,1.9625,0.2625,0.0625,0.025
0,GTFT(0.1),0.05,common_field,Tester,2000000000014,0.8875,1.95,0.25,0.0375,0.0125
0,GTFT(0.1),0.05,common_field,Tester,2000000000015,1.0875,1.65,0.1875,0.075,0.025
0,GTFT(0.1),0.05,common_field,Tester,2000000000016,0.9,1.7125,0.1875,0.025,0.0125
0,GTFT(0.1),0.05,common_field,Tester,2000000000017,0.9375,1.5625,0.15,0.025,0.0125
0,GTFT(0.1),0.05,common_field,Tester,2000000000018,1.075,1.575,0.1625,0.0625,0.0125
0,GTFT(0.1),0.05,common_field,Tester,2000000000019,1.1125,1.7375,0.2125,0.0875,0.025
0,GTFT(0.1),0.05,common_field,Pavlov (Win-Stay Lose-Shift),2000000000000,2.225,2.4125,0.5625,0.525,0.3125
0,GTFT(0.1),0.05,common_field,Pavlov (Win-Stay Lose-Shift),2000000000001,2.475,2.6625,0.725,0.6875,0.55
0,GTFT(0.1),0.05,common_field,Pavlov (Win-Stay Lose-Shift),2000000000002,2.3,2.425,0.6,0.575,0.4
0,GTFT(0.1),0.05,common_field,Pavlov (Win-Stay Lose-Shift),2000000000003,2.125,2.6875,0.65,0.5375,0.375
0,GTFT(0.1),0.05,common_field,Pavlov (Win-Stay Lose-Shift),2000000000004,2.3375,2.4625,0.6,0.575,0.3625
0,GTFT(0.1),0.05,common_field,Pavlov (Win-Stay Lose-Shift),2000000000005,2.625,2.625,0.75,0.75,0.625
0,GTFT(0.1),0.05,common_field,Pavlov (Win-Stay Lose-Shift),2000000000006,2.1625,2.1625,0.45,0.45,0.1875
0,GTFT(0.1),0.05,common_field,Pavlov (Win-Stay Lose-Shift),2000000000007,2.525,2.5875,0.7125,0.7,0.5625
0,GTFT(0.1),0.05,common_field,Pavlov (Win-Stay Lose-Shift),2000000000008,2.3375,2.4625,0.6125,0.5875,0.4
0,GTFT(0.1),0.05,common_field,Pavlov (Win-Stay Lose-Shift),2000000000009,2.3375,2.525,0.6375,0.6,0.425
0,GTFT(0.1),0.05,common_field,Pavlov (Win-Stay Lose-Shift),2000000000010,2.3,2.7375,0.7125,0.625,0.4875
0,GTFT(0.1),0.05,common_field,Pavlov (Win-Stay Lose-Shift),2000000000011,2.6,2.725,0.7875,0.7625,0.6625
0,GTFT(0.1),0.05,common_field,Pavlov (Win-Stay Lose-Shift),2000000000012,2.025,2.15,0.4,0.375,0.075
0,GTFT(0.1),0.05,common_field,Pavlov (Win-Stay Lose-Shift),2000000000013,2.1,2.35,0.5,0.45,0.2
0,GTFT(0.1),0.05,common_field,Pavlov (Win-Stay Lose-Shift),2000000000014,2.4625,2.775,0.7625,0.7,0.575
0,GTFT(0.1),0.05,common_field,Pavlov (Win-Stay Lose-Shift),2000000000015,2.0875,2.4,0.525,0.4625,0.2375
0,GTFT(0.1),0.05,common_field,Pavlov (Win-Stay Lose-Shift),2000000000016,2.325,2.6375,0.675,0.6125,0.45
0,GTFT(0.1),0.05,common_field,Pavlov (Win-Stay Lose-Shift),2000000000017,2.0375,2.225,0.4375,0.4,0.125
0,GTFT(0.1),0.05,common_field,Pavlov (Win-Stay Lose-Shift),2000000000018,2.2625,2.45,0.6,0.5625,0.3875
0,GTFT(0.1),0.05,common_field,Pavlov (Win-Stay Lose-Shift),2000000000019,2.075,2.325,0.5,0.45,0.225
0,GTFT(0.1),0.05,ALLC,Memory-1(ALLC),2000000000000,2.9875,2.7375,0.8625,0.9125,0.8
0,GTFT(0.1),0.05,ALLC,Memory-1(ALLC),2000000000001,3.15,2.7125,0.9,0.9875,0.9
0,GTFT(0.1),0.05,ALLC,Memory-1(ALLC),2000000000002,2.975,2.9125,0.9375,0.95,0.8875
0,GTFT(0.1),0.05,ALLC,Memory-1(ALLC),2000000000003,2.9625,2.9,0.9375,0.95,0.9
0,GTFT(0.1),0.05,ALLC,Memory-1(ALLC),2000000000004,3.0625,2.8125,0.9125,0.9625,0.875
0,GTFT(0.1),0.05,ALLC,Memory-1(ALLC),2000000000005,3.0375,2.85,0.925,0.9625,0.8875
0,GTFT(0.1),0.05,ALLC,Memory-1(ALLC),2000000000006,3.0625,2.875,0.95,0.9875,0.9375
0,GTFT(0.1),0.05,ALLC,Memory-1(ALLC),2000000000007,3.0,2.9375,0.9625,0.975,0.9375
0,GTFT(0.1),0.05,ALLC,Memory-1(ALLC),2000000000008,3.0125,2.8875,0.9375,0.9625,0.9
0,GTFT(0.1),0.05,ALLC,Memory-1(ALLC),2000000000009,3.0375,2.85,0.925,0.9625,0.8875
0,GTFT(0.1),0.05,ALLC,Memory-1(ALLC),2000000000010,3.0375,2.85,0.925,0.9625,0.8875
0,GTFT(0.1),0.05,ALLC,Memory-1(ALLC),2000000000011,3.0375,2.85,0.925,0.9625,0.8875
0,GTFT(0.1),0.05,ALLC,Memory-1(ALLC),2000000000012,2.9875,2.8,0.875,0.9125,0.7875
0,GTFT(0.1),0.05,ALLC,Memory-1(ALLC),2000000000013,3.125,2.6875,0.8625,0.95,0.8125
0,GTFT(0.1),0.05,ALLC,Memory-1(ALLC),2000000000014,3.075,2.825,0.925,0.975,0.9
0,GTFT(0.1),0.05,ALLC,Memory-1(ALLC),2000000000015,3.0,2.875,0.9375,0.9625,0.9125
0,GTFT(0.1),0.05,ALLC,Memory-1(ALLC),2000000000016,3.0125,2.8875,0.9375,0.9625,0.9
0,GTFT(0.1),0.05,ALLC,Memory-1(ALLC),2000000000017,3.0375,2.85,0.925,0.9625,0.8875
0,GTFT(0.1),0.05,ALLC,Memory-1(ALLC),2000000000018,3.0375,2.85,0.925,0.9625,0.8875
0,GTFT(0.1),0.05,ALLC,Memory-1(ALLC),2000000000019,2.8875,2.8875,0.8875,0.8875,0.775
0,GTFT(0.1),0.05,self,Memory-1(GTFT 0.1),2000000000000,2.4375,2.3125,0.5875,0.6125,0.425
0,GTFT(0.1),0.05,self,Memory-1(GTFT 0.1),2000000000001,2.625,2.625,0.75,0.75,0.625
0,GTFT(0.1),0.05,self,Memory-1(GTFT 0.1),2000000000002,2.925,2.8625,0.8875,0.9,0.7875
0,GTFT(0.1),0.05,self,Memory-1(GTFT 0.1),2000000000003,2.9,2.9625,0.95,0.9375,0.9
0,GTFT(0.1),0.05,self,Memory-1(GTFT 0.1),2000000000004,2.8,2.6125,0.7,0.7375,0.45
0,GTFT(0.1),0.05,self,Memory-1(GTFT 0.1),2000000000005,2.5375,2.6625,0.725,0.7,0.5375
0,GTFT(0.1),0.05,self,Memory-1(GTFT 0.1),2000000000006,2.9125,2.85,0.875,0.8875,0.7625
0,GTFT(0.1),0.05,self,Memory-1(GTFT 0.1),2000000000007,2.95,2.8875,0.9125,0.925,0.8375
0,GTFT(0.1),0.05,self,Memory-1(GTFT 0.1),2000000000008,2.85,2.85,0.85,0.85,0.7
0,GTFT(0.1),0.05,self,Memory-1(GTFT 0.1),2000000000009,2.6625,2.725,0.7625,0.75,0.575
0,GTFT(0.1),0.05,self,Memory-1(GTFT 0.1),2000000000010,2.8,2.675,0.775,0.8,0.625
0,GTFT(0.1),0.05,self,Memory-1(GTFT 0.1),2000000000011,2.7375,2.8,0.8,0.7875,0.6125
0,GTFT(0.1),0.05,self,Memory-1(GTFT 0.1),2000000000012,2.575,2.575,0.6625,0.6625,0.4125
0,GTFT(0.1),0.05,self,Memory-1(GTFT 0.1),2000000000013,2.9625,2.7125,0.8125,0.8625,0.675
0,GTFT(0.1),0.05,self,Memory-1(GTFT 0.1),2000000000014,2.8375,2.8375,0.8625,0.8625,0.75
0,GTFT(0.1),0.05,self,Memory-1(GTFT 0.1),2000000000015,2.675,2.6125,0.75,0.7625,0.625
0,GTFT(0.1),0.05,self,Memory-1(GTFT 0.1),2000000000016,2.5625,2.6875,0.6625,0.6375,0.325
0,GTFT(0.1),0.05,self,Memory-1(GTFT 0.1),2000000000017,2.5875,2.5875,0.6625,0.6625,0.4
0,GTFT(0.1),0.05,self,Memory-1(GTFT 0.1),2000000000018,2.575,2.575,0.7,0.7,0.525
0,GTFT(0.1),0.05,self,Memory-1(GTFT 0.1),2000000000019,2.3875,2.575,0.675,0.6375,0.4875
0,Pavlov,0.0,common_field,Tit For Tat,2000000000000,3.0,3.0,1.0,1.0,1.0
0,Pavlov,0.0,common_field,Tit For Tat,2000000000001,3.0,3.0,1.0,1.0,1.0
0,Pavlov,0.0,common_field,Tit For Tat,2000000000002,3.0,3.0,1.0,1.0,1.0
0,Pavlov,0.0,common_field,Tit For Tat,2000000000003,3.0,3.0,1.0,1.0,1.0
0,Pavlov,0.0,common_field,Tit For Tat,2000000000004,3.0,3.0,1.0,1.0,1.0
0,Pavlov,0.0,common_field,Tit For Tat,2000000000005,3.0,3.0,1.0,1.0,1.0
0,Pavlov,0.0,common_field,Tit For Tat,2000000000006,3.0,3.0,1.0,1.0,1.0
0,Pavlov,0.0,common_field,Tit For Tat,2000000000007,3.0,3.0,1.0,1.0,1.0
0,Pavlov,0.0,common_field,Tit For Tat,2000000000008,3.0,3.0,1.0,1.0,1.0
0,Pavlov,0.0,common_field,Tit For Tat,2000000000009,3.0,3.0,1.0,1.0,1.0
0,Pavlov,0.0,common_field,Tit For Tat,2000000000010,3.0,3.0,1.0,1.0,1.0
0,Pavlov,0.0,common_field,Tit For Tat,2000000000011,3.0,3.0,1.0,1.0,1.0
0,Pavlov,0.0,common_field,Tit For Tat,2000000000012,3.0,3.0,1.0,1.0,1.0
0,Pavlov,0.0,common_field,Tit For Tat,2000000000013,3.0,3.0,1.0,1.0,1.0
0,Pavlov,0.0,common_field,Tit For Tat,2000000000014,3.0,3.0,1.0,1.0,1.0
0,Pavlov,0.0,common_field,Tit For Tat,2000000000015,3.0,3.0,1.0,1.0,1.0
0,Pavlov,0.0,common_field,Tit For Tat,2000000000016,3.0,3.0,1.0,1.0,1.0
0,Pavlov,0.0,common_field,Tit For Tat,2000000000017,3.0,3.0,1.0,1.0,1.0
0,Pavlov,0.0,common_field,Tit For Tat,2000000000018,3.0,3.0,1.0,1.0,1.0
0,Pavlov,0.0,common_field,Tit For Tat,2000000000019,3.0,3.0,1.0,1.0,1.0
0,Pavlov,0.0,common_field,Always Defect,2000000000000,0.5,3.0,0.5,0.0,0.0
0,Pavlov,0.0,common_field,Always Defect,2000000000001,0.5,3.0,0.5,0.0,0.0
0,Pavlov,0.0,common_field,Always Defect,2000000000002,0.5,3.0,0.5,0.0,0.0
0,Pavlov,0.0,common_field,Always Defect,2000000000003,0.5,3.0,0.5,0.0,0.0
0,Pavlov,0.0,common_field,Always Defect,2000000000004,0.5,3.0,0.5,0.0,0.0
0,Pavlov,0.0,common_field,Always Defect,2000000000005,0.5,3.0,0.5,0.0,0.0
0,Pavlov,0.0,common_field,Always Defect,2000000000006,0.5,3.0,0.5,0.0,0.0
0,Pavlov,0.0,common_field,Always Defect,2000000000007,0.5,3.0,0.5,0.0,0.0
0,Pavlov,0.0,common_field,Always Defect,2000000000008,0.5,3.0,0.5,0.0,0.0
0,Pavlov,0.0,common_field,Always Defect,2000000000009,0.5,3.0,0.5,0.0,0.0
0,Pavlov,0.0,common_field,Always Defect,2000000000010,0.5,3.0,0.5,0.0,0.0
0,Pavlov,0.0,common_field,Always Defect,2000000000011,0.5,3.0,0.5,0.0,0.0
0,Pavlov,0.0,common_field,Always Defect,2000000000012,0.5,3.0,0.5,0.0,0.0
0,Pavlov,0.0,common_field,Always Defect,2000000000013,0.5,3.0,0.5,0.0,0.0
0,Pavlov,0.0,common_field,Always Defect,2000000000014,0.5,3.0,0.5,0.0,0.0
0,Pavlov,0.0,common_field,Always Defect,2000000000015,0.5,3.0,0.5,0.0,0.0
0,Pavlov,0.0,common_field,Always Defect,2000000000016,0.5,3.0,0.5,0.0,0.0
0,Pavlov,0.0,common_field,Always Defect,2000000000017,0.5,3.0,0.5,0.0,0.0
0,Pavlov,0.0,common_field,Always Defect,2000000000018,0.5,3.0,0.5,0.0,0.0
0,Pavlov,0.0,common_field,Always Defect,2000000000019,0.5,3.0,0.5,0.0,0.0
0,Pavlov,0.0,common_field,Grudger,2000000000000,3.0,3.0,1.0,1.0,1.0
0,Pavlov,0.0,common_field,Grudger,2000000000001,3.0,3.0,1.0,1.0,1.0
0,Pavlov,0.0,common_field,Grudger,2000000000002,3.0,3.0,1.0,1.0,1.0
0,Pavlov,0.0,common_field,Grudger,2000000000003,3.0,3.0,1.0,1.0,1.0
0,Pavlov,0.0,common_field,Grudger,2000000000004,3.0,3.0,1.0,1.0,1.0
0,Pavlov,0.0,common_field,Grudger,2000000000005,3.0,3.0,1.0,1.0,1.0
0,Pavlov,0.0,common_field,Grudger,2000000000006,3.0,3.0,1.0,1.0,1.0
0,Pavlov,0.0,common_field,Grudger,2000000000007,3.0,3.0,1.0,1.0,1.0
0,Pavlov,0.0,common_field,Grudger,2000000000008,3.0,3.0,1.0,1.0,1.0
0,Pavlov,0.0,common_field,Grudger,2000000000009,3.0,3.0,1.0,1.0,1.0
0,Pavlov,0.0,common_field,Grudger,2000000000010,3.0,3.0,1.0,1.0,1.0
0,Pavlov,0.0,common_field,Grudger,2000000000011,3.0,3.0,1.0,1.0,1.0
0,Pavlov,0.0,common_field,Grudger,2000000000012,3.0,3.0,1.0,1.0,1.0
0,Pavlov,0.0,common_field,Grudger,2000000000013,3.0,3.0,1.0,1.0,1.0
0,Pavlov,0.0,common_field,Grudger,2000000000014,3.0,3.0,1.0,1.0,1.0
0,Pavlov,0.0,common_field,Grudger,2000000000015,3.0,3.0,1.0,1.0,1.0
0,Pavlov,0.0,common_field,Grudger,2000000000016,3.0,3.0,1.0,1.0,1.0
0,Pavlov,0.0,common_field,Grudger,2000000000017,3.0,3.0,1.0,1.0,1.0
0,Pavlov,0.0,common_field,Grudger,2000000000018,3.0,3.0,1.0,1.0,1.0
0,Pavlov,0.0,common_field,Grudger,2000000000019,3.0,3.0,1.0,1.0,1.0
0,Pavlov,0.0,common_field,Joss (0.9),2000000000000,2.1375,2.325,0.5125,0.475,0.25
0,Pavlov,0.0,common_field,Joss (0.9),2000000000001,2.025,2.2125,0.4375,0.4,0.1375
0,Pavlov,0.0,common_field,Joss (0.9),2000000000002,2.1875,2.3125,0.5125,0.4875,0.25
0,Pavlov,0.0,common_field,Joss (0.9),2000000000003,2.1375,2.325,0.5125,0.475,0.25
0,Pavlov,0.0,common_field,Joss (0.9),2000000000004,1.9,2.2125,0.4125,0.35,0.0875
0,Pavlov,0.0,common_field,Joss (0.9),2000000000005,2.1,2.1625,0.425,0.4125,0.125
0,Pavlov,0.0,common_field,Joss (0.9),2000000000006,2.225,2.35,0.5375,0.5125,0.2875
0,Pavlov,0.0,common_field,Joss (0.9),2000000000007,2.35,2.5375,0.65,0.6125,0.45
0,Pavlov,0.0,common_field,Joss (0.9),2000000000008,2.175,2.2375,0.475,0.4625,0.2
0,Pavlov,0.0,common_field,Joss (0.9),2000000000009,1.85,2.1625,0.375,0.3125,0.025
0,Pavlov,0.0,common_field,Joss (0.9),2000000000010,2.25,2.25,0.5,0.5,0.25
0,Pavlov,0.0,common_field,Joss (0.9),2000000000011,2.175,2.175,0.45,0.45,0.175
0,Pavlov,0.0,common_field,Joss (0.9),2000000000012,2.15,2.275,0.4875,0.4625,0.2125
0,Pavlov,0.0,common_field,Joss (0.9),2000000000013,2.2875,2.2875,0.525,0.525,0.2875
0,Pavlov,0.0,common_field,Joss (0.9),2000000000014,2.075,2.1375,0.4125,0.4,0.1125
0,Pavlov,0.0,common_field,Joss (0.9),2000000000015,1.975,2.1625,0.4,0.3625,0.075
0,Pavlov,0.0,common_field,Joss (0.9),2000000000016,2.0125,2.2,0.425,0.3875,0.1125
0,Pavlov,0.0,common_field,Joss (0.9),2000000000017,1.9875,2.05,0.35,0.3375,0.0125
0,Pavlov,0.0,common_field,Joss (0.9),2000000000018,2.025,2.025,0.35,0.35,0.025
0,Pavlov,0.0,common_field,Joss (0.9),2000000000019,2.15,2.275,0.4875,0.4625,0.2125
0,Pavlov,0.0,common_field,Random (0.5),2000000000000,2.1625,2.35,0.525,0.4875,0.2625
0,Pavlov,0.0,common_field,Random (0.5),2000000000001,1.85,2.5375,0.55,0.4125,0.25
0,Pavlov,0.0,common_field,Random (0.5),2000000000002,2.375,1.9375,0.375,0.4625,0.1
0,Pavlov,0.0,common_field,Random (0.5),2000000000003,1.9,2.4,0.5,0.4,0.2
0,Pavlov,0.0,common_field,Random (0.5),2000000000004,2.05,2.425,0.5375,0.4625,0.2625
0,Pavlov,0.0,common_field,Random (0.5),2000000000005,2.0,2.25,0.45,0.4,0.15
0,Pavlov,0.0,common_field,Random (0.5),2000000000006,2.4375,2.25,0.5375,0.575,0.325
0,Pavlov,0.0,common_field,Random (0.5),2000000000007,2.2875,2.2875,0.525,0.525,0.2875
0,Pavlov,0.0,common_field,Random (0.5),2000000000008,2.0125,2.3875,0.5125,0.4375,0.225
0,Pavlov,0.0,common_field,Random (0.5),2000000000009,2.35,2.1,0.45,0.5,0.2
0,Pavlov,0.0,common_field,Random (0.5),2000000000010,2.2625,2.325,0.5375,0.525,0.3
0,Pavlov,0.0,common_field,Random (0.5),2000000000011,2.475,2.2875,0.5625,0.6,0.3625
0,Pavlov,0.0,common_field,Random (0.5),2000000000012,2.425,2.2375,0.525,0.5625,0.3
0,Pavlov,0.0,common_field,Random (0.5),2000000000013,2.2125,2.4,0.5625,0.525,0.325
0,Pavlov,0.0,common_field,Random (0.5),2000000000014,2.4125,2.1625,0.4875,0.5375,0.25
0,Pavlov,0.0,common_field,Random (0.5),2000000000015,2.2875,2.2875,0.525,0.525,0.2875
0,Pavlov,0.0,common_field,Random (0.5),2000000000016,1.9125,2.5375,0.5625,0.4375,0.275
0,Pavlov,0.0,common_field,Random (0.5),2000000000017,2.6125,2.05,0.475,0.5875,0.2625
0,Pavlov,0.0,common_field,Random (0.5),2000000000018,2.0125,2.3875,0.5125,0.4375,0.225
0,Pavlov,0.0,common_field,Random (0.5),2000000000019,2.3625,2.175,0.4875,0.525,0.25
0,Pavlov,0.0,common_field,Tester,2000000000000,0.525,3.025,0.5125,0.0125,0.0125
0,Pavlov,0.0,common_field,Tester,2000000000001,0.525,3.025,0.5125,0.0125,0.0125
0,Pavlov,0.0,common_field,Tester,2000000000002,0.525,3.025,0.5125,0.0125,0.0125
0,Pavlov,0.0,common_field,Tester,2000000000003,0.525,3.025,0.5125,0.0125,0.0125
0,Pavlov,0.0,common_field,Tester,2000000000004,0.525,3.025,0.5125,0.0125,0.0125
0,Pavlov,0.0,common_field,Tester,2000000000005,0.525,3.025,0.5125,0.0125,0.0125
0,Pavlov,0.0,common_field,Tester,2000000000006,0.525,3.025,0.5125,0.0125,0.0125
0,Pavlov,0.0,common_field,Tester,2000000000007,0.525,3.025,0.5125,0.0125,0.0125
0,Pavlov,0.0,common_field,Tester,2000000000008,0.525,3.025,0.5125,0.0125,0.0125
0,Pavlov,0.0,common_field,Tester,2000000000009,0.525,3.025,0.5125,0.0125,0.0125
0,Pavlov,0.0,common_field,Tester,2000000000010,0.525,3.025,0.5125,0.0125,0.0125
0,Pavlov,0.0,common_field,Tester,2000000000011,0.525,3.025,0.5125,0.0125,0.0125
0,Pavlov,0.0,common_field,Tester,2000000000012,0.525,3.025,0.5125,0.0125,0.0125
0,Pavlov,0.0,common_field,Tester,2000000000013,0.525,3.025,0.5125,0.0125,0.0125
0,Pavlov,0.0,common_field,Tester,2000000000014,0.525,3.025,0.5125,0.0125,0.0125
0,Pavlov,0.0,common_field,Tester,2000000000015,0.525,3.025,0.5125,0.0125,0.0125
0,Pavlov,0.0,common_field,Tester,2000000000016,0.525,3.025,0.5125,0.0125,0.0125
0,Pavlov,0.0,common_field,Tester,2000000000017,0.525,3.025,0.5125,0.0125,0.0125
0,Pavlov,0.0,common_field,Tester,2000000000018,0.525,3.025,0.5125,0.0125,0.0125
0,Pavlov,0.0,common_field,Tester,2000000000019,0.525,3.025,0.5125,0.0125,0.0125
0,Pavlov,0.0,common_field,Pavlov (Win-Stay Lose-Shift),2000000000000,3.0,3.0,1.0,1.0,1.0
0,Pavlov,0.0,common_field,Pavlov (Win-Stay Lose-Shift),2000000000001,3.0,3.0,1.0,1.0,1.0
0,Pavlov,0.0,common_field,Pavlov (Win-Stay Lose-Shift),2000000000002,3.0,3.0,1.0,1.0,1.0
0,Pavlov,0.0,common_field,Pavlov (Win-Stay Lose-Shift),2000000000003,3.0,3.0,1.0,1.0,1.0
0,Pavlov,0.0,common_field,Pavlov (Win-Stay Lose-Shift),2000000000004,3.0,3.0,1.0,1.0,1.0
0,Pavlov,0.0,common_field,Pavlov (Win-Stay Lose-Shift),2000000000005,3.0,3.0,1.0,1.0,1.0
0,Pavlov,0.0,common_field,Pavlov (Win-Stay Lose-Shift),2000000000006,3.0,3.0,1.0,1.0,1.0
0,Pavlov,0.0,common_field,Pavlov (Win-Stay Lose-Shift),2000000000007,3.0,3.0,1.0,1.0,1.0
0,Pavlov,0.0,common_field,Pavlov (Win-Stay Lose-Shift),2000000000008,3.0,3.0,1.0,1.0,1.0
0,Pavlov,0.0,common_field,Pavlov (Win-Stay Lose-Shift),2000000000009,3.0,3.0,1.0,1.0,1.0
0,Pavlov,0.0,common_field,Pavlov (Win-Stay Lose-Shift),2000000000010,3.0,3.0,1.0,1.0,1.0
0,Pavlov,0.0,common_field,Pavlov (Win-Stay Lose-Shift),2000000000011,3.0,3.0,1.0,1.0,1.0
0,Pavlov,0.0,common_field,Pavlov (Win-Stay Lose-Shift),2000000000012,3.0,3.0,1.0,1.0,1.0
0,Pavlov,0.0,common_field,Pavlov (Win-Stay Lose-Shift),2000000000013,3.0,3.0,1.0,1.0,1.0
0,Pavlov,0.0,common_field,Pavlov (Win-Stay Lose-Shift),2000000000014,3.0,3.0,1.0,1.0,1.0
0,Pavlov,0.0,common_field,Pavlov (Win-Stay Lose-Shift),2000000000015,3.0,3.0,1.0,1.0,1.0
0,Pavlov,0.0,common_field,Pavlov (Win-Stay Lose-Shift),2000000000016,3.0,3.0,1.0,1.0,1.0
0,Pavlov,0.0,common_field,Pavlov (Win-Stay Lose-Shift),2000000000017,3.0,3.0,1.0,1.0,1.0
0,Pavlov,0.0,common_field,Pavlov (Win-Stay Lose-Shift),2000000000018,3.0,3.0,1.0,1.0,1.0
0,Pavlov,0.0,common_field,Pavlov (Win-Stay Lose-Shift),2000000000019,3.0,3.0,1.0,1.0,1.0
0,Pavlov,0.0,ALLC,Memory-1(ALLC),2000000000000,3.0,3.0,1.0,1.0,1.0
0,Pavlov,0.0,ALLC,Memory-1(ALLC),2000000000001,3.0,3.0,1.0,1.0,1.0
0,Pavlov,0.0,ALLC,Memory-1(ALLC),2000000000002,3.0,3.0,1.0,1.0,1.0
0,Pavlov,0.0,ALLC,Memory-1(ALLC),2000000000003,3.0,3.0,1.0,1.0,1.0
0,Pavlov,0.0,ALLC,Memory-1(ALLC),2000000000004,3.0,3.0,1.0,1.0,1.0
0,Pavlov,0.0,ALLC,Memory-1(ALLC),2000000000005,3.0,3.0,1.0,1.0,1.0
0,Pavlov,0.0,ALLC,Memory-1(ALLC),2000000000006,3.0,3.0,1.0,1.0,1.0
0,Pavlov,0.0,ALLC,Memory-1(ALLC),2000000000007,3.0,3.0,1.0,1.0,1.0
0,Pavlov,0.0,ALLC,Memory-1(ALLC),2000000000008,3.0,3.0,1.0,1.0,1.0
0,Pavlov,0.0,ALLC,Memory-1(ALLC),2000000000009,3.0,3.0,1.0,1.0,1.0
0,Pavlov,0.0,ALLC,Memory-1(ALLC),2000000000010,3.0,3.0,1.0,1.0,1.0
0,Pavlov,0.0,ALLC,Memory-1(ALLC),2000000000011,3.0,3.0,1.0,1.0,1.0
0,Pavlov,0.0,ALLC,Memory-1(ALLC),2000000000012,3.0,3.0,1.0,1.0,1.0
0,Pavlov,0.0,ALLC,Memory-1(ALLC),2000000000013,3.0,3.0,1.0,1.0,1.0
0,Pavlov,0.0,ALLC,Memory-1(ALLC),2000000000014,3.0,3.0,1.0,1.0,1.0
0,Pavlov,0.0,ALLC,Memory-1(ALLC),2000000000015,3.0,3.0,1.0,1.0,1.0
0,Pavlov,0.0,ALLC,Memory-1(ALLC),2000000000016,3.0,3.0,1.0,1.0,1.0
0,Pavlov,0.0,ALLC,Memory-1(ALLC),2000000000017,3.0,3.0,1.0,1.0,1.0
0,Pavlov,0.0,ALLC,Memory-1(ALLC),2000000000018,3.0,3.0,1.0,1.0,1.0
0,Pavlov,0.0,ALLC,Memory-1(ALLC),2000000000019,3.0,3.0,1.0,1.0,1.0
0,Pavlov,0.0,self,Memory-1(Pavlov),2000000000000,3.0,3.0,1.0,1.0,1.0
0,Pavlov,0.0,self,Memory-1(Pavlov),2000000000001,3.0,3.0,1.0,1.0,1.0
0,Pavlov,0.0,self,Memory-1(Pavlov),2000000000002,3.0,3.0,1.0,1.0,1.0
0,Pavlov,0.0,self,Memory-1(Pavlov),2000000000003,3.0,3.0,1.0,1.0,1.0
0,Pavlov,0.0,self,Memory-1(Pavlov),2000000000004,3.0,3.0,1.0,1.0,1.0
0,Pavlov,0.0,self,Memory-1(Pavlov),2000000000005,3.0,3.0,1.0,1.0,1.0
0,Pavlov,0.0,self,Memory-1(Pavlov),2000000000006,3.0,3.0,1.0,1.0,1.0
0,Pavlov,0.0,self,Memory-1(Pavlov),2000000000007,3.0,3.0,1.0,1.0,1.0
0,Pavlov,0.0,self,Memory-1(Pavlov),2000000000008,3.0,3.0,1.0,1.0,1.0
0,Pavlov,0.0,self,Memory-1(Pavlov),2000000000009,3.0,3.0,1.0,1.0,1.0
0,Pavlov,0.0,self,Memory-1(Pavlov),2000000000010,3.0,3.0,1.0,1.0,1.0
0,Pavlov,0.0,self,Memory-1(Pavlov),2000000000011,3.0,3.0,1.0,1.0,1.0
0,Pavlov,0.0,self,Memory-1(Pavlov),2000000000012,3.0,3.0,1.0,1.0,1.0
0,Pavlov,0.0,self,Memory-1(Pavlov),2000000000013,3.0,3.0,1.0,1.0,1.0
0,Pavlov,0.0,self,Memory-1(Pavlov),2000000000014,3.0,3.0,1.0,1.0,1.0
0,Pavlov,0.0,self,Memory-1(Pavlov),2000000000015,3.0,3.0,1.0,1.0,1.0
0,Pavlov,0.0,self,Memory-1(Pavlov),2000000000016,3.0,3.0,1.0,1.0,1.0
0,Pavlov,0.0,self,Memory-1(Pavlov),2000000000017,3.0,3.0,1.0,1.0,1.0
0,Pavlov,0.0,self,Memory-1(Pavlov),2000000000018,3.0,3.0,1.0,1.0,1.0
0,Pavlov,0.0,self,Memory-1(Pavlov),2000000000019,3.0,3.0,1.0,1.0,1.0
0,Pavlov,0.05,common_field,Tit For Tat,2000000000000,2.1,2.1625,0.425,0.4125,0.125
0,Pavlov,0.05,common_field,Tit For Tat,2000000000001,2.1,2.1,0.3875,0.3875,0.0625
0,Pavlov,0.05,common_field,Tit For Tat,2000000000002,2.775,2.5875,0.7625,0.8,0.6625
0,Pavlov,0.05,common_field,Tit For Tat,2000000000003,2.0375,2.0375,0.35,0.35,0.0125
0,Pavlov,0.05,common_field,Tit For Tat,2000000000004,2.4625,2.4,0.6125,0.625,0.425
0,Pavlov,0.05,common_field,Tit For Tat,2000000000005,2.15,2.025,0.375,0.4,0.075
0,Pavlov,0.05,common_field,Tit For Tat,2000000000006,2.375,2.3125,0.55,0.5625,0.325
0,Pavlov,0.05,common_field,Tit For Tat,2000000000007,2.2125,2.275,0.5,0.4875,0.2375
0,Pavlov,0.05,common_field,Tit For Tat,2000000000008,2.3125,2.3125,0.5375,0.5375,0.3
0,Pavlov,0.05,common_field,Tit For Tat,2000000000009,2.2875,2.225,0.4875,0.5,0.225
0,Pavlov,0.05,common_field,Tit For Tat,2000000000010,2.4375,2.25,0.5375,0.575,0.325
0,Pavlov,0.05,common_field,Tit For Tat,2000000000011,2.275,2.275,0.525,0.525,0.3
0,Pavlov,0.05,common_field,Tit For Tat,2000000000012,2.175,1.9875,0.3625,0.4,0.0625
0,Pavlov,0.05,common_field,Tit For Tat,2000000000013,2.5625,2.4375,0.6625,0.6875,0.525
0,Pavlov,0.05,common_field,Tit For Tat,2000000000014,2.3375,2.4,0.5875,0.575,0.375
0,Pavlov,0.05,common_field,Tit For Tat,2000000000015,2.2375,2.1125,0.4375,0.4625,0.175
0,Pavlov,0.05,common_field,Tit For Tat,2000000000016,2.075,2.1375,0.4125,0.4,0.1125
0,Pavlov,0.05,common_field,Tit For Tat,2000000000017,1.9875,2.05,0.3625,0.35,0.05
0,Pavlov,0.05,common_field,Tit For Tat,2000000000018,2.375,2.375,0.5875,0.5875,0.3875
0,Pavlov,0.05,common_field,Tit For Tat,2000000000019,2.325,2.1375,0.4625,0.5,0.2125
0,Pavlov,0.05,common_field,Always Defect,2000000000000,0.575,2.95,0.5,0.025,0.025
0,Pavlov,0.05,common_field,Always Defect,2000000000001,0.525,3.025,0.5125,0.0125,0.0125
0,Pavlov,0.05,common_field,Always Defect,2000000000002,0.6625,2.975,0.5125,0.05,0.025
0,Pavlov,0.05,common_field,Always Defect,2000000000003,0.6125,2.9875,0.5125,0.0375,0.025
0,Pavlov,0.05,common_field,Always Defect,2000000000004,0.625,2.875,0.475,0.025,0.0
0,Pavlov,0.05,common_field,Always Defect,2000000000005,0.625,2.875,0.475,0.025,0.0
0,Pavlov,0.05,common_field,Always Defect,2000000000006,0.575,3.0125,0.5125,0.025,0.0125
0,Pavlov,0.05,common_field,Always Defect,2000000000007,0.5875,3.025,0.525,0.0375,0.0375
0,Pavlov,0.05,common_field,Always Defect,2000000000008,0.675,2.925,0.5,0.05,0.025
0,Pavlov,0.05,common_field,Always Defect,2000000000009,0.625,2.9375,0.5,0.0375,0.025
0,Pavlov,0.05,common_field,Always Defect,2000000000010,0.6375,3.0125,0.525,0.05,0.0375
0,Pavlov,0.05,common_field,Always Defect,2000000000011,0.55,3.05,0.525,0.025,0.025
0,Pavlov,0.05,common_field,Always Defect,2000000000012,0.7625,2.95,0.525,0.0875,0.0625
0,Pavlov,0.05,common_field,Always Defect,2000000000013,0.6625,3.0375,0.525,0.05,0.0125
0,Pavlov,0.05,common_field,Always Defect,2000000000014,0.575,2.95,0.5,0.025,0.025
0,Pavlov,0.05,common_field,Always Defect,2000000000015,0.6875,3.0,0.525,0.0625,0.0375
0,Pavlov,0.05,common_field,Always Defect,2000000000016,0.5625,2.9375,0.4875,0.0125,0.0
0,Pavlov,0.05,common_field,Always Defect,2000000000017,0.5375,2.975,0.5,0.0125,0.0125
0,Pavlov,0.05,common_field,Always Defect,2000000000018,0.6625,2.975,0.5125,0.05,0.025
0,Pavlov,0.05,common_field,Always Defect,2000000000019,0.8,2.8625,0.4875,0.075,0.0125
0,Pavlov,0.05,common_field,Grudger,2000000000000,0.9125,2.9125,0.55,0.15,0.1375
0,Pavlov,0.05,common_field,Grudger,2000000000001,0.55,2.9875,0.5,0.0125,0.0
0,Pavlov,0.05,common_field,Grudger,2000000000002,1.6875,2.9375,0.7,0.45,0.4125
0,Pavlov,0.05,common_field,Grudger,2000000000003,0.7,2.8875,0.4875,0.05,0.0125
0,Pavlov,0.05,common_field,Grudger,2000000000004,0.6125,2.9875,0.5125,0.0375,0.025
0,Pavlov,0.05,common_field,Grudger,2000000000005,0.8,2.9875,0.55,0.1125,0.1
0,Pavlov,0.05,common_field,Grudger,2000000000006,0.6,2.975,0.5,0.025,0.0
0,Pavlov,0.05,common_field,Grudger,2000000000007,0.8625,2.9875,0.5625,0.1375,0.125
0,Pavlov,0.05,common_field,Grudger,2000000000008,0.7625,2.8875,0.5,0.075,0.0375
0,Pavlov,0.05,common_field,Grudger,2000000000009,1.025,2.9,0.5625,0.1875,0.1625
0,Pavlov,0.05,common_field,Grudger,2000000000010,0.9125,2.975,0.5625,0.15,0.125
0,Pavlov,0.05,common_field,Grudger,2000000000011,1.325,3.0125,0.6625,0.325,0.3125
0,Pavlov,0.05,common_field,Grudger,2000000000012,1.025,2.775,0.5,0.15,0.075
0,Pavlov,0.05,common_field,Grudger,2000000000013,0.8125,2.75,0.475,0.0875,0.0625
0,Pavlov,0.05,common_field,Grudger,2000000000014,1.6,2.9125,0.675,0.4125,0.375
0,Pavlov,0.05,common_field,Grudger,2000000000015,0.775,2.9625,0.525,0.0875,0.05
0,Pavlov,0.05,common_field,Grudger,2000000000016,0.825,3.0125,0.5625,0.125,0.1125
0,Pavlov,0.05,common_field,Grudger,2000000000017,0.7375,2.925,0.5125,0.075,0.05
0,Pavlov,0.05,common_field,Grudger,2000000000018,0.9375,2.9375,0.55,0.15,0.1125
0,Pavlov,0.05,common_field,Grudger,2000000000019,0.8375,2.9,0.525,0.1125,0.0875
0,Pavlov,0.05,common_field,Joss (0.9),2000000000000,2.025,2.15,0.4125,0.3875,0.1125
0,Pavlov,0.05,common_field,Joss (0.9),2000000000001,1.925,2.175,0.4,0.35,0.075
0,Pavlov,0.05,common_field,Joss (0.9),2000000000002,2.1125,2.425,0.55,0.4875,0.2875
0,Pavlov,0.05,common_field,Joss (0.9),2000000000003,2.15,2.3375,0.5125,0.475,0.2375
0,Pavlov,0.05,common_field,Joss (0.9),2000000000004,1.9125,2.1,0.3625,0.325,0.025
0,Pavlov,0.05,common_field,Joss (0.9),2000000000005,2.0125,2.2625,0.45,0.4,0.1375
0,Pavlov,0.05,common_field,Joss (0.9),2000000000006,2.2125,2.025,0.3875,0.425,0.1
0,Pavlov,0.05,common_field,Joss (0.9),2000000000007,1.975,2.1,0.375,0.35,0.05
0,Pavlov,0.05,common_field,Joss (0.9),2000000000008,2.1875,2.3125,0.525,0.5,0.2875
0,Pavlov,0.05,common_field,Joss (0.9),2000000000009,2.1625,2.2875,0.4875,0.4625,0.2
0,Pavlov,0.05,common_field,Joss (0.9),2000000000010,2.0625,2.3125,0.475,0.425,0.1625
0,Pavlov,0.05,common_field,Joss (0.9),2000000000011,2.3875,2.5125,0.65,0.625,0.4625
0,Pavlov,0.05,common_field,Joss (0.9),2000000000012,2.25,2.3125,0.525,0.5125,0.275
0,Pavlov,0.05,common_field,Joss (0.9),2000000000013,1.9375,2.25,0.4375,0.375,0.125
0,Pavlov,0.05,common_field,Joss (0.9),2000000000014,2.4625,2.4625,0.65,0.65,0.4875
0,Pavlov,0.05,common_field,Joss (0.9),2000000000015,2.025,2.0875,0.375,0.3625,0.05
0,Pavlov,0.05,common_field,Joss (0.9),2000000000016,2.2,2.2625,0.4875,0.475,0.2125
0,Pavlov,0.05,common_field,Joss (0.9),2000000000017,2.075,2.075,0.375,0.375,0.05
0,Pavlov,0.05,common_field,Joss (0.9),2000000000018,2.225,2.4125,0.5625,0.525,0.3125
0,Pavlov,0.05,common_field,Joss (0.9),2000000000019,2.35,2.1625,0.475,0.5125,0.225
0,Pavlov,0.05,common_field,Random (0.5),2000000000000,1.9625,2.4625,0.5375,0.4375,0.25
0,Pavlov,0.05,common_field,Random (0.5),2000000000001,1.825,2.45,0.5125,0.3875,0.2125
0,Pavlov,0.05,common_field,Random (0.5),2000000000002,2.3,2.2375,0.5,0.5125,0.25
0,Pavlov,0.05,common_field,Random (0.5),2000000000003,2.125,2.375,0.5375,0.4875,0.2875
0,Pavlov,0.05,common_field,Random (0.5),2000000000004,1.9125,2.475,0.5375,0.425,0.25
0,Pavlov,0.05,common_field,Random (0.5),2000000000005,1.825,2.575,0.5625,0.4125,0.2625
0,Pavlov,0.05,common_field,Random (0.5),2000000000006,2.5,2.125,0.5,0.575,0.3
0,Pavlov,0.05,common_field,Random (0.5),2000000000007,2.3125,2.1875,0.475,0.5,0.2125
0,Pavlov,0.05,common_field,Random (0.5),2000000000008,1.9875,2.425,0.525,0.4375,0.2375
0,Pavlov,0.05,common_field,Random (0.5),2000000000009,2.275,2.275,0.5125,0.5125,0.2625
0,Pavlov,0.05,common_field,Random (0.5),2000000000010,2.275,2.5875,0.6625,0.6,0.4625
0,Pavlov,0.05,common_field,Random (0.5),2000000000011,2.425,2.05,0.4375,0.5125,0.1875
0,Pavlov,0.05,common_field,Random (0.5),2000000000012,2.6125,2.175,0.5375,0.625,0.35
0,Pavlov,0.05,common_field,Random (0.5),2000000000013,2.1875,2.1875,0.4625,0.4625,0.2
0,Pavlov,0.05,common_field,Random (0.5),2000000000014,2.6,2.225,0.5375,0.6125,0.3125
0,Pavlov,0.05,common_field,Random (0.5),2000000000015,2.2375,2.3625,0.55,0.525,0.3125
0,Pavlov,0.05,common_field,Random (0.5),2000000000016,2.3875,2.2,0.5,0.5375,0.2625
0,Pavlov,0.05,common_field,Random (0.5),2000000000017,2.3,2.3,0.5375,0.5375,0.3125
0,Pavlov,0.05,common_field,Random (0.5),2000000000018,2.35,2.225,0.5125,0.5375,0.2875
0,Pavlov,0.05,common_field,Random (0.5),2000000000019,2.6125,1.9875,0.4375,0.5625,0.2
0,Pavlov,0.05,common_field,Tester,2000000000000,0.625,3.0,0.5125,0.0375,0.0125
0,Pavlov,0.05,common_field,Tester,2000000000001,2.5125,2.575,0.7125,0.7,0.575
0,Pavlov,0.05,common_field,Tester,2000000000002,0.7125,2.9,0.5,0.0625,0.0375
0,Pavlov,0.05,common_field,Tester,2000000000003,0.675,2.925,0.5,0.05,0.025
0,Pavlov,0.05,common_field,Tester,2000000000004,2.3375,2.275,0.5375,0.55,0.325
0,Pavlov,0.05,common_field,Tester,2000000000005,0.575,3.075,0.5375,0.0375,0.0375
0,Pavlov,0.05,common_field,Tester,2000000000006,2.275,2.4,0.575,0.55,0.35
0,Pavlov,0.05,common_field,Tester,2000000000007,0.7,2.8875,0.4875,0.05,0.0125
0,Pavlov,0.05,common_field,Tester,2000000000008,0.7,2.95,0.5125,0.0625,0.0375
0,Pavlov,0.05,common_field,Tester,2000000000009,0.6625,2.975,0.5125,0.05,0.025
0,Pavlov,0.05,common_field,Tester,2000000000010,0.7375,2.8625,0.4875,0.0625,0.025
0,Pavlov,0.05,common_field,Tester,2000000000011,0.65,2.9,0.4875,0.0375,0.0125
0,Pavlov,0.05,common_field,Tester,2000000000012,0.875,2.8125,0.4875,0.1,0.0375
0,Pavlov,0.05,common_field,Tester,2000000000013,0.7125,2.8375,0.4875,0.0625,0.05
0,Pavlov,0.05,common_field,Tester,2000000000014,0.625,3.0,0.5125,0.0375,0.0125
0,Pavlov,0.05,common_field,Tester,2000000000015,0.775,2.8375,0.4875,0.075,0.0375
0,Pavlov,0.05,common_field,Tester,2000000000016,0.55,3.05,0.525,0.025,0.025
0,Pavlov,0.05,common_field,Tester,2000000000017,0.575,3.0125,0.5125,0.025,0.0125
0,Pavlov,0.05,common_field,Tester,2000000000018,0.7125,2.9,0.5,0.0625,0.0375
0,Pavlov,0.05,common_field,Tester,2000000000019,0.75,2.9375,0.525,0.0875,0.075
0,Pavlov,0.05,common_field,Pavlov (Win-Stay Lose-Shift),2000000000000,2.8375,2.8375,0.9,0.9,0.8625
0,Pavlov,0.05,common_field,Pavlov (Win-Stay Lose-Shift),2000000000001,2.9,2.65,0.8375,0.8875,0.8125
0,Pavlov,0.05,common_field,Pavlov (Win-Stay Lose-Shift),2000000000002,2.775,2.9625,0.9375,0.9,0.8875
0,Pavlov,0.05,common_field,Pavlov (Win-Stay Lose-Shift),2000000000003,2.8125,2.75,0.8625,0.875,0.825
0,Pavlov,0.05,common_field,Pavlov (Win-Stay Lose-Shift),2000000000004,2.875,2.75,0.875,0.9,0.85
0,Pavlov,0.05,common_field,Pavlov (Win-Stay Lose-Shift),2000000000005,2.875,2.8125,0.9,0.9125,0.875
0,Pavlov,0.05,common_field,Pavlov (Win-Stay Lose-Shift),2000000000006,2.875,2.8125,0.9,0.9125,0.875
0,Pavlov,0.05,common_field,Pavlov (Win-Stay Lose-Shift),2000000000007,2.8125,2.9375,0.9375,0.9125,0.9
0,Pavlov,0.05,common_field,Pavlov (Win-Stay Lose-Shift),2000000000008,2.7875,2.9125,0.925,0.9,0.8875
0,Pavlov,0.05,common_field,Pavlov (Win-Stay Lose-Shift),2000000000009,2.8125,2.8125,0.8875,0.8875,0.85
0,Pavlov,0.05,common_field,Pavlov (Win-Stay Lose-Shift),2000000000010,2.8,2.8625,0.9,0.8875,0.85
0,Pavlov,0.05,common_field,Pavlov (Win-Stay Lose-Shift),2000000000011,2.875,2.8125,0.9,0.9125,0.875
0,Pavlov,0.05,common_field,Pavlov (Win-Stay Lose-Shift),2000000000012,2.6375,2.8875,0.8875,0.8375,0.825
0,Pavlov,0.05,common_field,Pavlov (Win-Stay Lose-Shift),2000000000013,2.75,2.5625,0.775,0.8125,0.725
0,Pavlov,0.05,common_field,Pavlov (Win-Stay Lose-Shift),2000000000014,2.875,2.75,0.875,0.9,0.85
0,Pavlov,0.05,common_field,Pavlov (Win-Stay Lose-Shift),2000000000015,2.6875,2.875,0.8875,0.85,0.825
0,Pavlov,0.05,common_field,Pavlov (Win-Stay Lose-Shift),2000000000016,2.9375,2.8125,0.9125,0.9375,0.9
0,Pavlov,0.05,common_field,Pavlov (Win-Stay Lose-Shift),2000000000017,2.9,2.9,0.9375,0.9375,0.9125
0,Pavlov,0.05,common_field,Pavlov (Win-Stay Lose-Shift),2000000000018,2.75,2.8125,0.875,0.8625,0.825
0,Pavlov,0.05,common_field,Pavlov (Win-Stay Lose-Shift),2000000000019,2.625,2.8125,0.85,0.8125,0.775
0,Pavlov,0.05,ALLC,Memory-1(ALLC),2000000000000,3.2,2.3875,0.75,0.9125,0.7
0,Pavlov,0.05,ALLC,Memory-1(ALLC),2000000000001,3.5,2.1875,0.725,0.9875,0.725
0,Pavlov,0.05,ALLC,Memory-1(ALLC),2000000000002,3.25,2.4375,0.7875,0.95,0.7625
0,Pavlov,0.05,ALLC,Memory-1(ALLC),2000000000003,3.0875,2.65,0.8625,0.95,0.85
0,Pavlov,0.05,ALLC,Memory-1(ALLC),2000000000004,4.35,0.85,0.2625,0.9625,0.2375
0,Pavlov,0.05,ALLC,Memory-1(ALLC),2000000000005,3.4875,2.1125,0.6875,0.9625,0.675
0,Pavlov,0.05,ALLC,Memory-1(ALLC),2000000000006,3.9125,1.6,0.525,0.9875,0.5125
0,Pavlov,0.05,ALLC,Memory-1(ALLC),2000000000007,3.85,1.6625,0.5375,0.975,0.5125
0,Pavlov,0.05,ALLC,Memory-1(ALLC),2000000000008,3.8,1.675,0.5375,0.9625,0.5125
0,Pavlov,0.05,ALLC,Memory-1(ALLC),2000000000009,3.85,1.6,0.5125,0.9625,0.4875
0,Pavlov,0.05,ALLC,Memory-1(ALLC),2000000000010,3.5375,2.0375,0.6625,0.9625,0.65
0,Pavlov,0.05,ALLC,Memory-1(ALLC),2000000000011,3.5,2.125,0.6875,0.9625,0.6625
0,Pavlov,0.05,ALLC,Memory-1(ALLC),2000000000012,3.5375,1.85,0.575,0.9125,0.5375
0,Pavlov,0.05,ALLC,Memory-1(ALLC),2000000000013,3.9875,1.3,0.4125,0.95,0.4
0,Pavlov,0.05,ALLC,Memory-1(ALLC),2000000000014,3.3,2.4875,0.8125,0.975,0.7875
0,Pavlov,0.05,ALLC,Memory-1(ALLC),2000000000015,3.375,2.3125,0.75,0.9625,0.725
0,Pavlov,0.05,ALLC,Memory-1(ALLC),2000000000016,4.0875,1.275,0.4,0.9625,0.3625
0,Pavlov,0.05,ALLC,Memory-1(ALLC),2000000000017,3.7625,1.7,0.55,0.9625,0.5375
0,Pavlov,0.05,ALLC,Memory-1(ALLC),2000000000018,4.2625,1.0125,0.3125,0.9625,0.275
0,Pavlov,0.05,ALLC,Memory-1(ALLC),2000000000019,3.65,1.5875,0.475,0.8875,0.425
0,Pavlov,0.05,self,Memory-1(Pavlov),2000000000000,2.65,2.8375,0.8625,0.825,0.7875
0,Pavlov,0.05,self,Memory-1(Pavlov),2000000000001,2.9375,2.6875,0.8625,0.9125,0.85
0,Pavlov,0.05,self,Memory-1(Pavlov),2000000000002,2.75,2.9375,0.925,0.8875,0.875
0,Pavlov,0.05,self,Memory-1(Pavlov),2000000000003,2.7875,2.7875,0.875,0.875,0.8375
0,Pavlov,0.05,self,Memory-1(Pavlov),2000000000004,2.9,2.7125,0.8625,0.9,0.8375
0,Pavlov,0.05,self,Memory-1(Pavlov),2000000000005,2.8125,2.8125,0.8875,0.8875,0.85
0,Pavlov,0.05,self,Memory-1(Pavlov),2000000000006,2.9375,2.8125,0.9125,0.9375,0.9
0,Pavlov,0.05,self,Memory-1(Pavlov),2000000000007,2.875,2.9375,0.95,0.9375,0.925
0,Pavlov,0.05,self,Memory-1(Pavlov),2000000000008,2.8125,2.875,0.9125,0.9,0.875
0,Pavlov,0.05,self,Memory-1(Pavlov),2000000000009,2.8125,2.8125,0.8875,0.8875,0.85
0,Pavlov,0.05,self,Memory-1(Pavlov),2000000000010,2.8125,2.8125,0.8875,0.8875,0.85
0,Pavlov,0.05,self,Memory-1(Pavlov),2000000000011,2.9,2.775,0.8875,0.9125,0.8625
0,Pavlov,0.05,self,Memory-1(Pavlov),2000000000012,2.5625,2.8125,0.8375,0.7875,0.75
0,Pavlov,0.05,self,Memory-1(Pavlov),2000000000013,2.75,2.5625,0.775,0.8125,0.725
0,Pavlov,0.05,self,Memory-1(Pavlov),2000000000014,2.9625,2.7125,0.875,0.925,0.8625
0,Pavlov,0.05,self,Memory-1(Pavlov),2000000000015,2.85,2.9125,0.9375,0.925,0.9125
0,Pavlov,0.05,self,Memory-1(Pavlov),2000000000016,2.8125,2.8125,0.8875,0.8875,0.85
0,Pavlov,0.05,self,Memory-1(Pavlov),2000000000017,2.8125,2.8125,0.8875,0.8875,0.85
0,Pavlov,0.05,self,Memory-1(Pavlov),2000000000018,2.8125,2.8125,0.8875,0.8875,0.85
0,Pavlov,0.05,self,Memory-1(Pavlov),2000000000019,2.525,2.775,0.8125,0.7625,0.7125
0,ALLD,0.0,common_field,Tit For Tat,2000000000000,1.05,0.9875,0.0,0.0125,0.0
0,ALLD,0.0,common_field,Tit For Tat,2000000000001,1.05,0.9875,0.0,0.0125,0.0
0,ALLD,0.0,common_field,Tit For Tat,2000000000002,1.05,0.9875,0.0,0.0125,0.0
0,ALLD,0.0,common_field,Tit For Tat,2000000000003,1.05,0.9875,0.0,0.0125,0.0
0,ALLD,0.0,common_field,Tit For Tat,2000000000004,1.05,0.9875,0.0,0.0125,0.0
0,ALLD,0.0,common_field,Tit For Tat,2000000000005,1.05,0.9875,0.0,0.0125,0.0
0,ALLD,0.0,common_field,Tit For Tat,2000000000006,1.05,0.9875,0.0,0.0125,0.0
0,ALLD,0.0,common_field,Tit For Tat,2000000000007,1.05,0.9875,0.0,0.0125,0.0
0,ALLD,0.0,common_field,Tit For Tat,2000000000008,1.05,0.9875,0.0,0.0125,0.0
0,ALLD,0.0,common_field,Tit For Tat,2000000000009,1.05,0.9875,0.0,0.0125,0.0
0,ALLD,0.0,common_field,Tit For Tat,2000000000010,1.05,0.9875,0.0,0.0125,0.0
0,ALLD,0.0,common_field,Tit For Tat,2000000000011,1.05,0.9875,0.0,0.0125,0.0
0,ALLD,0.0,common_field,Tit For Tat,2000000000012,1.05,0.9875,0.0,0.0125,0.0
0,ALLD,0.0,common_field,Tit For Tat,2000000000013,1.05,0.9875,0.0,0.0125,0.0
0,ALLD,0.0,common_field,Tit For Tat,2000000000014,1.05,0.9875,0.0,0.0125,0.0
0,ALLD,0.0,common_field,Tit For Tat,2000000000015,1.05,0.9875,0.0,0.0125,0.0
0,ALLD,0.0,common_field,Tit For Tat,2000000000016,1.05,0.9875,0.0,0.0125,0.0
0,ALLD,0.0,common_field,Tit For Tat,2000000000017,1.05,0.9875,0.0,0.0125,0.0
0,ALLD,0.0,common_field,Tit For Tat,2000000000018,1.05,0.9875,0.0,0.0125,0.0
0,ALLD,0.0,common_field,Tit For Tat,2000000000019,1.05,0.9875,0.0,0.0125,0.0
0,ALLD,0.0,common_field,Always Defect,2000000000000,1.0,1.0,0.0,0.0,0.0
0,ALLD,0.0,common_field,Always Defect,2000000000001,1.0,1.0,0.0,0.0,0.0
0,ALLD,0.0,common_field,Always Defect,2000000000002,1.0,1.0,0.0,0.0,0.0
0,ALLD,0.0,common_field,Always Defect,2000000000003,1.0,1.0,0.0,0.0,0.0
0,ALLD,0.0,common_field,Always Defect,2000000000004,1.0,1.0,0.0,0.0,0.0
0,ALLD,0.0,common_field,Always Defect,2000000000005,1.0,1.0,0.0,0.0,0.0
0,ALLD,0.0,common_field,Always Defect,2000000000006,1.0,1.0,0.0,0.0,0.0
0,ALLD,0.0,common_field,Always Defect,2000000000007,1.0,1.0,0.0,0.0,0.0
0,ALLD,0.0,common_field,Always Defect,2000000000008,1.0,1.0,0.0,0.0,0.0
0,ALLD,0.0,common_field,Always Defect,2000000000009,1.0,1.0,0.0,0.0,0.0
0,ALLD,0.0,common_field,Always Defect,2000000000010,1.0,1.0,0.0,0.0,0.0
0,ALLD,0.0,common_field,Always Defect,2000000000011,1.0,1.0,0.0,0.0,0.0
0,ALLD,0.0,common_field,Always Defect,2000000000012,1.0,1.0,0.0,0.0,0.0
0,ALLD,0.0,common_field,Always Defect,2000000000013,1.0,1.0,0.0,0.0,0.0
0,ALLD,0.0,common_field,Always Defect,2000000000014,1.0,1.0,0.0,0.0,0.0
0,ALLD,0.0,common_field,Always Defect,2000000000015,1.0,1.0,0.0,0.0,0.0
0,ALLD,0.0,common_field,Always Defect,2000000000016,1.0,1.0,0.0,0.0,0.0
0,ALLD,0.0,common_field,Always Defect,2000000000017,1.0,1.0,0.0,0.0,0.0
0,ALLD,0.0,common_field,Always Defect,2000000000018,1.0,1.0,0.0,0.0,0.0
0,ALLD,0.0,common_field,Always Defect,2000000000019,1.0,1.0,0.0,0.0,0.0
0,ALLD,0.0,common_field,Grudger,2000000000000,1.05,0.9875,0.0,0.0125,0.0
0,ALLD,0.0,common_field,Grudger,2000000000001,1.05,0.9875,0.0,0.0125,0.0
0,ALLD,0.0,common_field,Grudger,2000000000002,1.05,0.9875,0.0,0.0125,0.0
0,ALLD,0.0,common_field,Grudger,2000000000003,1.05,0.9875,0.0,0.0125,0.0
0,ALLD,0.0,common_field,Grudger,2000000000004,1.05,0.9875,0.0,0.0125,0.0
0,ALLD,0.0,common_field,Grudger,2000000000005,1.05,0.9875,0.0,0.0125,0.0
0,ALLD,0.0,common_field,Grudger,2000000000006,1.05,0.9875,0.0,0.0125,0.0
0,ALLD,0.0,common_field,Grudger,2000000000007,1.05,0.9875,0.0,0.0125,0.0
0,ALLD,0.0,common_field,Grudger,2000000000008,1.05,0.9875,0.0,0.0125,0.0
0,ALLD,0.0,common_field,Grudger,2000000000009,1.05,0.9875,0.0,0.0125,0.0
0,ALLD,0.0,common_field,Grudger,2000000000010,1.05,0.9875,0.0,0.0125,0.0
0,ALLD,0.0,common_field,Grudger,2000000000011,1.05,0.9875,0.0,0.0125,0.0
0,ALLD,0.0,common_field,Grudger,2000000000012,1.05,0.9875,0.0,0.0125,0.0
0,ALLD,0.0,common_field,Grudger,2000000000013,1.05,0.9875,0.0,0.0125,0.0
0,ALLD,0.0,common_field,Grudger,2000000000014,1.05,0.9875,0.0,0.0125,0.0
0,ALLD,0.0,common_field,Grudger,2000000000015,1.05,0.9875,0.0,0.0125,0.0
0,ALLD,0.0,common_field,Grudger,2000000000016,1.05,0.9875,0.0,0.0125,0.0
0,ALLD,0.0,common_field,Grudger,2000000000017,1.05,0.9875,0.0,0.0125,0.0
0,ALLD,0.0,common_field,Grudger,2000000000018,1.05,0.9875,0.0,0.0125,0.0
0,ALLD,0.0,common_field,Grudger,2000000000019,1.05,0.9875,0.0,0.0125,0.0
0,ALLD,0.0,common_field,Joss (0.9),2000000000000,1.05,0.9875,0.0,0.0125,0.0
0,ALLD,0.0,common_field,Joss (0.9),2000000000001,1.05,0.9875,0.0,0.0125,0.0
0,ALLD,0.0,common_field,Joss (0.9),2000000000002,1.05,0.9875,0.0,0.0125,0.0
0,ALLD,0.0,common_field,Joss (0.9),2000000000003,1.05,0.9875,0.0,0.0125,0.0
0,ALLD,0.0,common_field,Joss (0.9),2000000000004,1.05,0.9875,0.0,0.0125,0.0
0,ALLD,0.0,common_field,Joss (0.9),2000000000005,1.05,0.9875,0.0,0.0125,0.0
0,ALLD,0.0,common_field,Joss (0.9),2000000000006,1.05,0.9875,0.0,0.0125,0.0
0,ALLD,0.0,common_field,Joss (0.9),2000000000007,1.05,0.9875,0.0,0.0125,0.0
0,ALLD,0.0,common_field,Joss (0.9),2000000000008,1.05,0.9875,0.0,0.0125,0.0
0,ALLD,0.0,common_field,Joss (0.9),2000000000009,1.05,0.9875,0.0,0.0125,0.0
0,ALLD,0.0,common_field,Joss (0.9),2000000000010,1.05,0.9875,0.0,0.0125,0.0
0,ALLD,0.0,common_field,Joss (0.9),2000000000011,1.05,0.9875,0.0,0.0125,0.0
0,ALLD,0.0,common_field,Joss (0.9),2000000000012,1.05,0.9875,0.0,0.0125,0.0
0,ALLD,0.0,common_field,Joss (0.9),2000000000013,1.05,0.9875,0.0,0.0125,0.0
0,ALLD,0.0,common_field,Joss (0.9),2000000000014,1.05,0.9875,0.0,0.0125,0.0
0,ALLD,0.0,common_field,Joss (0.9),2000000000015,1.05,0.9875,0.0,0.0125,0.0
0,ALLD,0.0,common_field,Joss (0.9),2000000000016,1.05,0.9875,0.0,0.0125,0.0
0,ALLD,0.0,common_field,Joss (0.9),2000000000017,1.05,0.9875,0.0,0.0125,0.0
0,ALLD,0.0,common_field,Joss (0.9),2000000000018,1.05,0.9875,0.0,0.0125,0.0
0,ALLD,0.0,common_field,Joss (0.9),2000000000019,1.05,0.9875,0.0,0.0125,0.0
0,ALLD,0.0,common_field,Random (0.5),2000000000000,2.95,0.5125,0.0,0.4875,0.0
0,ALLD,0.0,common_field,Random (0.5),2000000000001,2.65,0.5875,0.0,0.4125,0.0
0,ALLD,0.0,common_field,Random (0.5),2000000000002,2.85,0.5375,0.0,0.4625,0.0
0,ALLD,0.0,common_field,Random (0.5),2000000000003,2.6,0.6,0.0,0.4,0.0
0,ALLD,0.0,common_field,Random (0.5),2000000000004,2.85,0.5375,0.0,0.4625,0.0
0,ALLD,0.0,common_field,Random (0.5),2000000000005,2.6,0.6,0.0,0.4,0.0
0,ALLD,0.0,common_field,Random (0.5),2000000000006,3.3,0.425,0.0,0.575,0.0
0,ALLD,0.0,common_field,Random (0.5),2000000000007,3.1,0.475,0.0,0.525,0.0
0,ALLD,0.0,common_field,Random (0.5),2000000000008,2.75,0.5625,0.0,0.4375,0.0
0,ALLD,0.0,common_field,Random (0.5),2000000000009,3.0,0.5,0.0,0.5,0.0
0,ALLD,0.0,common_field,Random (0.5),2000000000010,3.1,0.475,0.0,0.525,0.0
0,ALLD,0.0,common_field,Random (0.5),2000000000011,3.4,0.4,0.0,0.6,0.0
0,ALLD,0.0,common_field,Random (0.5),2000000000012,3.25,0.4375,0.0,0.5625,0.0
0,ALLD,0.0,common_field,Random (0.5),2000000000013,3.1,0.475,0.0,0.525,0.0
0,ALLD,0.0,common_field,Random (0.5),2000000000014,3.15,0.4625,0.0,0.5375,0.0
0,ALLD,0.0,common_field,Random (0.5),2000000000015,3.1,0.475,0.0,0.525,0.0
0,ALLD,0.0,common_field,Random (0.5),2000000000016,2.75,0.5625,0.0,0.4375,0.0
0,ALLD,0.0,common_field,Random (0.5),2000000000017,3.35,0.4125,0.0,0.5875,0.0
0,ALLD,0.0,common_field,Random (0.5),2000000000018,2.75,0.5625,0.0,0.4375,0.0
0,ALLD,0.0,common_field,Random (0.5),2000000000019,3.1,0.475,0.0,0.525,0.0
0,ALLD,0.0,common_field,Tester,2000000000000,1.1,0.975,0.0,0.025,0.0
0,ALLD,0.0,common_field,Tester,2000000000001,1.1,0.975,0.0,0.025,0.0
0,ALLD,0.0,common_field,Tester,2000000000002,1.1,0.975,0.0,0.025,0.0
0,ALLD,0.0,common_field,Tester,2000000000003,1.1,0.975,0.0,0.025,0.0
0,ALLD,0.0,common_field,Tester,2000000000004,1.1,0.975,0.0,0.025,0.0
0,ALLD,0.0,common_field,Tester,2000000000005,1.1,0.975,0.0,0.025,0.0
0,ALLD,0.0,common_field,Tester,2000000000006,1.1,0.975,0.0,0.025,0.0
0,ALLD,0.0,common_field,Tester,2000000000007,1.1,0.975,0.0,0.025,0.0
0,ALLD,0.0,common_field,Tester,2000000000008,1.1,0.975,0.0,0.025,0.0
0,ALLD,0.0,common_field,Tester,2000000000009,1.1,0.975,0.0,0.025,0.0
0,ALLD,0.0,common_field,Tester,2000000000010,1.1,0.975,0.0,0.025,0.0
0,ALLD,0.0,common_field,Tester,2000000000011,1.1,0.975,0.0,0.025,0.0
0,ALLD,0.0,common_field,Tester,2000000000012,1.1,0.975,0.0,0.025,0.0
0,ALLD,0.0,common_field,Tester,2000000000013,1.1,0.975,0.0,0.025,0.0
0,ALLD,0.0,common_field,Tester,2000000000014,1.1,0.975,0.0,0.025,0.0
0,ALLD,0.0,common_field,Tester,2000000000015,1.1,0.975,0.0,0.025,0.0
0,ALLD,0.0,common_field,Tester,2000000000016,1.1,0.975,0.0,0.025,0.0
0,ALLD,0.0,common_field,Tester,2000000000017,1.1,0.975,0.0,0.025,0.0
0,ALLD,0.0,common_field,Tester,2000000000018,1.1,0.975,0.0,0.025,0.0
0,ALLD,0.0,common_field,Tester,2000000000019,1.1,0.975,0.0,0.025,0.0
0,ALLD,0.0,common_field,Pavlov (Win-Stay Lose-Shift),2000000000000,3.0,0.5,0.0,0.5,0.0
0,ALLD,0.0,common_field,Pavlov (Win-Stay Lose-Shift),2000000000001,3.0,0.5,0.0,0.5,0.0
0,ALLD,0.0,common_field,Pavlov (Win-Stay Lose-Shift),2000000000002,3.0,0.5,0.0,0.5,0.0
0,ALLD,0.0,common_field,Pavlov (Win-Stay Lose-Shift),2000000000003,3.0,0.5,0.0,0.5,0.0
0,ALLD,0.0,common_field,Pavlov (Win-Stay Lose-Shift),2000000000004,3.0,0.5,0.0,0.5,0.0
0,ALLD,0.0,common_field,Pavlov (Win-Stay Lose-Shift),2000000000005,3.0,0.5,0.0,0.5,0.0
0,ALLD,0.0,common_field,Pavlov (Win-Stay Lose-Shift),2000000000006,3.0,0.5,0.0,0.5,0.0
0,ALLD,0.0,common_field,Pavlov (Win-Stay Lose-Shift),2000000000007,3.0,0.5,0.0,0.5,0.0
0,ALLD,0.0,common_field,Pavlov (Win-Stay Lose-Shift),2000000000008,3.0,0.5,0.0,0.5,0.0
0,ALLD,0.0,common_field,Pavlov (Win-Stay Lose-Shift),2000000000009,3.0,0.5,0.0,0.5,0.0
0,ALLD,0.0,common_field,Pavlov (Win-Stay Lose-Shift),2000000000010,3.0,0.5,0.0,0.5,0.0
0,ALLD,0.0,common_field,Pavlov (Win-Stay Lose-Shift),2000000000011,3.0,0.5,0.0,0.5,0.0
0,ALLD,0.0,common_field,Pavlov (Win-Stay Lose-Shift),2000000000012,3.0,0.5,0.0,0.5,0.0
0,ALLD,0.0,common_field,Pavlov (Win-Stay Lose-Shift),2000000000013,3.0,0.5,0.0,0.5,0.0
0,ALLD,0.0,common_field,Pavlov (Win-Stay Lose-Shift),2000000000014,3.0,0.5,0.0,0.5,0.0
0,ALLD,0.0,common_field,Pavlov (Win-Stay Lose-Shift),2000000000015,3.0,0.5,0.0,0.5,0.0
0,ALLD,0.0,common_field,Pavlov (Win-Stay Lose-Shift),2000000000016,3.0,0.5,0.0,0.5,0.0
0,ALLD,0.0,common_field,Pavlov (Win-Stay Lose-Shift),2000000000017,3.0,0.5,0.0,0.5,0.0
0,ALLD,0.0,common_field,Pavlov (Win-Stay Lose-Shift),2000000000018,3.0,0.5,0.0,0.5,0.0
0,ALLD,0.0,common_field,Pavlov (Win-Stay Lose-Shift),2000000000019,3.0,0.5,0.0,0.5,0.0
0,ALLD,0.0,ALLC,Memory-1(ALLC),2000000000000,5.0,0.0,0.0,1.0,0.0
0,ALLD,0.0,ALLC,Memory-1(ALLC),2000000000001,5.0,0.0,0.0,1.0,0.0
0,ALLD,0.0,ALLC,Memory-1(ALLC),2000000000002,5.0,0.0,0.0,1.0,0.0
0,ALLD,0.0,ALLC,Memory-1(ALLC),2000000000003,5.0,0.0,0.0,1.0,0.0
0,ALLD,0.0,ALLC,Memory-1(ALLC),2000000000004,5.0,0.0,0.0,1.0,0.0
0,ALLD,0.0,ALLC,Memory-1(ALLC),2000000000005,5.0,0.0,0.0,1.0,0.0
0,ALLD,0.0,ALLC,Memory-1(ALLC),2000000000006,5.0,0.0,0.0,1.0,0.0
0,ALLD,0.0,ALLC,Memory-1(ALLC),2000000000007,5.0,0.0,0.0,1.0,0.0
0,ALLD,0.0,ALLC,Memory-1(ALLC),2000000000008,5.0,0.0,0.0,1.0,0.0
0,ALLD,0.0,ALLC,Memory-1(ALLC),2000000000009,5.0,0.0,0.0,1.0,0.0
0,ALLD,0.0,ALLC,Memory-1(ALLC),2000000000010,5.0,0.0,0.0,1.0,0.0
0,ALLD,0.0,ALLC,Memory-1(ALLC),2000000000011,5.0,0.0,0.0,1.0,0.0
0,ALLD,0.0,ALLC,Memory-1(ALLC),2000000000012,5.0,0.0,0.0,1.0,0.0
0,ALLD,0.0,ALLC,Memory-1(ALLC),2000000000013,5.0,0.0,0.0,1.0,0.0
0,ALLD,0.0,ALLC,Memory-1(ALLC),2000000000014,5.0,0.0,0.0,1.0,0.0
0,ALLD,0.0,ALLC,Memory-1(ALLC),2000000000015,5.0,0.0,0.0,1.0,0.0
0,ALLD,0.0,ALLC,Memory-1(ALLC),2000000000016,5.0,0.0,0.0,1.0,0.0
0,ALLD,0.0,ALLC,Memory-1(ALLC),2000000000017,5.0,0.0,0.0,1.0,0.0
0,ALLD,0.0,ALLC,Memory-1(ALLC),2000000000018,5.0,0.0,0.0,1.0,0.0
0,ALLD,0.0,ALLC,Memory-1(ALLC),2000000000019,5.0,0.0,0.0,1.0,0.0
0,ALLD,0.0,self,Memory-1(ALLD),2000000000000,1.0,1.0,0.0,0.0,0.0
0,ALLD,0.0,self,Memory-1(ALLD),2000000000001,1.0,1.0,0.0,0.0,0.0
0,ALLD,0.0,self,Memory-1(ALLD),2000000000002,1.0,1.0,0.0,0.0,0.0
0,ALLD,0.0,self,Memory-1(ALLD),2000000000003,1.0,1.0,0.0,0.0,0.0
0,ALLD,0.0,self,Memory-1(ALLD),2000000000004,1.0,1.0,0.0,0.0,0.0
0,ALLD,0.0,self,Memory-1(ALLD),2000000000005,1.0,1.0,0.0,0.0,0.0
0,ALLD,0.0,self,Memory-1(ALLD),2000000000006,1.0,1.0,0.0,0.0,0.0
0,ALLD,0.0,self,Memory-1(ALLD),2000000000007,1.0,1.0,0.0,0.0,0.0
0,ALLD,0.0,self,Memory-1(ALLD),2000000000008,1.0,1.0,0.0,0.0,0.0
0,ALLD,0.0,self,Memory-1(ALLD),2000000000009,1.0,1.0,0.0,0.0,0.0
0,ALLD,0.0,self,Memory-1(ALLD),2000000000010,1.0,1.0,0.0,0.0,0.0
0,ALLD,0.0,self,Memory-1(ALLD),2000000000011,1.0,1.0,0.0,0.0,0.0
0,ALLD,0.0,self,Memory-1(ALLD),2000000000012,1.0,1.0,0.0,0.0,0.0
0,ALLD,0.0,self,Memory-1(ALLD),2000000000013,1.0,1.0,0.0,0.0,0.0
0,ALLD,0.0,self,Memory-1(ALLD),2000000000014,1.0,1.0,0.0,0.0,0.0
0,ALLD,0.0,self,Memory-1(ALLD),2000000000015,1.0,1.0,0.0,0.0,0.0
0,ALLD,0.0,self,Memory-1(ALLD),2000000000016,1.0,1.0,0.0,0.0,0.0
0,ALLD,0.0,self,Memory-1(ALLD),2000000000017,1.0,1.0,0.0,0.0,0.0
0,ALLD,0.0,self,Memory-1(ALLD),2000000000018,1.0,1.0,0.0,0.0,0.0
0,ALLD,0.0,self,Memory-1(ALLD),2000000000019,1.0,1.0,0.0,0.0,0.0
0,ALLD,0.05,common_field,Tit For Tat,2000000000000,1.2875,1.1,0.05,0.0875,0.0125
0,ALLD,0.05,common_field,Tit For Tat,2000000000001,1.25,1.25,0.0875,0.0875,0.0125
0,ALLD,0.05,common_field,Tit For Tat,2000000000002,1.2875,0.975,0.0125,0.075,0.0
0,ALLD,0.05,common_field,Tit For Tat,2000000000003,1.35,1.1,0.05,0.1,0.0
0,ALLD,0.05,common_field,Tit For Tat,2000000000004,1.2875,1.1,0.05,0.0875,0.0125
0,ALLD,0.05,common_field,Tit For Tat,2000000000005,1.2625,1.075,0.0375,0.075,0.0
0,ALLD,0.05,common_field,Tit For Tat,2000000000006,1.1625,1.1,0.0375,0.05,0.0
0,ALLD,0.05,common_field,Tit For Tat,2000000000007,1.2375,0.9875,0.0125,0.0625,0.0
0,ALLD,0.05,common_field,Tit For Tat,2000000000008,1.3125,1.0,0.025,0.0875,0.0125
0,ALLD,0.05,common_field,Tit For Tat,2000000000009,1.3125,1.0625,0.0375,0.0875,0.0
0,ALLD,0.05,common_field,Tit For Tat,2000000000010,1.2625,1.075,0.0375,0.075,0.0
0,ALLD,0.05,common_field,Tit For Tat,2000000000011,1.2625,1.075,0.0375,0.075,0.0
0,ALLD,0.05,common_field,Tit For Tat,2000000000012,1.3875,1.0125,0.0375,0.1125,0.025
0,ALLD,0.05,common_field,Tit For Tat,2000000000013,1.5125,1.2,0.0875,0.15,0.0
0,ALLD,0.05,common_field,Tit For Tat,2000000000014,1.3,1.1125,0.05,0.0875,0.0
0,ALLD,0.05,common_field,Tit For Tat,2000000000015,1.375,1.0,0.025,0.1,0.0
0,ALLD,0.05,common_field,Tit For Tat,2000000000016,1.2125,1.0875,0.0375,0.0625,0.0
0,ALLD,0.05,common_field,Tit For Tat,2000000000017,1.2125,1.0875,0.0375,0.0625,0.0
0,ALLD,0.05,common_field,Tit For Tat,2000000000018,1.3625,1.05,0.0375,0.1,0.0
0,ALLD,0.05,common_field,Tit For Tat,2000000000019,1.4625,1.025,0.0375,0.125,0.0
0,ALLD,0.05,common_field,Always Defect,2000000000000,1.05,1.175,0.05,0.025,0.0
0,ALLD,0.05,common_field,Always Defect,2000000000001,0.9625,1.3375,0.0875,0.0125,0.0
0,ALLD,0.05,common_field,Always Defect,2000000000002,1.1875,1.0,0.0125,0.05,0.0
0,ALLD,0.05,common_field,Always Defect,2000000000003,1.1,1.1625,0.05,0.0375,0.0
0,ALLD,0.05,common_field,Always Defect,2000000000004,1.05,1.175,0.05,0.025,0.0
0,ALLD,0.05,common_field,Always Defect,2000000000005,1.0625,1.125,0.0375,0.025,0.0
0,ALLD,0.05,common_field,Always Defect,2000000000006,1.0625,1.125,0.0375,0.025,0.0
0,ALLD,0.05,common_field,Always Defect,2000000000007,1.1375,1.0125,0.0125,0.0375,0.0
0,ALLD,0.05,common_field,Always Defect,2000000000008,1.1625,1.0375,0.025,0.05,0.0125
0,ALLD,0.05,common_field,Always Defect,2000000000009,1.1125,1.1125,0.0375,0.0375,0.0
0,ALLD,0.05,common_field,Always Defect,2000000000010,1.1625,1.1,0.0375,0.05,0.0
0,ALLD,0.05,common_field,Always Defect,2000000000011,1.0625,1.125,0.0375,0.025,0.0
0,ALLD,0.05,common_field,Always Defect,2000000000012,1.2875,1.0375,0.0375,0.0875,0.025
0,ALLD,0.05,common_field,Always Defect,2000000000013,1.1125,1.3,0.0875,0.05,0.0
0,ALLD,0.05,common_field,Always Defect,2000000000014,1.05,1.175,0.05,0.025,0.0
0,ALLD,0.05,common_field,Always Defect,2000000000015,1.225,1.0375,0.025,0.0625,0.0
0,ALLD,0.05,common_field,Always Defect,2000000000016,1.0125,1.1375,0.0375,0.0125,0.0
0,ALLD,0.05,common_field,Always Defect,2000000000017,1.0125,1.1375,0.0375,0.0125,0.0
0,ALLD,0.05,common_field,Always Defect,2000000000018,1.1625,1.1,0.0375,0.05,0.0
0,ALLD,0.05,common_field,Always Defect,2000000000019,1.2625,1.075,0.0375,0.075,0.0
0,ALLD,0.05,common_field,Grudger,2000000000000,1.1,1.1625,0.05,0.0375,0.0
0,ALLD,0.05,common_field,Grudger,2000000000001,0.9125,1.35,0.0875,0.0,0.0
0,ALLD,0.05,common_field,Grudger,2000000000002,1.2375,0.9875,0.0125,0.0625,0.0
0,ALLD,0.05,common_field,Grudger,2000000000003,1.15,1.15,0.05,0.05,0.0
0,ALLD,0.05,common_field,Grudger,2000000000004,1.1375,1.1375,0.05,0.05,0.0125
0,ALLD,0.05,common_field,Grudger,2000000000005,1.1125,1.1125,0.0375,0.0375,0.0
0,ALLD,0.05,common_field,Grudger,2000000000006,1.0125,1.1375,0.0375,0.0125,0.0
0,ALLD,0.05,common_field,Grudger,2000000000007,1.1875,1.0,0.0125,0.05,0.0
0,ALLD,0.05,common_field,Grudger,2000000000008,1.2125,1.025,0.025,0.0625,0.0125
0,ALLD,0.05,common_field,Grudger,2000000000009,1.1625,1.1,0.0375,0.05,0.0
0,ALLD,0.05,common_field,Grudger,2000000000010,1.2125,1.0875,0.0375,0.0625,0.0
0,ALLD,0.05,common_field,Grudger,2000000000011,1.1125,1.1125,0.0375,0.0375,0.0
0,ALLD,0.05,common_field,Grudger,2000000000012,1.3375,1.025,0.0375,0.1,0.025
0,ALLD,0.05,common_field,Grudger,2000000000013,1.1625,1.2875,0.0875,0.0625,0.0
0,ALLD,0.05,common_field,Grudger,2000000000014,1.1,1.1625,0.05,0.0375,0.0
0,ALLD,0.05,common_field,Grudger,2000000000015,1.275,1.025,0.025,0.075,0.0
0,ALLD,0.05,common_field,Grudger,2000000000016,1.0625,1.125,0.0375,0.025,0.0
0,ALLD,0.05,common_field,Grudger,2000000000017,1.0625,1.125,0.0375,0.025,0.0
0,ALLD,0.05,common_field,Grudger,2000000000018,1.2125,1.0875,0.0375,0.0625,0.0
0,ALLD,0.05,common_field,Grudger,2000000000019,1.3125,1.0625,0.0375,0.0875,0.0
0,ALLD,0.05,common_field,Joss (0.9),2000000000000,1.2875,1.1,0.05,0.0875,0.0125
0,ALLD,0.05,common_field,Joss (0.9),2000000000001,1.25,1.25,0.0875,0.0875,0.0125
0,ALLD,0.05,common_field,Joss (0.9),2000000000002,1.2375,0.9875,0.0125,0.0625,0.0
0,ALLD,0.05,common_field,Joss (0.9),2000000000003,1.4,1.0875,0.05,0.1125,0.0
0,ALLD,0.05,common_field,Joss (0.9),2000000000004,1.2375,1.1125,0.05,0.075,0.0125
0,ALLD,0.05,common_field,Joss (0.9),2000000000005,1.2125,1.0875,0.0375,0.0625,0.0
0,ALLD,0.05,common_field,Joss (0.9),2000000000006,1.1625,1.1,0.0375,0.05,0.0
0,ALLD,0.05,common_field,Joss (0.9),2000000000007,1.2875,0.975,0.0125,0.075,0.0
0,ALLD,0.05,common_field,Joss (0.9),2000000000008,1.3125,1.0,0.025,0.0875,0.0125
0,ALLD,0.05,common_field,Joss (0.9),2000000000009,1.3125,1.0625,0.0375,0.0875,0.0
0,ALLD,0.05,common_field,Joss (0.9),2000000000010,1.3,1.05,0.0375,0.0875,0.0125
0,ALLD,0.05,common_field,Joss (0.9),2000000000011,1.2625,1.075,0.0375,0.075,0.0
0,ALLD,0.05,common_field,Joss (0.9),2000000000012,1.4,1.025,0.0375,0.1125,0.0125
0,ALLD,0.05,common_field,Joss (0.9),2000000000013,1.4125,1.225,0.0875,0.125,0.0
0,ALLD,0.05,common_field,Joss (0.9),2000000000014,1.25,1.125,0.05,0.075,0.0
0,ALLD,0.05,common_field,Joss (0.9),2000000000015,1.325,1.0125,0.025,0.0875,0.0
0,ALLD,0.05,common_field,Joss (0.9),2000000000016,1.2625,1.075,0.0375,0.075,0.0
0,ALLD,0.05,common_field,Joss (0.9),2000000000017,1.2125,1.0875,0.0375,0.0625,0.0
0,ALLD,0.05,common_field,Joss (0.9),2000000000018,1.3625,1.05,0.0375,0.1,0.0
0,ALLD,0.05,common_field,Joss (0.9),2000000000019,1.4125,1.0375,0.0375,0.1125,0.0
0,ALLD,0.05,common_field,Random (0.5),2000000000000,2.6875,0.75,0.05,0.4375,0.0125
0,ALLD,0.05,common_field,Random (0.5),2000000000001,2.425,0.925,0.0875,0.3875,0.0375
0,ALLD,0.05,common_field,Random (0.5),2000000000002,3.0375,0.5375,0.0125,0.5125,0.0
0,ALLD,0.05,common_field,Random (0.5),2000000000003,2.8625,0.675,0.05,0.4875,0.0375
0,ALLD,0.05,common_field,Random (0.5),2000000000004,2.625,0.75,0.05,0.425,0.025
0,ALLD,0.05,common_field,Random (0.5),2000000000005,2.6125,0.7375,0.0375,0.4125,0.0
0,ALLD,0.05,common_field,Random (0.5),2000000000006,3.2375,0.55,0.0375,0.575,0.025
0,ALLD,0.05,common_field,Random (0.5),2000000000007,2.9875,0.55,0.0125,0.5,0.0
0,ALLD,0.05,common_field,Random (0.5),2000000000008,2.725,0.6625,0.025,0.4375,0.0
0,ALLD,0.05,common_field,Random (0.5),2000000000009,2.9875,0.6125,0.0375,0.5125,0.025
0,ALLD,0.05,common_field,Random (0.5),2000000000010,3.3375,0.525,0.0375,0.6,0.025
0,ALLD,0.05,common_field,Random (0.5),2000000000011,2.9875,0.6125,0.0375,0.5125,0.025
0,ALLD,0.05,common_field,Random (0.5),2000000000012,3.4375,0.5,0.0375,0.625,0.025
0,ALLD,0.05,common_field,Random (0.5),2000000000013,2.7125,0.8375,0.0875,0.4625,0.05
0,ALLD,0.05,common_field,Random (0.5),2000000000014,3.3875,0.575,0.05,0.6125,0.0125
0,ALLD,0.05,common_field,Random (0.5),2000000000015,3.075,0.575,0.025,0.525,0.0
0,ALLD,0.05,common_field,Random (0.5),2000000000016,3.0875,0.5875,0.0375,0.5375,0.025
0,ALLD,0.05,common_field,Random (0.5),2000000000017,3.1,0.6,0.0375,0.5375,0.0125
0,ALLD,0.05,common_field,Random (0.5),2000000000018,3.0875,0.5875,0.0375,0.5375,0.025
0,ALLD,0.05,common_field,Random (0.5),2000000000019,3.2,0.575,0.0375,0.5625,0.0125
0,ALLD,0.05,common_field,Tester,2000000000000,1.3375,1.0875,0.05,0.1,0.0125
0,ALLD,0.05,common_field,Tester,2000000000001,1.3,1.2375,0.0875,0.1,0.0125
0,ALLD,0.05,common_field,Tester,2000000000002,1.3375,0.9625,0.0125,0.0875,0.0
0,ALLD,0.05,common_field,Tester,2000000000003,1.4,1.0875,0.05,0.1125,0.0
0,ALLD,0.05,common_field,Tester,2000000000004,1.2875,1.1,0.05,0.0875,0.0125
0,ALLD,0.05,common_field,Tester,2000000000005,1.3125,1.0625,0.0375,0.0875,0.0
0,ALLD,0.05,common_field,Tester,2000000000006,1.2125,1.0875,0.0375,0.0625,0.0
0,ALLD,0.05,common_field,Tester,2000000000007,1.2875,0.975,0.0125,0.075,0.0
0,ALLD,0.05,common_field,Tester,2000000000008,1.2625,1.0125,0.025,0.075,0.0125
0,ALLD,0.05,common_field,Tester,2000000000009,1.3625,1.05,0.0375,0.1,0.0
0,ALLD,0.05,common_field,Tester,2000000000010,1.3125,1.0625,0.0375,0.0875,0.0
0,ALLD,0.05,common_field,Tester,2000000000011,1.3125,1.0625,0.0375,0.0875,0.0
0,ALLD,0.05,common_field,Tester,2000000000012,1.4375,1.0,0.0375,0.125,0.025
0,ALLD,0.05,common_field,Tester,2000000000013,1.55,1.175,0.0875,0.1625,0.0125
0,ALLD,0.05,common_field,Tester,2000000000014,1.35,1.1,0.05,0.1,0.0
0,ALLD,0.05,common_field,Tester,2000000000015,1.325,1.0125,0.025,0.0875,0.0
0,ALLD,0.05,common_field,Tester,2000000000016,1.2625,1.075,0.0375,0.075,0.0
0,ALLD,0.05,common_field,Tester,2000000000017,1.2625,1.075,0.0375,0.075,0.0
0,ALLD,0.05,common_field,Tester,2000000000018,1.4125,1.0375,0.0375,0.1125,0.0
0,ALLD,0.05,common_field,Tester,2000000000019,1.5125,1.0125,0.0375,0.1375,0.0
0,ALLD,0.05,common_field,Pavlov (Win-Stay Lose-Shift),2000000000000,2.9125,0.6625,0.05,0.5,0.0375
0,ALLD,0.05,common_field,Pavlov (Win-Stay Lose-Shift),2000000000001,2.825,0.825,0.0875,0.4875,0.0375
0,ALLD,0.05,common_field,Pavlov (Win-Stay Lose-Shift),2000000000002,2.9875,0.55,0.0125,0.5,0.0
0,ALLD,0.05,common_field,Pavlov (Win-Stay Lose-Shift),2000000000003,2.925,0.675,0.05,0.5,0.025
0,ALLD,0.05,common_field,Pavlov (Win-Stay Lose-Shift),2000000000004,3.0125,0.6375,0.05,0.525,0.0375
0,ALLD,0.05,common_field,Pavlov (Win-Stay Lose-Shift),2000000000005,3.075,0.575,0.0375,0.5375,0.0375
0,ALLD,0.05,common_field,Pavlov (Win-Stay Lose-Shift),2000000000006,2.95,0.6375,0.0375,0.5,0.0125
0,ALLD,0.05,common_field,Pavlov (Win-Stay Lose-Shift),2000000000007,2.8875,0.575,0.0125,0.475,0.0
0,ALLD,0.05,common_field,Pavlov (Win-Stay Lose-Shift),2000000000008,3.05,0.55,0.025,0.525,0.025
0,ALLD,0.05,common_field,Pavlov (Win-Stay Lose-Shift),2000000000009,2.9375,0.625,0.0375,0.5,0.025
0,ALLD,0.05,common_field,Pavlov (Win-Stay Lose-Shift),2000000000010,2.9,0.65,0.0375,0.4875,0.0125
0,ALLD,0.05,common_field,Pavlov (Win-Stay Lose-Shift),2000000000011,2.9,0.65,0.0375,0.4875,0.0125
0,ALLD,0.05,common_field,Pavlov (Win-Stay Lose-Shift),2000000000012,3.025,0.5875,0.0375,0.525,0.0375
0,ALLD,0.05,common_field,Pavlov (Win-Stay Lose-Shift),2000000000013,2.85,0.85,0.0875,0.4875,0.0125
0,ALLD,0.05,common_field,Pavlov (Win-Stay Lose-Shift),2000000000014,2.9125,0.6625,0.05,0.5,0.0375
0,ALLD,0.05,common_field,Pavlov (Win-Stay Lose-Shift),2000000000015,2.925,0.6125,0.025,0.4875,0.0
0,ALLD,0.05,common_field,Pavlov (Win-Stay Lose-Shift),2000000000016,2.9875,0.6125,0.0375,0.5125,0.025
0,ALLD,0.05,common_field,Pavlov (Win-Stay Lose-Shift),2000000000017,2.9375,0.625,0.0375,0.5,0.025
0,ALLD,0.05,common_field,Pavlov (Win-Stay Lose-Shift),2000000000018,2.95,0.6375,0.0375,0.5,0.0125
0,ALLD,0.05,common_field,Pavlov (Win-Stay Lose-Shift),2000000000019,3.05,0.6125,0.0375,0.525,0.0125
0,ALLD,0.05,ALLC,Memory-1(ALLC),2000000000000,4.5625,0.25,0.05,0.9125,0.0375
0,ALLD,0.05,ALLC,Memory-1(ALLC),2000000000001,4.7875,0.2875,0.0875,0.9875,0.075
0,ALLD,0.05,ALLC,Memory-1(ALLC),2000000000002,4.775,0.0875,0.0125,0.95,0.0125
0,ALLD,0.05,ALLC,Memory-1(ALLC),2000000000003,4.7125,0.2125,0.05,0.95,0.0375
0,ALLD,0.05,ALLC,Memory-1(ALLC),2000000000004,4.75,0.1875,0.05,0.9625,0.05
0,ALLD,0.05,ALLC,Memory-1(ALLC),2000000000005,4.775,0.15,0.0375,0.9625,0.0375
0,ALLD,0.05,ALLC,Memory-1(ALLC),2000000000006,4.875,0.125,0.0375,0.9875,0.0375
0,ALLD,0.05,ALLC,Memory-1(ALLC),2000000000007,4.875,0.0625,0.0125,0.975,0.0125
0,ALLD,0.05,ALLC,Memory-1(ALLC),2000000000008,4.8,0.1125,0.025,0.9625,0.025
0,ALLD,0.05,ALLC,Memory-1(ALLC),2000000000009,4.775,0.15,0.0375,0.9625,0.0375
0,ALLD,0.05,ALLC,Memory-1(ALLC),2000000000010,4.775,0.15,0.0375,0.9625,0.0375
0,ALLD,0.05,ALLC,Memory-1(ALLC),2000000000011,4.775,0.15,0.0375,0.9625,0.0375
0,ALLD,0.05,ALLC,Memory-1(ALLC),2000000000012,4.575,0.2,0.0375,0.9125,0.0375
0,ALLD,0.05,ALLC,Memory-1(ALLC),2000000000013,4.625,0.3125,0.0875,0.95,0.0875
0,ALLD,0.05,ALLC,Memory-1(ALLC),2000000000014,4.8,0.175,0.05,0.975,0.05
0,ALLD,0.05,ALLC,Memory-1(ALLC),2000000000015,4.8125,0.125,0.025,0.9625,0.0125
0,ALLD,0.05,ALLC,Memory-1(ALLC),2000000000016,4.775,0.15,0.0375,0.9625,0.0375
0,ALLD,0.05,ALLC,Memory-1(ALLC),2000000000017,4.775,0.15,0.0375,0.9625,0.0375
0,ALLD,0.05,ALLC,Memory-1(ALLC),2000000000018,4.775,0.15,0.0375,0.9625,0.0375
0,ALLD,0.05,ALLC,Memory-1(ALLC),2000000000019,4.475,0.225,0.0375,0.8875,0.0375
0,ALLD,0.05,self,Memory-1(ALLD),2000000000000,1.2875,1.1,0.05,0.0875,0.0125
0,ALLD,0.05,self,Memory-1(ALLD),2000000000001,0.95,1.325,0.0875,0.0125,0.0125
0,ALLD,0.05,self,Memory-1(ALLD),2000000000002,1.1875,1.0,0.0125,0.05,0.0
0,ALLD,0.05,self,Memory-1(ALLD),2000000000003,1.1375,1.1375,0.05,0.05,0.0125
0,ALLD,0.05,self,Memory-1(ALLD),2000000000004,1.1,1.1625,0.05,0.0375,0.0
0,ALLD,0.05,self,Memory-1(ALLD),2000000000005,1.1125,1.1125,0.0375,0.0375,0.0
0,ALLD,0.05,self,Memory-1(ALLD),2000000000006,1.0125,1.1375,0.0375,0.0125,0.0
0,ALLD,0.05,self,Memory-1(ALLD),2000000000007,1.0875,1.025,0.0125,0.025,0.0
0,ALLD,0.05,self,Memory-1(ALLD),2000000000008,1.125,1.0625,0.025,0.0375,0.0
0,ALLD,0.05,self,Memory-1(ALLD),2000000000009,1.1125,1.1125,0.0375,0.0375,0.0
0,ALLD,0.05,self,Memory-1(ALLD),2000000000010,1.1125,1.1125,0.0375,0.0375,0.0
0,ALLD,0.05,self,Memory-1(ALLD),2000000000011,1.1125,1.1125,0.0375,0.0375,0.0
0,ALLD,0.05,self,Memory-1(ALLD),2000000000012,1.3125,1.0625,0.0375,0.0875,0.0
0,ALLD,0.05,self,Memory-1(ALLD),2000000000013,1.1125,1.3,0.0875,0.05,0.0
0,ALLD,0.05,self,Memory-1(ALLD),2000000000014,1.05,1.175,0.05,0.025,0.0
0,ALLD,0.05,self,Memory-1(ALLD),2000000000015,1.1125,1.05,0.025,0.0375,0.0125
0,ALLD,0.05,self,Memory-1(ALLD),2000000000016,1.1125,1.1125,0.0375,0.0375,0.0
0,ALLD,0.05,self,Memory-1(ALLD),2000000000017,1.1125,1.1125,0.0375,0.0375,0.0
0,ALLD,0.05,self,Memory-1(ALLD),2000000000018,1.1125,1.1125,0.0375,0.0375,0.0
0,ALLD,0.05,self,Memory-1(ALLD),2000000000019,1.4125,1.0375,0.0375,0.1125,0.0
1,TFT,0.0,common_field,Tit For Tat,2000000000020,3.0,3.0,1.0,1.0,1.0
1,TFT,0.0,common_field,Tit For Tat,2000000000021,3.0,3.0,1.0,1.0,1.0
1,TFT,0.0,common_field,Tit For Tat,2000000000022,3.0,3.0,1.0,1.0,1.0
1,TFT,0.0,common_field,Tit For Tat,2000000000023,3.0,3.0,1.0,1.0,1.0
1,TFT,0.0,common_field,Tit For Tat,2000000000024,3.0,3.0,1.0,1.0,1.0
1,TFT,0.0,common_field,Tit For Tat,2000000000025,3.0,3.0,1.0,1.0,1.0
1,TFT,0.0,common_field,Tit For Tat,2000000000026,3.0,3.0,1.0,1.0,1.0
1,TFT,0.0,common_field,Tit For Tat,2000000000027,3.0,3.0,1.0,1.0,1.0
1,TFT,0.0,common_field,Tit For Tat,2000000000028,3.0,3.0,1.0,1.0,1.0
1,TFT,0.0,common_field,Tit For Tat,2000000000029,3.0,3.0,1.0,1.0,1.0
1,TFT,0.0,common_field,Tit For Tat,2000000000030,3.0,3.0,1.0,1.0,1.0
1,TFT,0.0,common_field,Tit For Tat,2000000000031,3.0,3.0,1.0,1.0,1.0
1,TFT,0.0,common_field,Tit For Tat,2000000000032,3.0,3.0,1.0,1.0,1.0
1,TFT,0.0,common_field,Tit For Tat,2000000000033,3.0,3.0,1.0,1.0,1.0
1,TFT,0.0,common_field,Tit For Tat,2000000000034,3.0,3.0,1.0,1.0,1.0
1,TFT,0.0,common_field,Tit For Tat,2000000000035,3.0,3.0,1.0,1.0,1.0
1,TFT,0.0,common_field,Tit For Tat,2000000000036,3.0,3.0,1.0,1.0,1.0
1,TFT,0.0,common_field,Tit For Tat,2000000000037,3.0,3.0,1.0,1.0,1.0
1,TFT,0.0,common_field,Tit For Tat,2000000000038,3.0,3.0,1.0,1.0,1.0
1,TFT,0.0,common_field,Tit For Tat,2000000000039,3.0,3.0,1.0,1.0,1.0
1,TFT,0.0,common_field,Always Defect,2000000000020,0.9875,1.05,0.0125,0.0,0.0
1,TFT,0.0,common_field,Always Defect,2000000000021,0.9875,1.05,0.0125,0.0,0.0
1,TFT,0.0,common_field,Always Defect,2000000000022,0.9875,1.05,0.0125,0.0,0.0
1,TFT,0.0,common_field,Always Defect,2000000000023,0.9875,1.05,0.0125,0.0,0.0
1,TFT,0.0,common_field,Always Defect,2000000000024,0.9875,1.05,0.0125,0.0,0.0
1,TFT,0.0,common_field,Always Defect,2000000000025,0.9875,1.05,0.0125,0.0,0.0
1,TFT,0.0,common_field,Always Defect,2000000000026,0.9875,1.05,0.0125,0.0,0.0
1,TFT,0.0,common_field,Always Defect,2000000000027,0.9875,1.05,0.0125,0.0,0.0
1,TFT,0.0,common_field,Always Defect,2000000000028,0.9875,1.05,0.0125,0.0,0.0
1,TFT,0.0,common_field,Always Defect,2000000000029,0.9875,1.05,0.0125,0.0,0.0
1,TFT,0.0,common_field,Always Defect,2000000000030,0.9875,1.05,0.0125,0.0,0.0
1,TFT,0.0,common_field,Always Defect,2000000000031,0.9875,1.05,0.0125,0.0,0.0
1,TFT,0.0,common_field,Always Defect,2000000000032,0.9875,1.05,0.0125,0.0,0.0
1,TFT,0.0,common_field,Always Defect,2000000000033,0.9875,1.05,0.0125,0.0,0.0
1,TFT,0.0,common_field,Always Defect,2000000000034,0.9875,1.05,0.0125,0.0,0.0
1,TFT,0.0,common_field,Always Defect,2000000000035,0.9875,1.05,0.0125,0.0,0.0
1,TFT,0.0,common_field,Always Defect,2000000000036,0.9875,1.05,0.0125,0.0,0.0
1,TFT,0.0,common_field,Always Defect,2000000000037,0.9875,1.05,0.0125,0.0,0.0
1,TFT,0.0,common_field,Always Defect,2000000000038,0.9875,1.05,0.0125,0.0,0.0
1,TFT,0.0,common_field,Always Defect,2000000000039,0.9875,1.05,0.0125,0.0,0.0
1,TFT,0.0,common_field,Grudger,2000000000020,3.0,3.0,1.0,1.0,1.0
1,TFT,0.0,common_field,Grudger,2000000000021,3.0,3.0,1.0,1.0,1.0
1,TFT,0.0,common_field,Grudger,2000000000022,3.0,3.0,1.0,1.0,1.0
1,TFT,0.0,common_field,Grudger,2000000000023,3.0,3.0,1.0,1.0,1.0
1,TFT,0.0,common_field,Grudger,2000000000024,3.0,3.0,1.0,1.0,1.0
1,TFT,0.0,common_field,Grudger,2000000000025,3.0,3.0,1.0,1.0,1.0
1,TFT,0.0,common_field,Grudger,2000000000026,3.0,3.0,1.0,1.0,1.0
1,TFT,0.0,common_field,Grudger,2000000000027,3.0,3.0,1.0,1.0,1.0
1,TFT,0.0,common_field,Grudger,2000000000028,3.0,3.0,1.0,1.0,1.0
1,TFT,0.0,common_field,Grudger,2000000000029,3.0,3.0,1.0,1.0,1.0
1,TFT,0.0,common_field,Grudger,2000000000030,3.0,3.0,1.0,1.0,1.0
1,TFT,0.0,common_field,Grudger,2000000000031,3.0,3.0,1.0,1.0,1.0
1,TFT,0.0,common_field,Grudger,2000000000032,3.0,3.0,1.0,1.0,1.0
1,TFT,0.0,common_field,Grudger,2000000000033,3.0,3.0,1.0,1.0,1.0
1,TFT,0.0,common_field,Grudger,2000000000034,3.0,3.0,1.0,1.0,1.0
1,TFT,0.0,common_field,Grudger,2000000000035,3.0,3.0,1.0,1.0,1.0
1,TFT,0.0,common_field,Grudger,2000000000036,3.0,3.0,1.0,1.0,1.0
1,TFT,0.0,common_field,Grudger,2000000000037,3.0,3.0,1.0,1.0,1.0
1,TFT,0.0,common_field,Grudger,2000000000038,3.0,3.0,1.0,1.0,1.0
1,TFT,0.0,common_field,Grudger,2000000000039,3.0,3.0,1.0,1.0,1.0
1,TFT,0.0,common_field,Joss (0.9),2000000000020,2.0,2.0625,0.4,0.3875,0.15
1,TFT,0.0,common_field,Joss (0.9),2000000000021,1.0875,1.15,0.05,0.0375,0.0125
1,TFT,0.0,common_field,Joss (0.9),2000000000022,1.875,1.9375,0.3625,0.35,0.1625
1,TFT,0.0,common_field,Joss (0.9),2000000000023,2.2125,2.275,0.425,0.4125,0.0125
1,TFT,0.0,common_field,Joss (0.9),2000000000024,1.1375,1.2,0.0875,0.075,0.075
1,TFT,0.0,common_field,Joss (0.9),2000000000025,1.6875,1.75,0.25,0.2375,0.0125
1,TFT,0.0,common_field,Joss (0.9),2000000000026,1.3375,1.4,0.15,0.1375,0.0625
1,TFT,0.0,common_field,Joss (0.9),2000000000027,1.275,1.3375,0.1125,0.1,0.0125
1,TFT,0.0,common_field,Joss (0.9),2000000000028,1.225,1.2875,0.1125,0.1,0.0625
1,TFT,0.0,common_field,Joss (0.9),2000000000029,1.275,1.3375,0.125,0.1125,0.05
1,TFT,0.0,common_field,Joss (0.9),2000000000030,1.25,1.3125,0.1375,0.125,0.1125
1,TFT,0.0,common_field,Joss (0.9),2000000000031,1.3,1.3625,0.15,0.1375,0.1
1,TFT,0.0,common_field,Joss (0.9),2000000000032,1.575,1.6375,0.25,0.2375,0.125
1,TFT,0.0,common_field,Joss (0.9),2000000000033,1.475,1.5375,0.25,0.2375,0.225
1,TFT,0.0,common_field,Joss (0.9),2000000000034,1.55,1.6125,0.275,0.2625,0.225
1,TFT,0.0,common_field,Joss (0.9),2000000000035,2.1,2.1625,0.425,0.4125,0.125
1,TFT,0.0,common_field,Joss (0.9),2000000000036,1.3375,1.4,0.1625,0.15,0.1
1,TFT,0.0,common_field,Joss (0.9),2000000000037,1.35,1.4125,0.1875,0.175,0.1625
1,TFT,0.0,common_field,Joss (0.9),2000000000038,2.2,2.2625,0.5625,0.55,0.4375
1,TFT,0.0,common_field,Joss (0.9),2000000000039,1.45,1.5125,0.1875,0.175,0.0625
1,TFT,0.0,common_field,Random (0.5),2000000000020,2.45,2.5125,0.6125,0.6,0.3375
1,TFT,0.0,common_field,Random (0.5),2000000000021,2.2,2.2,0.475,0.475,0.225
1,TFT,0.0,common_field,Random (0.5),2000000000022,2.1375,2.2,0.45,0.4375,0.1625
1,TFT,0.0,common_field,Random (0.5),2000000000023,2.2875,2.2875,0.5,0.5,0.2125
1,TFT,0.0,common_field,Random (0.5),2000000000024,2.2625,2.2625,0.5,0.5,0.2375
1,TFT,0.0,common_field,Random (0.5),2000000000025,2.2625,2.325,0.5125,0.5,0.225
1,TFT,0.0,common_field,Random (0.5),2000000000026,2.1625,2.1625,0.4625,0.4625,0.225
1,TFT,0.0,common_field,Random (0.5),2000000000027,2.1,2.1625,0.4375,0.425,0.1625
1,TFT,0.0,common_field,Random (0.5),2000000000028,2.1875,2.1875,0.4375,0.4375,0.125
1,TFT,0.0,common_field,Random (0.5),2000000000029,2.275,2.275,0.525,0.525,0.3
1,TFT,0.0,common_field,Random (0.5),2000000000030,2.3125,2.375,0.5375,0.525,0.25
1,TFT,0.0,common_field,Random (0.5),2000000000031,2.2875,2.35,0.525,0.5125,0.2375
1,TFT,0.0,common_field,Random (0.5),2000000000032,2.0375,2.0375,0.4125,0.4125,0.2
1,TFT,0.0,common_field,Random (0.5),2000000000033,2.1625,2.1625,0.4625,0.4625,0.225
1,TFT,0.0,common_field,Random (0.5),2000000000034,2.1875,2.25,0.4875,0.475,0.225
1,TFT,0.0,common_field,Random (0.5),2000000000035,2.2,2.2625,0.5,0.4875,0.25
1,TFT,0.0,common_field,Random (0.5),2000000000036,2.175,2.175,0.45,0.45,0.175
1,TFT,0.0,common_field,Random (0.5),2000000000037,2.175,2.2375,0.4875,0.475,0.2375
1,TFT,0.0,common_field,Random (0.5),2000000000038,1.9875,2.05,0.4,0.3875,0.1625
1,TFT,0.0,common_field,Random (0.5),2000000000039,2.0625,2.0625,0.425,0.425,0.2125
1,TFT,0.0,common_field,Tester,2000000000020,1.0125,1.075,0.025,0.0125,0.0125
1,TFT,0.0,common_field,Tester,2000000000021,1.0125,1.075,0.025,0.0125,0.0125
1,TFT,0.0,common_field,Tester,2000000000022,1.0125,1.075,0.025,0.0125,0.0125
1,TFT,0.0,common_field,Tester,2000000000023,1.0125,1.075,0.025,0.0125,0.0125
1,TFT,0.0,common_field,Tester,2000000000024,1.0125,1.075,0.025,0.0125,0.0125
1,TFT,0.0,common_field,Tester,2000000000025,1.0125,1.075,0.025,0.0125,0.0125
1,TFT,0.0,common_field,Tester,2000000000026,1.0125,1.075,0.025,0.0125,0.0125
1,TFT,0.0,common_field,Tester,2000000000027,1.0125,1.075,0.025,0.0125,0.0125
1,TFT,0.0,common_field,Tester,2000000000028,1.0125,1.075,0.025,0.0125,0.0125
1,TFT,0.0,common_field,Tester,2000000000029,1.0125,1.075,0.025,0.0125,0.0125
1,TFT,0.0,common_field,Tester,2000000000030,1.0125,1.075,0.025,0.0125,0.0125
1,TFT,0.0,common_field,Tester,2000000000031,1.0125,1.075,0.025,0.0125,0.0125
1,TFT,0.0,common_field,Tester,2000000000032,1.0125,1.075,0.025,0.0125,0.0125
1,TFT,0.0,common_field,Tester,2000000000033,1.0125,1.075,0.025,0.0125,0.0125
1,TFT,0.0,common_field,Tester,2000000000034,1.0125,1.075,0.025,0.0125,0.0125
1,TFT,0.0,common_field,Tester,2000000000035,1.0125,1.075,0.025,0.0125,0.0125
1,TFT,0.0,common_field,Tester,2000000000036,1.0125,1.075,0.025,0.0125,0.0125
1,TFT,0.0,common_field,Tester,2000000000037,1.0125,1.075,0.025,0.0125,0.0125
1,TFT,0.0,common_field,Tester,2000000000038,1.0125,1.075,0.025,0.0125,0.0125
1,TFT,0.0,common_field,Tester,2000000000039,1.0125,1.075,0.025,0.0125,0.0125
1,TFT,0.0,common_field,Pavlov (Win-Stay Lose-Shift),2000000000020,3.0,3.0,1.0,1.0,1.0
1,TFT,0.0,common_field,Pavlov (Win-Stay Lose-Shift),2000000000021,3.0,3.0,1.0,1.0,1.0
1,TFT,0.0,common_field,Pavlov (Win-Stay Lose-Shift),2000000000022,3.0,3.0,1.0,1.0,1.0
1,TFT,0.0,common_field,Pavlov (Win-Stay Lose-Shift),2000000000023,3.0,3.0,1.0,1.0,1.0
1,TFT,0.0,common_field,Pavlov (Win-Stay Lose-Shift),2000000000024,3.0,3.0,1.0,1.0,1.0
1,TFT,0.0,common_field,Pavlov (Win-Stay Lose-Shift),2000000000025,3.0,3.0,1.0,1.0,1.0
1,TFT,0.0,common_field,Pavlov (Win-Stay Lose-Shift),2000000000026,3.0,3.0,1.0,1.0,1.0
1,TFT,0.0,common_field,Pavlov (Win-Stay Lose-Shift),2000000000027,3.0,3.0,1.0,1.0,1.0
1,TFT,0.0,common_field,Pavlov (Win-Stay Lose-Shift),2000000000028,3.0,3.0,1.0,1.0,1.0
1,TFT,0.0,common_field,Pavlov (Win-Stay Lose-Shift),2000000000029,3.0,3.0,1.0,1.0,1.0
1,TFT,0.0,common_field,Pavlov (Win-Stay Lose-Shift),2000000000030,3.0,3.0,1.0,1.0,1.0
1,TFT,0.0,common_field,Pavlov (Win-Stay Lose-Shift),2000000000031,3.0,3.0,1.0,1.0,1.0
1,TFT,0.0,common_field,Pavlov (Win-Stay Lose-Shift),2000000000032,3.0,3.0,1.0,1.0,1.0
1,TFT,0.0,common_field,Pavlov (Win-Stay Lose-Shift),2000000000033,3.0,3.0,1.0,1.0,1.0
1,TFT,0.0,common_field,Pavlov (Win-Stay Lose-Shift),2000000000034,3.0,3.0,1.0,1.0,1.0
1,TFT,0.0,common_field,Pavlov (Win-Stay Lose-Shift),2000000000035,3.0,3.0,1.0,1.0,1.0
1,TFT,0.0,common_field,Pavlov (Win-Stay Lose-Shift),2000000000036,3.0,3.0,1.0,1.0,1.0
1,TFT,0.0,common_field,Pavlov (Win-Stay Lose-Shift),2000000000037,3.0,3.0,1.0,1.0,1.0
1,TFT,0.0,common_field,Pavlov (Win-Stay Lose-Shift),2000000000038,3.0,3.0,1.0,1.0,1.0
1,TFT,0.0,common_field,Pavlov (Win-Stay Lose-Shift),2000000000039,3.0,3.0,1.0,1.0,1.0
1,TFT,0.0,ALLC,Memory-1(ALLC),2000000000020,3.0,3.0,1.0,1.0,1.0
1,TFT,0.0,ALLC,Memory-1(ALLC),2000000000021,3.0,3.0,1.0,1.0,1.0
1,TFT,0.0,ALLC,Memory-1(ALLC),2000000000022,3.0,3.0,1.0,1.0,1.0
1,TFT,0.0,ALLC,Memory-1(ALLC),2000000000023,3.0,3.0,1.0,1.0,1.0
1,TFT,0.0,ALLC,Memory-1(ALLC),2000000000024,3.0,3.0,1.0,1.0,1.0
1,TFT,0.0,ALLC,Memory-1(ALLC),2000000000025,3.0,3.0,1.0,1.0,1.0
1,TFT,0.0,ALLC,Memory-1(ALLC),2000000000026,3.0,3.0,1.0,1.0,1.0
1,TFT,0.0,ALLC,Memory-1(ALLC),2000000000027,3.0,3.0,1.0,1.0,1.0
1,TFT,0.0,ALLC,Memory-1(ALLC),2000000000028,3.0,3.0,1.0,1.0,1.0
1,TFT,0.0,ALLC,Memory-1(ALLC),2000000000029,3.0,3.0,1.0,1.0,1.0
1,TFT,0.0,ALLC,Memory-1(ALLC),2000000000030,3.0,3.0,1.0,1.0,1.0
1,TFT,0.0,ALLC,Memory-1(ALLC),2000000000031,3.0,3.0,1.0,1.0,1.0
1,TFT,0.0,ALLC,Memory-1(ALLC),2000000000032,3.0,3.0,1.0,1.0,1.0
1,TFT,0.0,ALLC,Memory-1(ALLC),2000000000033,3.0,3.0,1.0,1.0,1.0
1,TFT,0.0,ALLC,Memory-1(ALLC),2000000000034,3.0,3.0,1.0,1.0,1.0
1,TFT,0.0,ALLC,Memory-1(ALLC),2000000000035,3.0,3.0,1.0,1.0,1.0
1,TFT,0.0,ALLC,Memory-1(ALLC),2000000000036,3.0,3.0,1.0,1.0,1.0
1,TFT,0.0,ALLC,Memory-1(ALLC),2000000000037,3.0,3.0,1.0,1.0,1.0
1,TFT,0.0,ALLC,Memory-1(ALLC),2000000000038,3.0,3.0,1.0,1.0,1.0
1,TFT,0.0,ALLC,Memory-1(ALLC),2000000000039,3.0,3.0,1.0,1.0,1.0
1,TFT,0.0,self,Memory-1(TFT),2000000000020,3.0,3.0,1.0,1.0,1.0
1,TFT,0.0,self,Memory-1(TFT),2000000000021,3.0,3.0,1.0,1.0,1.0
1,TFT,0.0,self,Memory-1(TFT),2000000000022,3.0,3.0,1.0,1.0,1.0
1,TFT,0.0,self,Memory-1(TFT),2000000000023,3.0,3.0,1.0,1.0,1.0
1,TFT,0.0,self,Memory-1(TFT),2000000000024,3.0,3.0,1.0,1.0,1.0
1,TFT,0.0,self,Memory-1(TFT),2000000000025,3.0,3.0,1.0,1.0,1.0
1,TFT,0.0,self,Memory-1(TFT),2000000000026,3.0,3.0,1.0,1.0,1.0
1,TFT,0.0,self,Memory-1(TFT),2000000000027,3.0,3.0,1.0,1.0,1.0
1,TFT,0.0,self,Memory-1(TFT),2000000000028,3.0,3.0,1.0,1.0,1.0
1,TFT,0.0,self,Memory-1(TFT),2000000000029,3.0,3.0,1.0,1.0,1.0
1,TFT,0.0,self,Memory-1(TFT),2000000000030,3.0,3.0,1.0,1.0,1.0
1,TFT,0.0,self,Memory-1(TFT),2000000000031,3.0,3.0,1.0,1.0,1.0
1,TFT,0.0,self,Memory-1(TFT),2000000000032,3.0,3.0,1.0,1.0,1.0
1,TFT,0.0,self,Memory-1(TFT),2000000000033,3.0,3.0,1.0,1.0,1.0
1,TFT,0.0,self,Memory-1(TFT),2000000000034,3.0,3.0,1.0,1.0,1.0
1,TFT,0.0,self,Memory-1(TFT),2000000000035,3.0,3.0,1.0,1.0,1.0
1,TFT,0.0,self,Memory-1(TFT),2000000000036,3.0,3.0,1.0,1.0,1.0
1,TFT,0.0,self,Memory-1(TFT),2000000000037,3.0,3.0,1.0,1.0,1.0
1,TFT,0.0,self,Memory-1(TFT),2000000000038,3.0,3.0,1.0,1.0,1.0
1,TFT,0.0,self,Memory-1(TFT),2000000000039,3.0,3.0,1.0,1.0,1.0
1,TFT,0.05,common_field,Tit For Tat,2000000000020,2.6375,2.575,0.6875,0.7,0.475
1,TFT,0.05,common_field,Tit For Tat,2000000000021,2.2625,2.2,0.4625,0.475,0.175
1,TFT,0.05,common_field,Tit For Tat,2000000000022,2.2875,2.4125,0.5625,0.5375,0.3
1,TFT,0.05,common_field,Tit For Tat,2000000000023,2.325,2.325,0.5375,0.5375,0.2875
1,TFT,0.05,common_field,Tit For Tat,2000000000024,1.7625,1.825,0.3,0.2875,0.0875
1,TFT,0.05,common_field,Tit For Tat,2000000000025,2.2,2.075,0.425,0.45,0.175
1,TFT,0.05,common_field,Tit For Tat,2000000000026,2.2,2.1375,0.4125,0.425,0.0875
1,TFT,0.05,common_field,Tit For Tat,2000000000027,1.6375,1.7625,0.275,0.25,0.0875
1,TFT,0.05,common_field,Tit For Tat,2000000000028,2.325,2.325,0.5,0.5,0.175
1,TFT,0.05,common_field,Tit For Tat,2000000000029,2.5375,2.5375,0.7,0.7,0.5625
1,TFT,0.05,common_field,Tit For Tat,2000000000030,2.325,2.325,0.5625,0.5625,0.3625
1,TFT,0.05,common_field,Tit For Tat,2000000000031,2.225,2.2875,0.5625,0.55,0.4125
1,TFT,0.05,common_field,Tit For Tat,2000000000032,2.8375,2.775,0.8,0.8125,0.6125
1,TFT,0.05,common_field,Tit For Tat,2000000000033,1.8875,1.7625,0.325,0.35,0.1875
1,TFT,0.05,common_field,Tit For Tat,2000000000034,2.7125,2.65,0.7125,0.725,0.475
1,TFT,0.05,common_field,Tit For Tat,2000000000035,2.2625,2.2,0.4625,0.475,0.175
1,TFT,0.05,common_field,Tit For Tat,2000000000036,2.2,2.2625,0.4875,0.475,0.2125
1,TFT,0.05,common_field,Tit For Tat,2000000000037,2.4125,2.475,0.6125,0.6,0.375
1,TFT,0.05,common_field,Tit For Tat,2000000000038,2.55,2.6125,0.6875,0.675,0.4625
1,TFT,0.05,common_field,Tit For Tat,2000000000039,2.2625,2.2625,0.5,0.5,0.2375
1,TFT,0.05,common_field,Always Defect,2000000000020,1.0625,1.6875,0.1875,0.0625,0.0
1,TFT,0.05,common_field,Always Defect,2000000000021,1.075,1.45,0.125,0.05,0.0
1,TFT,0.05,common_field,Always Defect,2000000000022,1.1,1.35,0.1,0.05,0.0
1,TFT,0.05,common_field,Always Defect,2000000000023,1.05,1.175,0.05,0.025,0.0
1,TFT,0.05,common_field,Always Defect,2000000000024,1.0625,1.3125,0.0875,0.0375,0.0
1,TFT,0.05,common_field,Always Defect,2000000000025,1.025,1.4,0.1125,0.0375,0.0125
1,TFT,0.05,common_field,Always Defect,2000000000026,1.1125,1.3,0.0875,0.05,0.0
1,TFT,0.05,common_field,Always Defect,2000000000027,1.0625,1.3125,0.0875,0.0375,0.0
1,TFT,0.05,common_field,Always Defect,2000000000028,1.0375,1.35,0.1,0.0375,0.0125
1,TFT,0.05,common_field,Always Defect,2000000000029,1.0625,1.3125,0.0875,0.0375,0.0
1,TFT,0.05,common_field,Always Defect,2000000000030,1.225,1.5375,0.1625,0.1,0.0125
1,TFT,0.05,common_field,Always Defect,2000000000031,1.25,1.4375,0.1375,0.1,0.0125
1,TFT,0.05,common_field,Always Defect,2000000000032,1.0625,1.3125,0.0875,0.0375,0.0
1,TFT,0.05,common_field,Always Defect,2000000000033,1.0875,1.2125,0.0625,0.0375,0.0
1,TFT,0.05,common_field,Always Defect,2000000000034,1.0375,1.2875,0.0875,0.0375,0.025
1,TFT,0.05,common_field,Always Defect,2000000000035,1.025,1.4625,0.125,0.0375,0.0
1,TFT,0.05,common_field,Always Defect,2000000000036,1.2125,1.5875,0.175,0.1,0.0125
1,TFT,0.05,common_field,Always Defect,2000000000037,1.1875,1.3125,0.1,0.075,0.0125
1,TFT,0.05,common_field,Always Defect,2000000000038,1.1125,1.425,0.125,0.0625,0.0125
1,TFT,0.05,common_field,Always Defect,2000000000039,1.05,1.4875,0.1375,0.05,0.0125
1,TFT,0.05,common_field,Grudger,2000000000020,1.15,1.65,0.1875,0.0875,0.0125
1,TFT,0.05,common_field,Grudger,2000000000021,1.2375,1.4875,0.1625,0.1125,0.05
1,TFT,0.05,common_field,Grudger,2000000000022,1.7,1.95,0.4,0.35,0.3
1,TFT,0.05,common_field,Grudger,2000000000023,1.6875,1.6875,0.325,0.325,0.2875
1,TFT,0.05,common_field,Grudger,2000000000024,1.1625,1.4125,0.1375,0.0875,0.05
1,TFT,0.05,common_field,Grudger,2000000000025,1.2125,1.4625,0.1625,0.1125,0.075
1,TFT,0.05,common_field,Grudger,2000000000026,1.35,1.4125,0.1625,0.15,0.0875
1,TFT,0.05,common_field,Grudger,2000000000027,1.2375,1.4875,0.175,0.125,0.0875
1,TFT,0.05,common_field,Grudger,2000000000028,1.175,1.3625,0.125,0.0875,0.05
1,TFT,0.05,common_field,Grudger,2000000000029,1.3625,1.4875,0.2,0.175,0.1375
1,TFT,0.05,common_field,Grudger,2000000000030,1.6625,2.1,0.425,0.3375,0.2625
1,TFT,0.05,common_field,Grudger,2000000000031,1.425,1.7375,0.275,0.2125,0.15
1,TFT,0.05,common_field,Grudger,2000000000032,1.225,1.35,0.125,0.1,0.05
1,TFT,0.05,common_field,Grudger,2000000000033,1.4875,1.4875,0.225,0.225,0.1875
1,TFT,0.05,common_field,Grudger,2000000000034,1.225,1.35,0.1375,0.1125,0.0875
1,TFT,0.05,common_field,Grudger,2000000000035,1.1625,1.475,0.15,0.0875,0.0375
1,TFT,0.05,common_field,Grudger,2000000000036,1.25,1.625,0.2,0.125,0.05
1,TFT,0.05,common_field,Grudger,2000000000037,1.5,1.75,0.3,0.25,0.2
1,TFT,0.05,common_field,Grudger,2000000000038,1.7875,2.1,0.4625,0.4,0.35
1,TFT,0.05,common_field,Grudger,2000000000039,1.0625,1.5,0.1375,0.05,0.0
1,TFT,0.05,common_field,Joss (0.9),2000000000020,2.275,2.4625,0.6125,0.575,0.4125
1,TFT,0.05,common_field,Joss (0.9),2000000000021,1.7875,1.9125,0.325,0.3,0.0875
1,TFT,0.05,common_field,Joss (0.9),2000000000022,2.175,2.3625,0.575,0.5375,0.4
1,TFT,0.05,common_field,Joss (0.9),2000000000023,2.0875,2.15,0.4875,0.475,0.325
1,TFT,0.05,common_field,Joss (0.9),2000000000024,1.6875,1.875,0.3125,0.275,0.1
1,TFT,0.05,common_field,Joss (0.9),2000000000025,2.375,2.4375,0.5375,0.525,0.1875
1,TFT,0.05,common_field,Joss (0.9),2000000000026,1.75,1.9375,0.375,0.3375,0.225
1,TFT,0.05,common_field,Joss (0.9),2000000000027,2.1625,2.225,0.475,0.4625,0.2125
1,TFT,0.05,common_field,Joss (0.9),2000000000028,2.475,2.5375,0.65,0.6375,0.425
1,TFT,0.05,common_field,Joss (0.9),2000000000029,1.5375,1.5375,0.1875,0.1875,0.025
1,TFT,0.05,common_field,Joss (0.9),2000000000030,2.0,2.1875,0.4375,0.4,0.1625
1,TFT,0.05,common_field,Joss (0.9),2000000000031,2.0625,2.375,0.5,0.4375,0.1875
1,TFT,0.05,common_field,Joss (0.9),2000000000032,1.8,1.8,0.3,0.3,0.1
1,TFT,0.05,common_field,Joss (0.9),2000000000033,2.05,2.2375,0.5,0.4625,0.3
1,TFT,0.05,common_field,Joss (0.9),2000000000034,1.875,2.0,0.4,0.375,0.225
1,TFT,0.05,common_field,Joss (0.9),2000000000035,2.0625,1.9375,0.3375,0.3625,0.05
1,TFT,0.05,common_field,Joss (0.9),2000000000036,1.7875,2.0375,0.3625,0.3125,0.1
1,TFT,0.05,common_field,Joss (0.9),2000000000037,1.8,1.8,0.3125,0.3125,0.1375
1,TFT,0.05,common_field,Joss (0.9),2000000000038,2.3625,2.3,0.55,0.5625,0.3375
1,TFT,0.05,common_field,Joss (0.9),2000000000039,2.125,2.5,0.55,0.475,0.225
1,TFT,0.05,common_field,Random (0.5),2000000000020,2.4,2.2125,0.5,0.5375,0.25
1,TFT,0.05,common_field,Random (0.5),2000000000021,2.2625,2.2,0.4625,0.475,0.175
1,TFT,0.05,common_field,Random (0.5),2000000000022,2.2875,2.35,0.55,0.5375,0.3125
1,TFT,0.05,common_field,Random (0.5),2000000000023,2.3625,2.425,0.5875,0.575,0.35
1,TFT,0.05,common_field,Random (0.5),2000000000024,2.325,2.325,0.55,0.55,0.325
1,TFT,0.05,common_field,Random (0.5),2000000000025,2.45,2.2625,0.525,0.5625,0.275
1,TFT,0.05,common_field,Random (0.5),2000000000026,2.05,2.1125,0.425,0.4125,0.175
1,TFT,0.05,common_field,Random (0.5),2000000000027,2.2375,2.3,0.5125,0.5,0.25
1,TFT,0.05,common_field,Random (0.5),2000000000028,2.275,2.15,0.475,0.5,0.25
1,TFT,0.05,common_field,Random (0.5),2000000000029,2.1875,2.375,0.5375,0.5,0.275
1,TFT,0.05,common_field,Random (0.5),2000000000030,2.1375,2.3875,0.5125,0.4625,0.2
1,TFT,0.05,common_field,Random (0.5),2000000000031,2.4875,2.3,0.5375,0.575,0.275
1,TFT,0.05,common_field,Random (0.5),2000000000032,2.2,2.2,0.4875,0.4875,0.2625
1,TFT,0.05,common_field,Random (0.5),2000000000033,2.15,2.2125,0.4625,0.45,0.1875
1,TFT,0.05,common_field,Random (0.5),2000000000034,2.0125,2.2625,0.475,0.425,0.2125
1,TFT,0.05,common_field,Random (0.5),2000000000035,2.3125,2.25,0.4875,0.5,0.2
1,TFT,0.05,common_field,Random (0.5),2000000000036,2.2375,2.1125,0.45,0.475,0.2125
1,TFT,0.05,common_field,Random (0.5),2000000000037,1.9625,1.9,0.35,0.3625,0.1375
1,TFT,0.05,common_field,Random (0.5),2000000000038,2.1,2.2875,0.5,0.4625,0.25
1,TFT,0.05,common_field,Random (0.5),2000000000039,2.0375,2.4125,0.525,0.45,0.2375
1,TFT,0.05,common_field,Tester,2000000000020,1.8375,1.8375,0.3125,0.3125,0.1
1,TFT,0.05,common_field,Tester,2000000000021,1.1,1.475,0.1375,0.0625,0.0125
1,TFT,0.05,common_field,Tester,2000000000022,1.125,1.375,0.1125,0.0625,0.0125
1,TFT,0.05,common_field,Tester,2000000000023,1.075,1.2,0.0625,0.0375,0.0125
1,TFT,0.05,common_field,Tester,2000000000024,1.0875,1.3375,0.1,0.05,0.0125
1,TFT,0.05,common_field,Tester,2000000000025,1.05,1.425,0.125,0.05,0.025
1,TFT,0.05,common_field,Tester,2000000000026,1.1375,1.325,0.1,0.0625,0.0125
1,TFT,0.05,common_field,Tester,2000000000027,1.0875,1.3375,0.1,0.05,0.0125
1,TFT,0.05,common_field,Tester,2000000000028,1.0625,1.375,0.1125,0.05,0.025
1,TFT,0.05,common_field,Tester,2000000000029,1.0875,1.3375,0.1,0.05,0.0125
1,TFT,0.05,common_field,Tester,2000000000030,1.25,1.5625,0.175,0.1125,0.025
1,TFT,0.05,common_field,Tester,2000000000031,1.275,1.4625,0.15,0.1125,0.025
1,TFT,0.05,common_field,Tester,2000000000032,1.0875,1.3375,0.1,0.05,0.0125
1,TFT,0.05,common_field,Tester,2000000000033,1.1125,1.2375,0.075,0.05,0.0125
1,TFT,0.05,common_field,Tester,2000000000034,1.0625,1.3125,0.1,0.05,0.0375
1,TFT,0.05,common_field,Tester,2000000000035,1.05,1.4875,0.1375,0.05,0.0125
1,TFT,0.05,common_field,Tester,2000000000036,1.2375,1.6125,0.1875,0.1125,0.025
1,TFT,0.05,common_field,Tester,2000000000037,1.2125,1.3375,0.1125,0.0875,0.025
1,TFT,0.05,common_field,Tester,2000000000038,1.1375,1.45,0.1375,0.075,0.025
1,TFT,0.05,common_field,Tester,2000000000039,2.2125,2.275,0.5,0.4875,0.2375
1,TFT,0.05,common_field,Pavlov (Win-Stay Lose-Shift),2000000000020,2.25,2.0,0.4,0.45,0.15
1,TFT,0.05,common_field,Pavlov (Win-Stay Lose-Shift),2000000000021,2.125,2.125,0.4125,0.4125,0.1125
1,TFT,0.05,common_field,Pavlov (Win-Stay Lose-Shift),2000000000022,2.3125,2.3125,0.5375,0.5375,0.3
1,TFT,0.05,common_field,Pavlov (Win-Stay Lose-Shift),2000000000023,2.5375,2.475,0.6625,0.675,0.5
1,TFT,0.05,common_field,Pavlov (Win-Stay Lose-Shift),2000000000024,2.3625,2.4875,0.625,0.6,0.4125
1,TFT,0.05,common_field,Pavlov (Win-Stay Lose-Shift),2000000000025,2.3375,2.3375,0.55,0.55,0.3125
1,TFT,0.05,common_field,Pavlov (Win-Stay Lose-Shift),2000000000026,2.2375,2.3,0.525,0.5125,0.2875
1,TFT,0.05,common_field,Pavlov (Win-Stay Lose-Shift),2000000000027,2.6875,2.625,0.7625,0.775,0.65
1,TFT,0.05,common_field,Pavlov (Win-Stay Lose-Shift),2000000000028,2.2125,2.15,0.4375,0.45,0.15
1,TFT,0.05,common_field,Pavlov (Win-Stay Lose-Shift),2000000000029,2.6125,2.425,0.65,0.6875,0.4875
1,TFT,0.05,common_field,Pavlov (Win-Stay Lose-Shift),2000000000030,2.1625,2.2875,0.4875,0.4625,0.2
1,TFT,0.05,common_field,Pavlov (Win-Stay Lose-Shift),2000000000031,2.1625,2.475,0.575,0.5125,0.3125
1,TFT,0.05,common_field,Pavlov (Win-Stay Lose-Shift),2000000000032,2.2875,2.35,0.5375,0.525,0.275
1,TFT,0.05,common_field,Pavlov (Win-Stay Lose-Shift),2000000000033,2.625,2.625,0.75,0.75,0.625
1,TFT,0.05,common_field,Pavlov (Win-Stay Lose-Shift),2000000000034,2.1375,2.075,0.4,0.4125,0.1125
1,TFT,0.05,common_field,Pavlov (Win-Stay Lose-Shift),2000000000035,2.5,2.5,0.6625,0.6625,0.4875
1,TFT,0.05,common_field,Pavlov (Win-Stay Lose-Shift),2000000000036,2.275,2.4,0.575,0.55,0.35
1,TFT,0.05,common_field,Pavlov (Win-Stay Lose-Shift),2000000000037,2.4375,2.5625,0.675,0.65,0.4875
1,TFT,0.05,common_field,Pavlov (Win-Stay Lose-Shift),2000000000038,2.4125,2.5375,0.675,0.65,0.5125
1,TFT,0.05,common_field,Pavlov (Win-Stay Lose-Shift),2000000000039,2.2,2.2,0.475,0.475,0.225
1,TFT,0.05,ALLC,Memory-1(ALLC),2000000000020,3.0625,2.75,0.875,0.9375,0.8125
1,TFT,0.05,ALLC,Memory-1(ALLC),2000000000021,3.0875,2.775,0.9,0.9625,0.8625
1,TFT,0.05,ALLC,Memory-1(ALLC),2000000000022,3.0625,2.875,0.95,0.9875,0.9375
1,TFT,0.05,ALLC,Memory-1(ALLC),2000000000023,2.9375,3.0,0.975,0.9625,0.9375
1,TFT,0.05,ALLC,Memory-1(ALLC),2000000000024,2.9625,2.9,0.925,0.9375,0.8625
1,TFT,0.05,ALLC,Memory-1(ALLC),2000000000025,3.1,2.7875,0.9125,0.975,0.8875
1,TFT,0.05,ALLC,Memory-1(ALLC),2000000000026,3.0125,2.8875,0.9375,0.9625,0.9
1,TFT,0.05,ALLC,Memory-1(ALLC),2000000000027,3.0125,2.825,0.9125,0.95,0.875
1,TFT,0.05,ALLC,Memory-1(ALLC),2000000000028,3.05,2.8,0.9125,0.9625,0.8875
1,TFT,0.05,ALLC,Memory-1(ALLC),2000000000029,2.9625,2.8375,0.9,0.925,0.8375
1,TFT,0.05,ALLC,Memory-1(ALLC),2000000000030,3.1,2.725,0.875,0.95,0.825
1,TFT,0.05,ALLC,Memory-1(ALLC),2000000000031,3.05,2.8,0.9125,0.9625,0.8875
1,TFT,0.05,ALLC,Memory-1(ALLC),2000000000032,3.05,2.8625,0.9375,0.975,0.9125
1,TFT,0.05,ALLC,Memory-1(ALLC),2000000000033,3.0125,2.8875,0.9375,0.9625,0.9
1,TFT,0.05,ALLC,Memory-1(ALLC),2000000000034,2.95,2.8875,0.9125,0.925,0.8375
1,TFT,0.05,ALLC,Memory-1(ALLC),2000000000035,3.075,2.7,0.8625,0.9375,0.8125
1,TFT,0.05,ALLC,Memory-1(ALLC),2000000000036,3.0875,2.775,0.9,0.9625,0.8625
1,TFT,0.05,ALLC,Memory-1(ALLC),2000000000037,2.9875,2.8625,0.925,0.95,0.8875
1,TFT,0.05,ALLC,Memory-1(ALLC),2000000000038,3.0,2.75,0.875,0.925,0.825
1,TFT,0.05,ALLC,Memory-1(ALLC),2000000000039,3.1375,2.7625,0.9125,0.9875,0.9
1,TFT,0.05,self,Memory-1(TFT),2000000000020,2.0125,2.0125,0.35,0.35,0.0375
1,TFT,0.05,self,Memory-1(TFT),2000000000021,2.5375,2.475,0.5875,0.6,0.275
1,TFT,0.05,self,Memory-1(TFT),2000000000022,2.0375,2.0375,0.4625,0.4625,0.35
1,TFT,0.05,self,Memory-1(TFT),2000000000023,2.6375,2.7625,0.75,0.725,0.5125
1,TFT,0.05,self,Memory-1(TFT),2000000000024,2.6375,2.825,0.75,0.7125,0.4625
1,TFT,0.05,self,Memory-1(TFT),2000000000025,1.85,1.7875,0.2875,0.3,0.0625
1,TFT,0.05,self,Memory-1(TFT),2000000000026,1.6375,1.575,0.225,0.2375,0.0875
1,TFT,0.05,self,Memory-1(TFT),2000000000027,2.075,2.1375,0.3875,0.375,0.0375
1,TFT,0.05,self,Memory-1(TFT),2000000000028,2.7375,2.675,0.7,0.7125,0.4125
1,TFT,0.05,self,Memory-1(TFT),2000000000029,2.7,2.825,0.775,0.75,0.525
1,TFT,0.05,self,Memory-1(TFT),2000000000030,2.1375,2.0125,0.4625,0.4875,0.35
1,TFT,0.05,self,Memory-1(TFT),2000000000031,2.1375,2.1375,0.4125,0.4125,0.1
1,TFT,0.05,self,Memory-1(TFT),2000000000032,2.9,2.9,0.9,0.9,0.8
1,TFT,0.05,self,Memory-1(TFT),2000000000033,1.5,1.5625,0.2125,0.2,0.0875
1,TFT,0.05,self,Memory-1(TFT),2000000000034,1.8875,1.7625,0.275,0.3,0.0375
1,TFT,0.05,self,Memory-1(TFT),2000000000035,2.25,2.1875,0.4625,0.475,0.1875
1,TFT,0.05,self,Memory-1(TFT),2000000000036,2.1875,2.3125,0.4875,0.4625,0.175
1,TFT,0.05,self,Memory-1(TFT),2000000000037,2.2125,2.2125,0.525,0.525,0.3625
1,TFT,0.05,self,Memory-1(TFT),2000000000038,2.3875,2.2,0.525,0.5625,0.3375
1,TFT,0.05,self,Memory-1(TFT),2000000000039,2.025,2.0875,0.45,0.4375,0.275
1,GTFT(0.1),0.0,common_field,Tit For Tat,2000000000020,3.0,3.0,1.0,1.0,1.0
1,GTFT(0.1),0.0,common_field,Tit For Tat,2000000000021,3.0,3.0,1.0,1.0,1.0
1,GTFT(0.1),0.0,common_field,Tit For Tat,2000000000022,3.0,3.0,1.0,1.0,1.0
1,GTFT(0.1),0.0,common_field,Tit For Tat,2000000000023,3.0,3.0,1.0,1.0,1.0
1,GTFT(0.1),0.0,common_field,Tit For Tat,2000000000024,3.0,3.0,1.0,1.0,1.0
1,GTFT(0.1),0.0,common_field,Tit For Tat,2000000000025,3.0,3.0,1.0,1.0,1.0
1,GTFT(0.1),0.0,common_field,Tit For Tat,2000000000026,3.0,3.0,1.0,1.0,1.0
1,GTFT(0.1),0.0,common_field,Tit For Tat,2000000000027,3.0,3.0,1.0,1.0,1.0
1,GTFT(0.1),0.0,common_field,Tit For Tat,2000000000028,3.0,3.0,1.0,1.0,1.0
1,GTFT(0.1),0.0,common_field,Tit For Tat,2000000000029,3.0,3.0,1.0,1.0,1.0
1,GTFT(0.1),0.0,common_field,Tit For Tat,2000000000030,3.0,3.0,1.0,1.0,1.0
1,GTFT(0.1),0.0,common_field,Tit For Tat,2000000000031,3.0,3.0,1.0,1.0,1.0
1,GTFT(0.1),0.0,common_field,Tit For Tat,2000000000032,3.0,3.0,1.0,1.0,1.0
1,GTFT(0.1),0.0,common_field,Tit For Tat,2000000000033,3.0,3.0,1.0,1.0,1.0
1,GTFT(0.1),0.0,common_field,Tit For Tat,2000000000034,3.0,3.0,1.0,1.0,1.0
1,GTFT(0.1),0.0,common_field,Tit For Tat,2000000000035,3.0,3.0,1.0,1.0,1.0
1,GTFT(0.1),0.0,common_field,Tit For Tat,2000000000036,3.0,3.0,1.0,1.0,1.0
1,GTFT(0.1),0.0,common_field,Tit For Tat,2000000000037,3.0,3.0,1.0,1.0,1.0
1,GTFT(0.1),0.0,common_field,Tit For Tat,2000000000038,3.0,3.0,1.0,1.0,1.0
1,GTFT(0.1),0.0,common_field,Tit For Tat,2000000000039,3.0,3.0,1.0,1.0,1.0
1,GTFT(0.1),0.0,common_field,Always Defect,2000000000020,0.8375,1.65,0.1625,0.0,0.0
1,GTFT(0.1),0.0,common_field,Always Defect,2000000000021,0.8625,1.55,0.1375,0.0,0.0
1,GTFT(0.1),0.0,common_field,Always Defect,2000000000022,0.85,1.6,0.15,0.0,0.0
1,GTFT(0.1),0.0,common_field,Always Defect,2000000000023,0.8875,1.45,0.1125,0.0,0.0
1,GTFT(0.1),0.0,common_field,Always Defect,2000000000024,0.9125,1.35,0.0875,0.0,0.0
1,GTFT(0.1),0.0,common_field,Always Defect,2000000000025,0.9,1.4,0.1,0.0,0.0
1,GTFT(0.1),0.0,common_field,Always Defect,2000000000026,0.875,1.5,0.125,0.0,0.0
1,GTFT(0.1),0.0,common_field,Always Defect,2000000000027,0.875,1.5,0.125,0.0,0.0
1,GTFT(0.1),0.0,common_field,Always Defect,2000000000028,0.9125,1.35,0.0875,0.0,0.0
1,GTFT(0.1),0.0,common_field,Always Defect,2000000000029,0.925,1.3,0.075,0.0,0.0
1,GTFT(0.1),0.0,common_field,Always Defect,2000000000030,0.875,1.5,0.125,0.0,0.0
1,GTFT(0.1),0.0,common_field,Always Defect,2000000000031,0.85,1.6,0.15,0.0,0.0
1,GTFT(0.1),0.0,common_field,Always Defect,2000000000032,0.8625,1.55,0.1375,0.0,0.0
1,GTFT(0.1),0.0,common_field,Always Defect,2000000000033,0.925,1.3,0.075,0.0,0.0
1,GTFT(0.1),0.0,common_field,Always Defect,2000000000034,0.9125,1.35,0.0875,0.0,0.0
1,GTFT(0.1),0.0,common_field,Always Defect,2000000000035,0.9125,1.35,0.0875,0.0,0.0
1,GTFT(0.1),0.0,common_field,Always Defect,2000000000036,0.8625,1.55,0.1375,0.0,0.0
1,GTFT(0.1),0.0,common_field,Always Defect,2000000000037,0.85,1.6,0.15,0.0,0.0
1,GTFT(0.1),0.0,common_field,Always Defect,2000000000038,0.875,1.5,0.125,0.0,0.0
1,GTFT(0.1),0.0,common_field,Always Defect,2000000000039,0.9125,1.35,0.0875,0.0,0.0
1,GTFT(0.1),0.0,common_field,Grudger,2000000000020,3.0,3.0,1.0,1.0,1.0
1,GTFT(0.1),0.0,common_field,Grudger,2000000000021,3.0,3.0,1.0,1.0,1.0
1,GTFT(0.1),0.0,common_field,Grudger,2000000000022,3.0,3.0,1.0,1.0,1.0
1,GTFT(0.1),0.0,common_field,Grudger,2000000000023,3.0,3.0,1.0,1.0,1.0
1,GTFT(0.1),0.0,common_field,Grudger,2000000000024,3.0,3.0,1.0,1.0,1.0
1,GTFT(0.1),0.0,common_field,Grudger,2000000000025,3.0,3.0,1.0,1.0,1.0
1,GTFT(0.1),0.0,common_field,Grudger,2000000000026,3.0,3.0,1.0,1.0,1.0
1,GTFT(0.1),0.0,common_field,Grudger,2000000000027,3.0,3.0,1.0,1.0,1.0
1,GTFT(0.1),0.0,common_field,Grudger,2000000000028,3.0,3.0,1.0,1.0,1.0
1,GTFT(0.1),0.0,common_field,Grudger,2000000000029,3.0,3.0,1.0,1.0,1.0
1,GTFT(0.1),0.0,common_field,Grudger,2000000000030,3.0,3.0,1.0,1.0,1.0
1,GTFT(0.1),0.0,common_field,Grudger,2000000000031,3.0,3.0,1.0,1.0,1.0
1,GTFT(0.1),0.0,common_field,Grudger,2000000000032,3.0,3.0,1.0,1.0,1.0
1,GTFT(0.1),0.0,common_field,Grudger,2000000000033,3.0,3.0,1.0,1.0,1.0
1,GTFT(0.1),0.0,common_field,Grudger,2000000000034,3.0,3.0,1.0,1.0,1.0
1,GTFT(0.1),0.0,common_field,Grudger,2000000000035,3.0,3.0,1.0,1.0,1.0
1,GTFT(0.1),0.0,common_field,Grudger,2000000000036,3.0,3.0,1.0,1.0,1.0
1,GTFT(0.1),0.0,common_field,Grudger,2000000000037,3.0,3.0,1.0,1.0,1.0
1,GTFT(0.1),0.0,common_field,Grudger,2000000000038,3.0,3.0,1.0,1.0,1.0
1,GTFT(0.1),0.0,common_field,Grudger,2000000000039,3.0,3.0,1.0,1.0,1.0
1,GTFT(0.1),0.0,common_field,Joss (0.9),2000000000020,2.625,2.9375,0.8375,0.775,0.6375
1,GTFT(0.1),0.0,common_field,Joss (0.9),2000000000021,2.35,2.725,0.6625,0.5875,0.3375
1,GTFT(0.1),0.0,common_field,Joss (0.9),2000000000022,2.5,2.8125,0.6875,0.625,0.3125
1,GTFT(0.1),0.0,common_field,Joss (0.9),2000000000023,2.45,2.7,0.7125,0.6625,0.4875
1,GTFT(0.1),0.0,common_field,Joss (0.9),2000000000024,1.525,1.9,0.3125,0.2375,0.1125
1,GTFT(0.1),0.0,common_field,Joss (0.9),2000000000025,2.3375,2.65,0.625,0.5625,0.2875
1,GTFT(0.1),0.0,common_field,Joss (0.9),2000000000026,2.325,2.7,0.6375,0.5625,0.2875
1,GTFT(0.1),0.0,common_field,Joss (0.9),2000000000027,1.9,2.2125,0.4125,0.35,0.0875
1,GTFT(0.1),0.0,common_field,Joss (0.9),2000000000028,1.9125,2.1625,0.4,0.35,0.0875
1,GTFT(0.1),0.0,common_field,Joss (0.9),2000000000029,2.25,2.5,0.625,0.575,0.425
1,GTFT(0.1),0.0,common_field,Joss (0.9),2000000000030,2.3,2.6125,0.625,0.5625,0.325
1,GTFT(0.1),0.0,common_field,Joss (0.9),2000000000031,2.35,2.6625,0.625,0.5625,0.275
1,GTFT(0.1),0.0,common_field,Joss (0.9),2000000000032,2.2125,2.525,0.5875,0.525,0.3
1,GTFT(0.1),0.0,common_field,Joss (0.9),2000000000033,2.3875,2.575,0.675,0.6375,0.4875
1,GTFT(0.1),0.0,common_field,Joss (0.9),2000000000034,1.9375,2.25,0.525,0.4625,0.3875
1,GTFT(0.1),0.0,common_field,Joss (0.9),2000000000035,2.375,2.625,0.5875,0.5375,0.1875
1,GTFT(0.1),0.0,common_field,Joss (0.9),2000000000036,2.2,2.575,0.6,0.525,0.3
1,GTFT(0.1),0.0,common_field,Joss (0.9),2000000000037,1.95,2.325,0.475,0.4,0.175
1,GTFT(0.1),0.0,common_field,Joss (0.9),2000000000038,2.725,2.85,0.8,0.775,0.575
1,GTFT(0.1),0.0,common_field,Joss (0.9),2000000000039,2.1625,2.4125,0.5875,0.5375,0.4
1,GTFT(0.1),0.0,common_field,Random (0.5),2000000000020,2.4125,2.6,0.6375,0.6,0.35
1,GTFT(0.1),0.0,common_field,Random (0.5),2000000000021,2.1125,2.425,0.5375,0.475,0.25
1,GTFT(0.1),0.0,common_field,Random (0.5),2000000000022,2.0,2.5,0.5375,0.4375,0.2125
1,GTFT(0.1),0.0,common_field,Random (0.5),2000000000023,2.225,2.4125,0.5375,0.5,0.2375
1,GTFT(0.1),0.0,common_field,Random (0.5),2000000000024,2.225,2.35,0.525,0.5,0.25
1,GTFT(0.1),0.0,common_field,Random (0.5),2000000000025,2.2625,2.325,0.5125,0.5,0.225
1,GTFT(0.1),0.0,common_field,Random (0.5),2000000000026,2.1125,2.3,0.5,0.4625,0.2375
1,GTFT(0.1),0.0,common_field,Random (0.5),2000000000027,2.0125,2.325,0.4875,0.425,0.2
1,GTFT(0.1),0.0,common_field,Random (0.5),2000000000028,2.15,2.275,0.4625,0.4375,0.1375
1,GTFT(0.1),0.0,common_field,Random (0.5),2000000000029,2.2625,2.325,0.5375,0.525,0.3
1,GTFT(0.1),0.0,common_field,Random (0.5),2000000000030,2.25,2.5625,0.5875,0.525,0.2625
1,GTFT(0.1),0.0,common_field,Random (0.5),2000000000031,2.2,2.5125,0.575,0.5125,0.275
1,GTFT(0.1),0.0,common_field,Random (0.5),2000000000032,1.925,2.3625,0.5,0.4125,0.225
1,GTFT(0.1),0.0,common_field,Random (0.5),2000000000033,2.0875,2.275,0.5,0.4625,0.2625
1,GTFT(0.1),0.0,common_field,Random (0.5),2000000000034,2.125,2.375,0.525,0.475,0.25
1,GTFT(0.1),0.0,common_field,Random (0.5),2000000000035,2.15,2.4,0.5375,0.4875,0.2625
1,GTFT(0.1),0.0,common_field,Random (0.5),2000000000036,2.075,2.45,0.525,0.45,0.2
1,GTFT(0.1),0.0,common_field,Random (0.5),2000000000037,2.075,2.575,0.575,0.475,0.25
1,GTFT(0.1),0.0,common_field,Random (0.5),2000000000038,1.8875,2.325,0.475,0.3875,0.1875
1,GTFT(0.1),0.0,common_field,Random (0.5),2000000000039,1.95,2.325,0.5,0.425,0.25
1,GTFT(0.1),0.0,common_field,Tester,2000000000020,0.8625,1.675,0.175,0.0125,0.0125
1,GTFT(0.1),0.0,common_field,Tester,2000000000021,0.8875,1.575,0.15,0.0125,0.0125
1,GTFT(0.1),0.0,common_field,Tester,2000000000022,0.875,1.625,0.1625,0.0125,0.0125
1,GTFT(0.1),0.0,common_field,Tester,2000000000023,0.9125,1.475,0.125,0.0125,0.0125
1,GTFT(0.1),0.0,common_field,Tester,2000000000024,0.9375,1.375,0.1,0.0125,0.0125
1,GTFT(0.1),0.0,common_field,Tester,2000000000025,0.925,1.425,0.1125,0.0125,0.0125
1,GTFT(0.1),0.0,common_field,Tester,2000000000026,0.9,1.525,0.1375,0.0125,0.0125
1,GTFT(0.1),0.0,common_field,Tester,2000000000027,0.9,1.525,0.1375,0.0125,0.0125
1,GTFT(0.1),0.0,common_field,Tester,2000000000028,0.9375,1.375,0.1,0.0125,0.0125
1,GTFT(0.1),0.0,common_field,Tester,2000000000029,0.95,1.325,0.0875,0.0125,0.0125
1,GTFT(0.1),0.0,common_field,Tester,2000000000030,0.9,1.525,0.1375,0.0125,0.0125
1,GTFT(0.1),0.0,common_field,Tester,2000000000031,0.875,1.625,0.1625,0.0125,0.0125
1,GTFT(0.1),0.0,common_field,Tester,2000000000032,0.8875,1.575,0.15,0.0125,0.0125
1,GTFT(0.1),0.0,common_field,Tester,2000000000033,0.95,1.325,0.0875,0.0125,0.0125
1,GTFT(0.1),0.0,common_field,Tester,2000000000034,0.9375,1.375,0.1,0.0125,0.0125
1,GTFT(0.1),0.0,common_field,Tester,2000000000035,0.9375,1.375,0.1,0.0125,0.0125
1,GTFT(0.1),0.0,common_field,Tester,2000000000036,0.8875,1.575,0.15,0.0125,0.0125
1,GTFT(0.1),0.0,common_field,Tester,2000000000037,0.875,1.625,0.1625,0.0125,0.0125
1,GTFT(0.1),0.0,common_field,Tester,2000000000038,0.9,1.525,0.1375,0.0125,0.0125
1,GTFT(0.1),0.0,common_field,Tester,2000000000039,0.9375,1.375,0.1,0.0125,0.0125
1,GTFT(0.1),0.0,common_field,Pavlov (Win-Stay Lose-Shift),2000000000020,3.0,3.0,1.0,1.0,1.0
1,GTFT(0.1),0.0,common_field,Pavlov (Win-Stay Lose-Shift),2000000000021,3.0,3.0,1.0,1.0,1.0
1,GTFT(0.1),0.0,common_field,Pavlov (Win-Stay Lose-Shift),2000000000022,3.0,3.0,1.0,1.0,1.0
1,GTFT(0.1),0.0,common_field,Pavlov (Win-Stay Lose-Shift),2000000000023,3.0,3.0,1.0,1.0,1.0
1,GTFT(0.1),0.0,common_field,Pavlov (Win-Stay Lose-Shift),2000000000024,3.0,3.0,1.0,1.0,1.0
1,GTFT(0.1),0.0,common_field,Pavlov (Win-Stay Lose-Shift),2000000000025,3.0,3.0,1.0,1.0,1.0
1,GTFT(0.1),0.0,common_field,Pavlov (Win-Stay Lose-Shift),2000000000026,3.0,3.0,1.0,1.0,1.0
1,GTFT(0.1),0.0,common_field,Pavlov (Win-Stay Lose-Shift),2000000000027,3.0,3.0,1.0,1.0,1.0
1,GTFT(0.1),0.0,common_field,Pavlov (Win-Stay Lose-Shift),2000000000028,3.0,3.0,1.0,1.0,1.0
1,GTFT(0.1),0.0,common_field,Pavlov (Win-Stay Lose-Shift),2000000000029,3.0,3.0,1.0,1.0,1.0
1,GTFT(0.1),0.0,common_field,Pavlov (Win-Stay Lose-Shift),2000000000030,3.0,3.0,1.0,1.0,1.0
1,GTFT(0.1),0.0,common_field,Pavlov (Win-Stay Lose-Shift),2000000000031,3.0,3.0,1.0,1.0,1.0
1,GTFT(0.1),0.0,common_field,Pavlov (Win-Stay Lose-Shift),2000000000032,3.0,3.0,1.0,1.0,1.0
1,GTFT(0.1),0.0,common_field,Pavlov (Win-Stay Lose-Shift),2000000000033,3.0,3.0,1.0,1.0,1.0
1,GTFT(0.1),0.0,common_field,Pavlov (Win-Stay Lose-Shift),2000000000034,3.0,3.0,1.0,1.0,1.0
1,GTFT(0.1),0.0,common_field,Pavlov (Win-Stay Lose-Shift),2000000000035,3.0,3.0,1.0,1.0,1.0
1,GTFT(0.1),0.0,common_field,Pavlov (Win-Stay Lose-Shift),2000000000036,3.0,3.0,1.0,1.0,1.0
1,GTFT(0.1),0.0,common_field,Pavlov (Win-Stay Lose-Shift),2000000000037,3.0,3.0,1.0,1.0,1.0
1,GTFT(0.1),0.0,common_field,Pavlov (Win-Stay Lose-Shift),2000000000038,3.0,3.0,1.0,1.0,1.0
1,GTFT(0.1),0.0,common_field,Pavlov (Win-Stay Lose-Shift),2000000000039,3.0,3.0,1.0,1.0,1.0
1,GTFT(0.1),0.0,ALLC,Memory-1(ALLC),2000000000020,3.0,3.0,1.0,1.0,1.0
1,GTFT(0.1),0.0,ALLC,Memory-1(ALLC),2000000000021,3.0,3.0,1.0,1.0,1.0
1,GTFT(0.1),0.0,ALLC,Memory-1(ALLC),2000000000022,3.0,3.0,1.0,1.0,1.0
1,GTFT(0.1),0.0,ALLC,Memory-1(ALLC),2000000000023,3.0,3.0,1.0,1.0,1.0
1,GTFT(0.1),0.0,ALLC,Memory-1(ALLC),2000000000024,3.0,3.0,1.0,1.0,1.0
1,GTFT(0.1),0.0,ALLC,Memory-1(ALLC),2000000000025,3.0,3.0,1.0,1.0,1.0
1,GTFT(0.1),0.0,ALLC,Memory-1(ALLC),2000000000026,3.0,3.0,1.0,1.0,1.0
1,GTFT(0.1),0.0,ALLC,Memory-1(ALLC),2000000000027,3.0,3.0,1.0,1.0,1.0
1,GTFT(0.1),0.0,ALLC,Memory-1(ALLC),2000000000028,3.0,3.0,1.0,1.0,1.0
1,GTFT(0.1),0.0,ALLC,Memory-1(ALLC),2000000000029,3.0,3.0,1.0,1.0,1.0
1,GTFT(0.1),0.0,ALLC,Memory-1(ALLC),2000000000030,3.0,3.0,1.0,1.0,1.0
1,GTFT(0.1),0.0,ALLC,Memory-1(ALLC),2000000000031,3.0,3.0,1.0,1.0,1.0
1,GTFT(0.1),0.0,ALLC,Memory-1(ALLC),2000000000032,3.0,3.0,1.0,1.0,1.0
1,GTFT(0.1),0.0,ALLC,Memory-1(ALLC),2000000000033,3.0,3.0,1.0,1.0,1.0
1,GTFT(0.1),0.0,ALLC,Memory-1(ALLC),2000000000034,3.0,3.0,1.0,1.0,1.0
1,GTFT(0.1),0.0,ALLC,Memory-1(ALLC),2000000000035,3.0,3.0,1.0,1.0,1.0
1,GTFT(0.1),0.0,ALLC,Memory-1(ALLC),2000000000036,3.0,3.0,1.0,1.0,1.0
1,GTFT(0.1),0.0,ALLC,Memory-1(ALLC),2000000000037,3.0,3.0,1.0,1.0,1.0
1,GTFT(0.1),0.0,ALLC,Memory-1(ALLC),2000000000038,3.0,3.0,1.0,1.0,1.0
1,GTFT(0.1),0.0,ALLC,Memory-1(ALLC),2000000000039,3.0,3.0,1.0,1.0,1.0
1,GTFT(0.1),0.0,self,Memory-1(GTFT 0.1),2000000000020,3.0,3.0,1.0,1.0,1.0
1,GTFT(0.1),0.0,self,Memory-1(GTFT 0.1),2000000000021,3.0,3.0,1.0,1.0,1.0
1,GTFT(0.1),0.0,self,Memory-1(GTFT 0.1),2000000000022,3.0,3.0,1.0,1.0,1.0
1,GTFT(0.1),0.0,self,Memory-1(GTFT 0.1),2000000000023,3.0,3.0,1.0,1.0,1.0
1,GTFT(0.1),0.0,self,Memory-1(GTFT 0.1),2000000000024,3.0,3.0,1.0,1.0,1.0
1,GTFT(0.1),0.0,self,Memory-1(GTFT 0.1),2000000000025,3.0,3.0,1.0,1.0,1.0
1,GTFT(0.1),0.0,self,Memory-1(GTFT 0.1),2000000000026,3.0,3.0,1.0,1.0,1.0
1,GTFT(0.1),0.0,self,Memory-1(GTFT 0.1),2000000000027,3.0,3.0,1.0,1.0,1.0
1,GTFT(0.1),0.0,self,Memory-1(GTFT 0.1),2000000000028,3.0,3.0,1.0,1.0,1.0
1,GTFT(0.1),0.0,self,Memory-1(GTFT 0.1),2000000000029,3.0,3.0,1.0,1.0,1.0
1,GTFT(0.1),0.0,self,Memory-1(GTFT 0.1),2000000000030,3.0,3.0,1.0,1.0,1.0
1,GTFT(0.1),0.0,self,Memory-1(GTFT 0.1),2000000000031,3.0,3.0,1.0,1.0,1.0
1,GTFT(0.1),0.0,self,Memory-1(GTFT 0.1),2000000000032,3.0,3.0,1.0,1.0,1.0
1,GTFT(0.1),0.0,self,Memory-1(GTFT 0.1),2000000000033,3.0,3.0,1.0,1.0,1.0
1,GTFT(0.1),0.0,self,Memory-1(GTFT 0.1),2000000000034,3.0,3.0,1.0,1.0,1.0
1,GTFT(0.1),0.0,self,Memory-1(GTFT 0.1),2000000000035,3.0,3.0,1.0,1.0,1.0
1,GTFT(0.1),0.0,self,Memory-1(GTFT 0.1),2000000000036,3.0,3.0,1.0,1.0,1.0
1,GTFT(0.1),0.0,self,Memory-1(GTFT 0.1),2000000000037,3.0,3.0,1.0,1.0,1.0
1,GTFT(0.1),0.0,self,Memory-1(GTFT 0.1),2000000000038,3.0,3.0,1.0,1.0,1.0
1,GTFT(0.1),0.0,self,Memory-1(GTFT 0.1),2000000000039,3.0,3.0,1.0,1.0,1.0
1,GTFT(0.1),0.05,common_field,Tit For Tat,2000000000020,2.55,2.6125,0.6875,0.675,0.4625
1,GTFT(0.1),0.05,common_field,Tit For Tat,2000000000021,2.7125,2.65,0.7375,0.75,0.55
1,GTFT(0.1),0.05,common_field,Tit For Tat,2000000000022,2.825,2.825,0.8625,0.8625,0.7625
1,GTFT(0.1),0.05,common_field,Tit For Tat,2000000000023,2.7,2.825,0.775,0.75,0.525
1,GTFT(0.1),0.05,common_field,Tit For Tat,2000000000024,2.5125,2.6375,0.725,0.7,0.5625
1,GTFT(0.1),0.05,common_field,Tit For Tat,2000000000025,2.4125,2.475,0.6,0.5875,0.3375
1,GTFT(0.1),0.05,common_field,Tit For Tat,2000000000026,2.6875,2.8125,0.7875,0.7625,0.575
1,GTFT(0.1),0.05,common_field,Tit For Tat,2000000000027,2.825,2.8875,0.8625,0.85,0.7125
1,GTFT(0.1),0.05,common_field,Tit For Tat,2000000000028,2.3875,2.45,0.6125,0.6,0.4
1,GTFT(0.1),0.05,common_field,Tit For Tat,2000000000029,2.6,2.6625,0.75,0.7375,0.6
1,GTFT(0.1),0.05,common_field,Tit For Tat,2000000000030,2.4875,2.7375,0.6875,0.6375,0.375
1,GTFT(0.1),0.05,common_field,Tit For Tat,2000000000031,2.575,2.7,0.7,0.675,0.425
1,GTFT(0.1),0.05,common_field,Tit For Tat,2000000000032,2.525,2.5875,0.6125,0.6,0.2625
1,GTFT(0.1),0.05,common_field,Tit For Tat,2000000000033,2.35,2.5375,0.6125,0.575,0.3375
1,GTFT(0.1),0.05,common_field,Tit For Tat,2000000000034,2.775,2.8375,0.825,0.8125,0.65
1,GTFT(0.1),0.05,common_field,Tit For Tat,2000000000035,2.15,2.15,0.4375,0.4375,0.1625
1,GTFT(0.1),0.05,common_field,Tit For Tat,2000000000036,2.4625,2.5875,0.625,0.6,0.3125
1,GTFT(0.1),0.05,common_field,Tit For Tat,2000000000037,2.475,2.7875,0.725,0.6625,0.45
1,GTFT(0.1),0.05,common_field,Tit For Tat,2000000000038,2.6875,2.8125,0.775,0.75,0.5375
1,GTFT(0.1),0.05,common_field,Tit For Tat,2000000000039,1.975,2.1,0.4,0.375,0.125
1,GTFT(0.1),0.05,common_field,Always Defect,2000000000020,0.9625,2.0875,0.2875,0.0625,0.0
1,GTFT(0.1),0.05,common_field,Always Defect,2000000000021,1.0,1.75,0.2,0.05,0.0
1,GTFT(0.1),0.05,common_field,Always Defect,2000000000022,1.0125,1.7,0.1875,0.05,0.0
1,GTFT(0.1),0.05,common_field,Always Defect,2000000000023,0.9125,1.725,0.1875,0.025,0.0
1,GTFT(0.1),0.05,common_field,Always Defect,2000000000024,0.975,1.6625,0.175,0.0375,0.0
1,GTFT(0.1),0.05,common_field,Always Defect,2000000000025,0.925,1.8,0.2125,0.0375,0.0125
1,GTFT(0.1),0.05,common_field,Always Defect,2000000000026,0.9875,1.8,0.2125,0.05,0.0
1,GTFT(0.1),0.05,common_field,Always Defect,2000000000027,0.95,1.7625,0.2,0.0375,0.0
1,GTFT(0.1),0.05,common_field,Always Defect,2000000000028,0.975,1.6,0.1625,0.0375,0.0125
1,GTFT(0.1),0.05,common_field,Always Defect,2000000000029,1.0,1.5625,0.15,0.0375,0.0
1,GTFT(0.1),0.05,common_field,Always Defect,2000000000030,1.1,1.975,0.275,0.1,0.025
1,GTFT(0.1),0.05,common_field,Always Defect,2000000000031,1.1125,1.9875,0.275,0.1,0.0125
1,GTFT(0.1),0.05,common_field,Always Defect,2000000000032,0.975,1.6625,0.175,0.0375,0.0
1,GTFT(0.1),0.05,common_field,Always Defect,2000000000033,1.0375,1.4125,0.1125,0.0375,0.0
1,GTFT(0.1),0.05,common_field,Always Defect,2000000000034,0.925,1.7375,0.2,0.0375,0.025
1,GTFT(0.1),0.05,common_field,Always Defect,2000000000035,1.0125,1.5125,0.1375,0.0375,0.0
1,GTFT(0.1),0.05,common_field,Always Defect,2000000000036,1.125,1.9375,0.2625,0.1,0.0125
1,GTFT(0.1),0.05,common_field,Always Defect,2000000000037,1.0875,1.7125,0.2,0.075,0.0125
1,GTFT(0.1),0.05,common_field,Always Defect,2000000000038,1.025,1.775,0.2125,0.0625,0.0125
1,GTFT(0.1),0.05,common_field,Always Defect,2000000000039,0.975,1.725,0.2,0.05,0.025
1,GTFT(0.1),0.05,common_field,Grudger,2000000000020,1.05,2.05,0.2875,0.0875,0.0125
1,GTFT(0.1),0.05,common_field,Grudger,2000000000021,1.15,1.8375,0.25,0.1125,0.05
1,GTFT(0.1),0.05,common_field,Grudger,2000000000022,1.65,2.15,0.45,0.35,0.3
1,GTFT(0.1),0.05,common_field,Grudger,2000000000023,1.5875,2.0875,0.425,0.325,0.2875
1,GTFT(0.1),0.05,common_field,Grudger,2000000000024,1.0875,1.7125,0.2125,0.0875,0.05
1,GTFT(0.1),0.05,common_field,Grudger,2000000000025,1.125,1.8125,0.25,0.1125,0.075
1,GTFT(0.1),0.05,common_field,Grudger,2000000000026,1.2375,1.8625,0.275,0.15,0.0875
1,GTFT(0.1),0.05,common_field,Grudger,2000000000027,1.15,1.8375,0.2625,0.125,0.0875
1,GTFT(0.1),0.05,common_field,Grudger,2000000000028,1.1125,1.6125,0.1875,0.0875,0.05
1,GTFT(0.1),0.05,common_field,Grudger,2000000000029,1.3,1.7375,0.2625,0.175,0.1375
1,GTFT(0.1),0.05,common_field,Grudger,2000000000030,1.55,2.4875,0.525,0.3375,0.275
1,GTFT(0.1),0.05,common_field,Grudger,2000000000031,1.3125,2.1875,0.3875,0.2125,0.15
1,GTFT(0.1),0.05,common_field,Grudger,2000000000032,1.1375,1.7,0.2125,0.1,0.05
1,GTFT(0.1),0.05,common_field,Grudger,2000000000033,1.4375,1.6875,0.275,0.225,0.1875
1,GTFT(0.1),0.05,common_field,Grudger,2000000000034,1.1125,1.8,0.25,0.1125,0.0875
1,GTFT(0.1),0.05,common_field,Grudger,2000000000035,1.1625,1.475,0.15,0.0875,0.0375
1,GTFT(0.1),0.05,common_field,Grudger,2000000000036,1.1625,1.975,0.2875,0.125,0.05
1,GTFT(0.1),0.05,common_field,Grudger,2000000000037,1.2625,1.7625,0.25,0.15,0.0875
1,GTFT(0.1),0.05,common_field,Grudger,2000000000038,1.75,2.25,0.5,0.4,0.35
1,GTFT(0.1),0.05,common_field,Grudger,2000000000039,0.9875,1.7375,0.2,0.05,0.0125
1,GTFT(0.1),0.05,common_field,Joss (0.9),2000000000020,2.425,2.8,0.7125,0.6375,0.4125
1,GTFT(0.1),0.05,common_field,Joss (0.9),2000000000021,2.425,2.7375,0.6625,0.6,0.3125
1,GTFT(0.1),0.05,common_field,Joss (0.9),2000000000022,2.375,2.75,0.7,0.625,0.425
1,GTFT(0.1),0.05,common_field,Joss (0.9),2000000000023,2.0125,2.3875,0.525,0.45,0.2625
1,GTFT(0.1),0.05,common_field,Joss (0.9),2000000000024,1.625,2.125,0.375,0.275,0.1
1,GTFT(0.1),0.05,common_field,Joss (0.9),2000000000025,2.3875,2.575,0.6125,0.575,0.3
1,GTFT(0.1),0.05,common_field,Joss (0.9),2000000000026,2.0875,2.5875,0.5875,0.4875,0.275
1,GTFT(0.1),0.05,common_field,Joss (0.9),2000000000027,2.275,2.5875,0.6125,0.55,0.3125
1,GTFT(0.1),0.05,common_field,Joss (0.9),2000000000028,2.5625,2.6875,0.7125,0.6875,0.475
1,GTFT(0.1),0.05,common_field,Joss (0.9),2000000000029,1.925,2.1125,0.4125,0.375,0.1625
1,GTFT(0.1),0.05,common_field,Joss (0.9),2000000000030,2.1625,2.6625,0.6375,0.5375,0.35
1,GTFT(0.1),0.05,common_field,Joss (0.9),2000000000031,2.325,2.6375,0.625,0.5625,0.3
1,GTFT(0.1),0.05,common_field,Joss (0.9),2000000000032,2.0875,2.275,0.5125,0.475,0.3
1,GTFT(0.1),0.05,common_field,Joss (0.9),2000000000033,2.0375,2.4125,0.5125,0.4375,0.2
1,GTFT(0.1),0.05,common_field,Joss (0.9),2000000000034,1.9,2.2125,0.4625,0.4,0.2375
1,GTFT(0.1),0.05,common_field,Joss (0.9),2000000000035,2.1125,2.175,0.4375,0.425,0.15
1,GTFT(0.1),0.05,common_field,Joss (0.9),2000000000036,1.9625,2.2125,0.45,0.4,0.1875
1,GTFT(0.1),0.05,common_field,Joss (0.9),2000000000037,2.375,2.6875,0.6375,0.575,0.2875
1,GTFT(0.1),0.05,common_field,Joss (0.9),2000000000038,2.4875,2.6125,0.6625,0.6375,0.4
1,GTFT(0.1),0.05,common_field,Joss (0.9),2000000000039,2.05,2.3625,0.4875,0.425,0.1625
1,GTFT(0.1),0.05,common_field,Random (0.5),2000000000020,2.35,2.35,0.5375,0.5375,0.2625
1,GTFT(0.1),0.05,common_field,Random (0.5),2000000000021,2.2375,2.2375,0.475,0.475,0.1875
1,GTFT(0.1),0.05,common_field,Random (0.5),2000000000022,2.2,2.575,0.6125,0.5375,0.3375
1,GTFT(0.1),0.05,common_field,Random (0.5),2000000000023,2.2875,2.6,0.6375,0.575,0.375
1,GTFT(0.1),0.05,common_field,Random (0.5),2000000000024,2.275,2.4,0.575,0.55,0.35
1,GTFT(0.1),0.05,common_field,Random (0.5),2000000000025,2.3625,2.4875,0.5875,0.5625,0.3
1,GTFT(0.1),0.05,common_field,Random (0.5),2000000000026,1.925,2.4875,0.525,0.4125,0.2
1,GTFT(0.1),0.05,common_field,Random (0.5),2000000000027,2.2125,2.3375,0.525,0.5,0.2625
1,GTFT(0.1),0.05,common_field,Random (0.5),2000000000028,2.1875,2.3125,0.525,0.5,0.2875
1,GTFT(0.1),0.05,common_field,Random (0.5),2000000000029,2.15,2.525,0.575,0.5,0.275
1,GTFT(0.1),0.05,common_field,Random (0.5),2000000000030,2.025,2.7125,0.6,0.4625,0.225
1,GTFT(0.1),0.05,common_field,Random (0.5),2000000000031,2.35,2.5375,0.6125,0.575,0.3375
1,GTFT(0.1),0.05,common_field,Random (0.5),2000000000032,2.1375,2.3875,0.5375,0.4875,0.275
1,GTFT(0.1),0.05,common_field,Random (0.5),2000000000033,2.1125,2.3,0.4875,0.45,0.2
1,GTFT(0.1),0.05,common_field,Random (0.5),2000000000034,1.875,2.5625,0.5625,0.425,0.2625
1,GTFT(0.1),0.05,common_field,Random (0.5),2000000000035,2.3375,2.2125,0.475,0.5,0.1875
1,GTFT(0.1),0.05,common_field,Random (0.5),2000000000036,2.15,2.3375,0.5125,0.475,0.2375
1,GTFT(0.1),0.05,common_field,Random (0.5),2000000000037,1.875,2.125,0.4125,0.3625,0.1625
1,GTFT(0.1),0.05,common_field,Random (0.5),2000000000038,2.0125,2.5125,0.5625,0.4625,0.275
1,GTFT(0.1),0.05,common_field,Random (0.5),2000000000039,2.0125,2.5125,0.55,0.45,0.2375
1,GTFT(0.1),0.05,common_field,Tester,2000000000020,2.7375,2.55,0.7125,0.75,0.55
1,GTFT(0.1),0.05,common_field,Tester,2000000000021,1.025,1.775,0.2125,0.0625,0.0125
1,GTFT(0.1),0.05,common_field,Tester,2000000000022,1.0375,1.725,0.2,0.0625,0.0125
1,GTFT(0.1),0.05,common_field,Tester,2000000000023,0.9375,1.75,0.2,0.0375,0.0125
1,GTFT(0.1),0.05,common_field,Tester,2000000000024,1.0,1.6875,0.1875,0.05,0.0125
1,GTFT(0.1),0.05,common_field,Tester,2000000000025,0.95,1.825,0.225,0.05,0.025
1,GTFT(0.1),0.05,common_field,Tester,2000000000026,1.0125,1.825,0.225,0.0625,0.0125
1,GTFT(0.1),0.05,common_field,Tester,2000000000027,0.975,1.7875,0.2125,0.05,0.0125
1,GTFT(0.1),0.05,common_field,Tester,2000000000028,1.0,1.625,0.175,0.05,0.025
1,GTFT(0.1),0.05,common_field,Tester,2000000000029,1.025,1.5875,0.1625,0.05,0.0125
1,GTFT(0.1),0.05,common_field,Tester,2000000000030,1.125,2.0,0.2875,0.1125,0.0375
1,GTFT(0.1),0.05,common_field,Tester,2000000000031,1.1375,2.0125,0.2875,0.1125,0.025
1,GTFT(0.1),0.05,common_field,Tester,2000000000032,1.0,1.6875,0.1875,0.05,0.0125
1,GTFT(0.1),0.05,common_field,Tester,2000000000033,1.0625,1.4375,0.125,0.05,0.0125
1,GTFT(0.1),0.05,common_field,Tester,2000000000034,0.95,1.7625,0.2125,0.05,0.0375
1,GTFT(0.1),0.05,common_field,Tester,2000000000035,1.0375,1.5375,0.15,0.05,0.0125
1,GTFT(0.1),0.05,common_field,Tester,2000000000036,1.15,1.9625,0.275,0.1125,0.025
1,GTFT(0.1),0.05,common_field,Tester,2000000000037,1.125,1.6875,0.2,0.0875,0.025
1,GTFT(0.1),0.05,common_field,Tester,2000000000038,1.05,1.8,0.225,0.075,0.025
1,GTFT(0.1),0.05,common_field,Tester,2000000000039,2.5125,2.5125,0.6,0.6,0.2875
1,GTFT(0.1),0.05,common_field,Pavlov (Win-Stay Lose-Shift),2000000000020,2.1,2.475,0.5375,0.4625,0.2125
1,GTFT(0.1),0.05,common_field,Pavlov (Win-Stay Lose-Shift),2000000000021,2.4375,2.5625,0.675,0.65,0.4875
1,GTFT(0.1),0.05,common_field,Pavlov (Win-Stay Lose-Shift),2000000000022,2.525,2.7125,0.775,0.7375,0.65
1,GTFT(0.1),0.05,common_field,Pavlov (Win-Stay Lose-Shift),2000000000023,2.5125,2.7625,0.775,0.725,0.6125
1,GTFT(0.1),0.05,common_field,Pavlov (Win-Stay Lose-Shift),2000000000024,2.2125,2.5875,0.625,0.55,0.3625
1,GTFT(0.1),0.05,common_field,Pavlov (Win-Stay Lose-Shift),2000000000025,2.4125,2.4125,0.6,0.6,0.3875
1,GTFT(0.1),0.05,common_field,Pavlov (Win-Stay Lose-Shift),2000000000026,2.025,2.3375,0.475,0.4125,0.15
1,GTFT(0.1),0.05,common_field,Pavlov (Win-Stay Lose-Shift),2000000000027,2.1,2.2875,0.4875,0.45,0.2125
1,GTFT(0.1),0.05,common_field,Pavlov (Win-Stay Lose-Shift),2000000000028,2.1125,2.2375,0.4625,0.4375,0.175
1,GTFT(0.1),0.05,common_field,Pavlov (Win-Stay Lose-Shift),2000000000029,2.625,2.5,0.6875,0.7125,0.5375
1,GTFT(0.1),0.05,common_field,Pavlov (Win-Stay Lose-Shift),2000000000030,2.3375,2.7125,0.725,0.65,0.5375
1,GTFT(0.1),0.05,common_field,Pavlov (Win-Stay Lose-Shift),2000000000031,1.925,2.4875,0.5125,0.4,0.1625
1,GTFT(0.1),0.05,common_field,Pavlov (Win-Stay Lose-Shift),2000000000032,2.25,2.5625,0.6375,0.575,0.4125
1,GTFT(0.1),0.05,common_field,Pavlov (Win-Stay Lose-Shift),2000000000033,2.7,2.825,0.8625,0.8375,0.7875
1,GTFT(0.1),0.05,common_field,Pavlov (Win-Stay Lose-Shift),2000000000034,2.4375,2.625,0.7125,0.675,0.55
1,GTFT(0.1),0.05,common_field,Pavlov (Win-Stay Lose-Shift),2000000000035,2.2375,2.2375,0.4875,0.4875,0.225
1,GTFT(0.1),0.05,common_field,Pavlov (Win-Stay Lose-Shift),2000000000036,2.1375,2.325,0.4875,0.45,0.175
1,GTFT(0.1),0.05,common_field,Pavlov (Win-Stay Lose-Shift),2000000000037,2.2,2.45,0.575,0.525,0.325
1,GTFT(0.1),0.05,common_field,Pavlov (Win-Stay Lose-Shift),2000000000038,2.4,2.525,0.6625,0.6375,0.4875
1,GTFT(0.1),0.05,common_field,Pavlov (Win-Stay Lose-Shift),2000000000039,2.2,2.2,0.4625,0.4625,0.1875
1,GTFT(0.1),0.05,ALLC,Memory-1(ALLC),2000000000020,3.0375,2.7875,0.8875,0.9375,0.825
1,GTFT(0.1),0.05,ALLC,Memory-1(ALLC),2000000000021,3.0875,2.775,0.9,0.9625,0.8625
1,GTFT(0.1),0.05,ALLC,Memory-1(ALLC),2000000000022,3.0625,2.875,0.95,0.9875,0.9375
1,GTFT(0.1),0.05,ALLC,Memory-1(ALLC),2000000000023,2.9375,3.0,0.975,0.9625,0.9375
1,GTFT(0.1),0.05,ALLC,Memory-1(ALLC),2000000000024,2.9375,2.9375,0.9375,0.9375,0.875
1,GTFT(0.1),0.05,ALLC,Memory-1(ALLC),2000000000025,3.075,2.825,0.925,0.975,0.9
1,GTFT(0.1),0.05,ALLC,Memory-1(ALLC),2000000000026,2.9875,2.925,0.95,0.9625,0.9125
1,GTFT(0.1),0.05,ALLC,Memory-1(ALLC),2000000000027,2.9875,2.8625,0.925,0.95,0.8875
1,GTFT(0.1),0.05,ALLC,Memory-1(ALLC),2000000000028,3.025,2.8375,0.925,0.9625,0.9
1,GTFT(0.1),0.05,ALLC,Memory-1(ALLC),2000000000029,2.95,2.8875,0.9125,0.925,0.8375
1,GTFT(0.1),0.05,ALLC,Memory-1(ALLC),2000000000030,3.075,2.7625,0.8875,0.95,0.8375
1,GTFT(0.1),0.05,ALLC,Memory-1(ALLC),2000000000031,3.05,2.8,0.9125,0.9625,0.8875
1,GTFT(0.1),0.05,ALLC,Memory-1(ALLC),2000000000032,3.05,2.8625,0.9375,0.975,0.9125
1,GTFT(0.1),0.05,ALLC,Memory-1(ALLC),2000000000033,3.0125,2.8875,0.9375,0.9625,0.9
1,GTFT(0.1),0.05,ALLC,Memory-1(ALLC),2000000000034,2.95,2.8875,0.9125,0.925,0.8375
1,GTFT(0.1),0.05,ALLC,Memory-1(ALLC),2000000000035,3.075,2.7,0.8625,0.9375,0.8125
1,GTFT(0.1),0.05,ALLC,Memory-1(ALLC),2000000000036,3.0625,2.8125,0.9125,0.9625,0.875
1,GTFT(0.1),0.05,ALLC,Memory-1(ALLC),2000000000037,2.9875,2.8625,0.925,0.95,0.8875
1,GTFT(0.1),0.05,ALLC,Memory-1(ALLC),2000000000038,3.0,2.75,0.875,0.925,0.825
1,GTFT(0.1),0.05,ALLC,Memory-1(ALLC),2000000000039,3.1375,2.7625,0.9125,0.9875,0.9
1,GTFT(0.1),0.05,self,Memory-1(GTFT 0.1),2000000000020,2.7875,2.6625,0.75,0.775,0.5625
1,GTFT(0.1),0.05,self,Memory-1(GTFT 0.1),2000000000021,2.6,2.6,0.725,0.725,0.575
1,GTFT(0.1),0.05,self,Memory-1(GTFT 0.1),2000000000022,2.725,2.7875,0.825,0.8125,0.7
1,GTFT(0.1),0.05,self,Memory-1(GTFT 0.1),2000000000023,2.8625,2.9875,0.9375,0.9125,0.85
1,GTFT(0.1),0.05,self,Memory-1(GTFT 0.1),2000000000024,2.8375,2.9625,0.9125,0.8875,0.8
1,GTFT(0.1),0.05,self,Memory-1(GTFT 0.1),2000000000025,2.7,2.5125,0.725,0.7625,0.625
1,GTFT(0.1),0.05,self,Memory-1(GTFT 0.1),2000000000026,2.8375,2.9,0.875,0.8625,0.7375
1,GTFT(0.1),0.05,self,Memory-1(GTFT 0.1),2000000000027,2.7375,2.8625,0.8125,0.7875,0.6
1,GTFT(0.1),0.05,self,Memory-1(GTFT 0.1),2000000000028,2.7875,2.7875,0.7875,0.7875,0.575
1,GTFT(0.1),0.05,self,Memory-1(GTFT 0.1),2000000000029,2.65,2.8375,0.7875,0.75,0.5625
1,GTFT(0.1),0.05,self,Memory-1(GTFT 0.1),2000000000030,2.7125,2.775,0.7875,0.775,0.6
1,GTFT(0.1),0.05,self,Memory-1(GTFT 0.1),2000000000031,2.8375,2.65,0.8,0.8375,0.7125
1,GTFT(0.1),0.05,self,Memory-1(GTFT 0.1),2000000000032,2.9,2.9,0.9,0.9,0.8
1,GTFT(0.1),0.05,self,Memory-1(GTFT 0.1),2000000000033,2.925,2.8,0.85,0.875,0.725
1,GTFT(0.1),0.05,self,Memory-1(GTFT 0.1),2000000000034,2.5625,2.75,0.7375,0.7,0.5
1,GTFT(0.1),0.05,self,Memory-1(GTFT 0.1),2000000000035,2.5375,2.2875,0.5375,0.5875,0.275
1,GTFT(0.1),0.05,self,Memory-1(GTFT 0.1),2000000000036,2.6125,2.6125,0.6625,0.6625,0.375
1,GTFT(0.1),0.05,self,Memory-1(GTFT 0.1),2000000000037,2.7125,2.65,0.7625,0.775,0.625
1,GTFT(0.1),0.05,self,Memory-1(GTFT 0.1),2000000000038,2.4,2.4625,0.625,0.6125,0.425
1,GTFT(0.1),0.05,self,Memory-1(GTFT 0.1),2000000000039,2.6375,2.575,0.6875,0.7,0.475
1,Pavlov,0.0,common_field,Tit For Tat,2000000000020,3.0,3.0,1.0,1.0,1.0
1,Pavlov,0.0,common_field,Tit For Tat,2000000000021,3.0,3.0,1.0,1.0,1.0
1,Pavlov,0.0,common_field,Tit For Tat,2000000000022,3.0,3.0,1.0,1.0,1.0
1,Pavlov,0.0,common_field,Tit For Tat,2000000000023,3.0,3.0,1.0,1.0,1.0
1,Pavlov,0.0,common_field,Tit For Tat,2000000000024,3.0,3.0,1.0,1.0,1.0
1,Pavlov,0.0,common_field,Tit For Tat,2000000000025,3.0,3.0,1.0,1.0,1.0
1,Pavlov,0.0,common_field,Tit For Tat,2000000000026,3.0,3.0,1.0,1.0,1.0
1,Pavlov,0.0,common_field,Tit For Tat,2000000000027,3.0,3.0,1.0,1.0,1.0
1,Pavlov,0.0,common_field,Tit For Tat,2000000000028,3.0,3.0,1.0,1.0,1.0
1,Pavlov,0.0,common_field,Tit For Tat,2000000000029,3.0,3.0,1.0,1.0,1.0
1,Pavlov,0.0,common_field,Tit For Tat,2000000000030,3.0,3.0,1.0,1.0,1.0
1,Pavlov,0.0,common_field,Tit For Tat,2000000000031,3.0,3.0,1.0,1.0,1.0
1,Pavlov,0.0,common_field,Tit For Tat,2000000000032,3.0,3.0,1.0,1.0,1.0
1,Pavlov,0.0,common_field,Tit For Tat,2000000000033,3.0,3.0,1.0,1.0,1.0
1,Pavlov,0.0,common_field,Tit For Tat,2000000000034,3.0,3.0,1.0,1.0,1.0
1,Pavlov,0.0,common_field,Tit For Tat,2000000000035,3.0,3.0,1.0,1.0,1.0
1,Pavlov,0.0,common_field,Tit For Tat,2000000000036,3.0,3.0,1.0,1.0,1.0
1,Pavlov,0.0,common_field,Tit For Tat,2000000000037,3.0,3.0,1.0,1.0,1.0
1,Pavlov,0.0,common_field,Tit For Tat,2000000000038,3.0,3.0,1.0,1.0,1.0
1,Pavlov,0.0,common_field,Tit For Tat,2000000000039,3.0,3.0,1.0,1.0,1.0
1,Pavlov,0.0,common_field,Always Defect,2000000000020,0.5,3.0,0.5,0.0,0.0
1,Pavlov,0.0,common_field,Always Defect,2000000000021,0.5,3.0,0.5,0.0,0.0
1,Pavlov,0.0,common_field,Always Defect,2000000000022,0.5,3.0,0.5,0.0,0.0
1,Pavlov,0.0,common_field,Always Defect,2000000000023,0.5,3.0,0.5,0.0,0.0
1,Pavlov,0.0,common_field,Always Defect,2000000000024,0.5,3.0,0.5,0.0,0.0
1,Pavlov,0.0,common_field,Always Defect,2000000000025,0.5,3.0,0.5,0.0,0.0
1,Pavlov,0.0,common_field,Always Defect,2000000000026,0.5,3.0,0.5,0.0,0.0
1,Pavlov,0.0,common_field,Always Defect,2000000000027,0.5,3.0,0.5,0.0,0.0
1,Pavlov,0.0,common_field,Always Defect,2000000000028,0.5,3.0,0.5,0.0,0.0
1,Pavlov,0.0,common_field,Always Defect,2000000000029,0.5,3.0,0.5,0.0,0.0
1,Pavlov,0.0,common_field,Always Defect,2000000000030,0.5,3.0,0.5,0.0,0.0
1,Pavlov,0.0,common_field,Always Defect,2000000000031,0.5,3.0,0.5,0.0,0.0
1,Pavlov,0.0,common_field,Always Defect,2000000000032,0.5,3.0,0.5,0.0,0.0
1,Pavlov,0.0,common_field,Always Defect,2000000000033,0.5,3.0,0.5,0.0,0.0
1,Pavlov,0.0,common_field,Always Defect,2000000000034,0.5,3.0,0.5,0.0,0.0
1,Pavlov,0.0,common_field,Always Defect,2000000000035,0.5,3.0,0.5,0.0,0.0
1,Pavlov,0.0,common_field,Always Defect,2000000000036,0.5,3.0,0.5,0.0,0.0
1,Pavlov,0.0,common_field,Always Defect,2000000000037,0.5,3.0,0.5,0.0,0.0
1,Pavlov,0.0,common_field,Always Defect,2000000000038,0.5,3.0,0.5,0.0,0.0
1,Pavlov,0.0,common_field,Always Defect,2000000000039,0.5,3.0,0.5,0.0,0.0
1,Pavlov,0.0,common_field,Grudger,2000000000020,3.0,3.0,1.0,1.0,1.0
1,Pavlov,0.0,common_field,Grudger,2000000000021,3.0,3.0,1.0,1.0,1.0
1,Pavlov,0.0,common_field,Grudger,2000000000022,3.0,3.0,1.0,1.0,1.0
1,Pavlov,0.0,common_field,Grudger,2000000000023,3.0,3.0,1.0,1.0,1.0
1,Pavlov,0.0,common_field,Grudger,2000000000024,3.0,3.0,1.0,1.0,1.0
1,Pavlov,0.0,common_field,Grudger,2000000000025,3.0,3.0,1.0,1.0,1.0
1,Pavlov,0.0,common_field,Grudger,2000000000026,3.0,3.0,1.0,1.0,1.0
1,Pavlov,0.0,common_field,Grudger,2000000000027,3.0,3.0,1.0,1.0,1.0
1,Pavlov,0.0,common_field,Grudger,2000000000028,3.0,3.0,1.0,1.0,1.0
1,Pavlov,0.0,common_field,Grudger,2000000000029,3.0,3.0,1.0,1.0,1.0
1,Pavlov,0.0,common_field,Grudger,2000000000030,3.0,3.0,1.0,1.0,1.0
1,Pavlov,0.0,common_field,Grudger,2000000000031,3.0,3.0,1.0,1.0,1.0
1,Pavlov,0.0,common_field,Grudger,2000000000032,3.0,3.0,1.0,1.0,1.0
1,Pavlov,0.0,common_field,Grudger,2000000000033,3.0,3.0,1.0,1.0,1.0
1,Pavlov,0.0,common_field,Grudger,2000000000034,3.0,3.0,1.0,1.0,1.0
1,Pavlov,0.0,common_field,Grudger,2000000000035,3.0,3.0,1.0,1.0,1.0
1,Pavlov,0.0,common_field,Grudger,2000000000036,3.0,3.0,1.0,1.0,1.0
1,Pavlov,0.0,common_field,Grudger,2000000000037,3.0,3.0,1.0,1.0,1.0
1,Pavlov,0.0,common_field,Grudger,2000000000038,3.0,3.0,1.0,1.0,1.0
1,Pavlov,0.0,common_field,Grudger,2000000000039,3.0,3.0,1.0,1.0,1.0
1,Pavlov,0.0,common_field,Joss (0.9),2000000000020,2.1125,2.175,0.4375,0.425,0.15
1,Pavlov,0.0,common_field,Joss (0.9),2000000000021,1.875,2.125,0.3625,0.3125,0.0125
1,Pavlov,0.0,common_field,Joss (0.9),2000000000022,2.0875,2.2125,0.45,0.425,0.1625
1,Pavlov,0.0,common_field,Joss (0.9),2000000000023,1.9875,2.05,0.35,0.3375,0.0125
1,Pavlov,0.0,common_field,Joss (0.9),2000000000024,1.75,2.3125,0.425,0.3125,0.075
1,Pavlov,0.0,common_field,Joss (0.9),2000000000025,1.9375,2.0625,0.35,0.325,0.0125
1,Pavlov,0.0,common_field,Joss (0.9),2000000000026,1.95,2.1375,0.3875,0.35,0.0625
1,Pavlov,0.0,common_field,Joss (0.9),2000000000027,1.875,2.125,0.3625,0.3125,0.0125
1,Pavlov,0.0,common_field,Joss (0.9),2000000000028,1.95,2.1375,0.3875,0.35,0.0625
1,Pavlov,0.0,common_field,Joss (0.9),2000000000029,2.025,2.0875,0.375,0.3625,0.05
1,Pavlov,0.0,common_field,Joss (0.9),2000000000030,2.0125,2.2,0.425,0.3875,0.1125
1,Pavlov,0.0,common_field,Joss (0.9),2000000000031,1.9875,2.175,0.4125,0.375,0.1
1,Pavlov,0.0,common_field,Joss (0.9),2000000000032,1.9875,2.2375,0.4375,0.3875,0.125
1,Pavlov,0.0,common_field,Joss (0.9),2000000000033,2.125,2.3125,0.5,0.4625,0.225
1,Pavlov,0.0,common_field,Joss (0.9),2000000000034,2.125,2.3125,0.5,0.4625,0.225
1,Pavlov,0.0,common_field,Joss (0.9),2000000000035,2.1,2.1625,0.425,0.4125,0.125
1,Pavlov,0.0,common_field,Joss (0.9),2000000000036,1.925,2.2375,0.425,0.3625,0.1
1,Pavlov,0.0,common_field,Joss (0.9),2000000000037,1.975,2.2875,0.4625,0.4,0.1625
1,Pavlov,0.0,common_field,Joss (0.9),2000000000038,2.375,2.5,0.6375,0.6125,0.4375
1,Pavlov,0.0,common_field,Joss (0.9),2000000000039,1.95,2.1375,0.3875,0.35,0.0625
1,Pavlov,0.0,common_field,Random (0.5),2000000000020,2.7,1.95,0.45,0.6,0.25
1,Pavlov,0.0,common_field,Random (0.5),2000000000021,2.2875,2.1,0.4375,0.475,0.175
1,Pavlov,0.0,common_field,Random (0.5),2000000000022,2.0125,2.3875,0.5125,0.4375,0.225
1,Pavlov,0.0,common_field,Random (0.5),2000000000023,2.275,2.2125,0.4875,0.5,0.2375
1,Pavlov,0.0,common_field,Random (0.5),2000000000024,2.125,2.4375,0.5625,0.5,0.3125
1,Pavlov,0.0,common_field,Random (0.5),2000000000025,2.375,2.0625,0.4375,0.5,0.1875
1,Pavlov,0.0,common_field,Random (0.5),2000000000026,2.25,2.125,0.4375,0.4625,0.1625
1,Pavlov,0.0,common_field,Random (0.5),2000000000027,2.0625,2.25,0.4625,0.425,0.175
1,Pavlov,0.0,common_field,Random (0.5),2000000000028,2.0625,2.3125,0.4875,0.4375,0.2
1,Pavlov,0.0,common_field,Random (0.5),2000000000029,2.5875,1.8375,0.375,0.525,0.1375
1,Pavlov,0.0,common_field,Random (0.5),2000000000030,2.3875,2.1375,0.475,0.525,0.2375
1,Pavlov,0.0,common_field,Random (0.5),2000000000031,2.35,2.1625,0.475,0.5125,0.225
1,Pavlov,0.0,common_field,Random (0.5),2000000000032,1.9,2.4625,0.525,0.4125,0.225
1,Pavlov,0.0,common_field,Random (0.5),2000000000033,2.15,2.275,0.4875,0.4625,0.2125
1,Pavlov,0.0,common_field,Random (0.5),2000000000034,1.9875,2.55,0.5875,0.475,0.325
1,Pavlov,0.0,common_field,Random (0.5),2000000000035,2.2875,2.1625,0.4625,0.4875,0.2
1,Pavlov,0.0,common_field,Random (0.5),2000000000036,2.125,2.25,0.475,0.45,0.2
1,Pavlov,0.0,common_field,Random (0.5),2000000000037,2.1625,2.2875,0.5,0.475,0.2375
1,Pavlov,0.0,common_field,Random (0.5),2000000000038,1.8375,2.4625,0.5125,0.3875,0.2
1,Pavlov,0.0,common_field,Random (0.5),2000000000039,1.8625,2.55,0.5625,0.425,0.275
1,Pavlov,0.0,common_field,Tester,2000000000020,0.525,3.025,0.5125,0.0125,0.0125
1,Pavlov,0.0,common_field,Tester,2000000000021,0.525,3.025,0.5125,0.0125,0.0125
1,Pavlov,0.0,common_field,Tester,2000000000022,0.525,3.025,0.5125,0.0125,0.0125
1,Pavlov,0.0,common_field,Tester,2000000000023,0.525,3.025,0.5125,0.0125,0.0125
1,Pavlov,0.0,common_field,Tester,2000000000024,0.525,3.025,0.5125,0.0125,0.0125
1,Pavlov,0.0,common_field,Tester,2000000000025,0.525,3.025,0.5125,0.0125,0.0125
1,Pavlov,0.0,common_field,Tester,2000000000026,0.525,3.025,0.5125,0.0125,0.0125
1,Pavlov,0.0,common_field,Tester,2000000000027,0.525,3.025,0.5125,0.0125,0.0125
1,Pavlov,0.0,common_field,Tester,2000000000028,0.525,3.025,0.5125,0.0125,0.0125
1,Pavlov,0.0,common_field,Tester,2000000000029,0.525,3.025,0.5125,0.0125,0.0125
1,Pavlov,0.0,common_field,Tester,2000000000030,0.525,3.025,0.5125,0.0125,0.0125
1,Pavlov,0.0,common_field,Tester,2000000000031,0.525,3.025,0.5125,0.0125,0.0125
1,Pavlov,0.0,common_field,Tester,2000000000032,0.525,3.025,0.5125,0.0125,0.0125
1,Pavlov,0.0,common_field,Tester,2000000000033,0.525,3.025,0.5125,0.0125,0.0125
1,Pavlov,0.0,common_field,Tester,2000000000034,0.525,3.025,0.5125,0.0125,0.0125
1,Pavlov,0.0,common_field,Tester,2000000000035,0.525,3.025,0.5125,0.0125,0.0125
1,Pavlov,0.0,common_field,Tester,2000000000036,0.525,3.025,0.5125,0.0125,0.0125
1,Pavlov,0.0,common_field,Tester,2000000000037,0.525,3.025,0.5125,0.0125,0.0125
1,Pavlov,0.0,common_field,Tester,2000000000038,0.525,3.025,0.5125,0.0125,0.0125
1,Pavlov,0.0,common_field,Tester,2000000000039,0.525,3.025,0.5125,0.0125,0.0125
1,Pavlov,0.0,common_field,Pavlov (Win-Stay Lose-Shift),2000000000020,3.0,3.0,1.0,1.0,1.0
1,Pavlov,0.0,common_field,Pavlov (Win-Stay Lose-Shift),2000000000021,3.0,3.0,1.0,1.0,1.0
1,Pavlov,0.0,common_field,Pavlov (Win-Stay Lose-Shift),2000000000022,3.0,3.0,1.0,1.0,1.0
1,Pavlov,0.0,common_field,Pavlov (Win-Stay Lose-Shift),2000000000023,3.0,3.0,1.0,1.0,1.0
1,Pavlov,0.0,common_field,Pavlov (Win-Stay Lose-Shift),2000000000024,3.0,3.0,1.0,1.0,1.0
1,Pavlov,0.0,common_field,Pavlov (Win-Stay Lose-Shift),2000000000025,3.0,3.0,1.0,1.0,1.0
1,Pavlov,0.0,common_field,Pavlov (Win-Stay Lose-Shift),2000000000026,3.0,3.0,1.0,1.0,1.0
1,Pavlov,0.0,common_field,Pavlov (Win-Stay Lose-Shift),2000000000027,3.0,3.0,1.0,1.0,1.0
1,Pavlov,0.0,common_field,Pavlov (Win-Stay Lose-Shift),2000000000028,3.0,3.0,1.0,1.0,1.0
1,Pavlov,0.0,common_field,Pavlov (Win-Stay Lose-Shift),2000000000029,3.0,3.0,1.0,1.0,1.0
1,Pavlov,0.0,common_field,Pavlov (Win-Stay Lose-Shift),2000000000030,3.0,3.0,1.0,1.0,1.0
1,Pavlov,0.0,common_field,Pavlov (Win-Stay Lose-Shift),2000000000031,3.0,3.0,1.0,1.0,1.0
1,Pavlov,0.0,common_field,Pavlov (Win-Stay Lose-Shift),2000000000032,3.0,3.0,1.0,1.0,1.0
1,Pavlov,0.0,common_field,Pavlov (Win-Stay Lose-Shift),2000000000033,3.0,3.0,1.0,1.0,1.0
1,Pavlov,0.0,common_field,Pavlov (Win-Stay Lose-Shift),2000000000034,3.0,3.0,1.0,1.0,1.0
1,Pavlov,0.0,common_field,Pavlov (Win-Stay Lose-Shift),2000000000035,3.0,3.0,1.0,1.0,1.0
1,Pavlov,0.0,common_field,Pavlov (Win-Stay Lose-Shift),2000000000036,3.0,3.0,1.0,1.0,1.0
1,Pavlov,0.0,common_field,Pavlov (Win-Stay Lose-Shift),2000000000037,3.0,3.0,1.0,1.0,1.0
1,Pavlov,0.0,common_field,Pavlov (Win-Stay Lose-Shift),2000000000038,3.0,3.0,1.0,1.0,1.0
1,Pavlov,0.0,common_field,Pavlov (Win-Stay Lose-Shift),2000000000039,3.0,3.0,1.0,1.0,1.0
1,Pavlov,0.0,ALLC,Memory-1(ALLC),2000000000020,3.0,3.0,1.0,1.0,1.0
1,Pavlov,0.0,ALLC,Memory-1(ALLC),2000000000021,3.0,3.0,1.0,1.0,1.0
1,Pavlov,0.0,ALLC,Memory-1(ALLC),2000000000022,3.0,3.0,1.0,1.0,1.0
1,Pavlov,0.0,ALLC,Memory-1(ALLC),2000000000023,3.0,3.0,1.0,1.0,1.0
1,Pavlov,0.0,ALLC,Memory-1(ALLC),2000000000024,3.0,3.0,1.0,1.0,1.0
1,Pavlov,0.0,ALLC,Memory-1(ALLC),2000000000025,3.0,3.0,1.0,1.0,1.0
1,Pavlov,0.0,ALLC,Memory-1(ALLC),2000000000026,3.0,3.0,1.0,1.0,1.0
1,Pavlov,0.0,ALLC,Memory-1(ALLC),2000000000027,3.0,3.0,1.0,1.0,1.0
1,Pavlov,0.0,ALLC,Memory-1(ALLC),2000000000028,3.0,3.0,1.0,1.0,1.0
1,Pavlov,0.0,ALLC,Memory-1(ALLC),2000000000029,3.0,3.0,1.0,1.0,1.0
1,Pavlov,0.0,ALLC,Memory-1(ALLC),2000000000030,3.0,3.0,1.0,1.0,1.0
1,Pavlov,0.0,ALLC,Memory-1(ALLC),2000000000031,3.0,3.0,1.0,1.0,1.0
1,Pavlov,0.0,ALLC,Memory-1(ALLC),2000000000032,3.0,3.0,1.0,1.0,1.0
1,Pavlov,0.0,ALLC,Memory-1(ALLC),2000000000033,3.0,3.0,1.0,1.0,1.0
1,Pavlov,0.0,ALLC,Memory-1(ALLC),2000000000034,3.0,3.0,1.0,1.0,1.0
1,Pavlov,0.0,ALLC,Memory-1(ALLC),2000000000035,3.0,3.0,1.0,1.0,1.0
1,Pavlov,0.0,ALLC,Memory-1(ALLC),2000000000036,3.0,3.0,1.0,1.0,1.0
1,Pavlov,0.0,ALLC,Memory-1(ALLC),2000000000037,3.0,3.0,1.0,1.0,1.0
1,Pavlov,0.0,ALLC,Memory-1(ALLC),2000000000038,3.0,3.0,1.0,1.0,1.0
1,Pavlov,0.0,ALLC,Memory-1(ALLC),2000000000039,3.0,3.0,1.0,1.0,1.0
1,Pavlov,0.0,self,Memory-1(Pavlov),2000000000020,3.0,3.0,1.0,1.0,1.0
1,Pavlov,0.0,self,Memory-1(Pavlov),2000000000021,3.0,3.0,1.0,1.0,1.0
1,Pavlov,0.0,self,Memory-1(Pavlov),2000000000022,3.0,3.0,1.0,1.0,1.0
1,Pavlov,0.0,self,Memory-1(Pavlov),2000000000023,3.0,3.0,1.0,1.0,1.0
1,Pavlov,0.0,self,Memory-1(Pavlov),2000000000024,3.0,3.0,1.0,1.0,1.0
1,Pavlov,0.0,self,Memory-1(Pavlov),2000000000025,3.0,3.0,1.0,1.0,1.0
1,Pavlov,0.0,self,Memory-1(Pavlov),2000000000026,3.0,3.0,1.0,1.0,1.0
1,Pavlov,0.0,self,Memory-1(Pavlov),2000000000027,3.0,3.0,1.0,1.0,1.0
1,Pavlov,0.0,self,Memory-1(Pavlov),2000000000028,3.0,3.0,1.0,1.0,1.0
1,Pavlov,0.0,self,Memory-1(Pavlov),2000000000029,3.0,3.0,1.0,1.0,1.0
1,Pavlov,0.0,self,Memory-1(Pavlov),2000000000030,3.0,3.0,1.0,1.0,1.0
1,Pavlov,0.0,self,Memory-1(Pavlov),2000000000031,3.0,3.0,1.0,1.0,1.0
1,Pavlov,0.0,self,Memory-1(Pavlov),2000000000032,3.0,3.0,1.0,1.0,1.0
1,Pavlov,0.0,self,Memory-1(Pavlov),2000000000033,3.0,3.0,1.0,1.0,1.0
1,Pavlov,0.0,self,Memory-1(Pavlov),2000000000034,3.0,3.0,1.0,1.0,1.0
1,Pavlov,0.0,self,Memory-1(Pavlov),2000000000035,3.0,3.0,1.0,1.0,1.0
1,Pavlov,0.0,self,Memory-1(Pavlov),2000000000036,3.0,3.0,1.0,1.0,1.0
1,Pavlov,0.0,self,Memory-1(Pavlov),2000000000037,3.0,3.0,1.0,1.0,1.0
1,Pavlov,0.0,self,Memory-1(Pavlov),2000000000038,3.0,3.0,1.0,1.0,1.0
1,Pavlov,0.0,self,Memory-1(Pavlov),2000000000039,3.0,3.0,1.0,1.0,1.0
1,Pavlov,0.05,common_field,Tit For Tat,2000000000020,2.2375,2.3625,0.5375,0.5125,0.275
1,Pavlov,0.05,common_field,Tit For Tat,2000000000021,2.275,2.15,0.4625,0.4875,0.2125
1,Pavlov,0.05,common_field,Tit For Tat,2000000000022,2.2875,2.4125,0.575,0.55,0.3375
1,Pavlov,0.05,common_field,Tit For Tat,2000000000023,2.575,2.45,0.6625,0.6875,0.5125
1,Pavlov,0.05,common_field,Tit For Tat,2000000000024,2.3375,2.4,0.5875,0.575,0.375
1,Pavlov,0.05,common_field,Tit For Tat,2000000000025,2.1375,2.075,0.4,0.4125,0.1125
1,Pavlov,0.05,common_field,Tit For Tat,2000000000026,2.3375,2.275,0.525,0.5375,0.2875
1,Pavlov,0.05,common_field,Tit For Tat,2000000000027,2.7875,2.6625,0.8,0.825,0.7125
1,Pavlov,0.05,common_field,Tit For Tat,2000000000028,2.05,1.9875,0.35,0.3625,0.05
1,Pavlov,0.05,common_field,Tit For Tat,2000000000029,2.3625,2.175,0.5,0.5375,0.2875
1,Pavlov,0.05,common_field,Tit For Tat,2000000000030,2.625,2.5,0.6875,0.7125,0.5375
1,Pavlov,0.05,common_field,Tit For Tat,2000000000031,2.375,2.3125,0.55,0.5625,0.325
1,Pavlov,0.05,common_field,Tit For Tat,2000000000032,2.3125,2.3125,0.55,0.55,0.3375
1,Pavlov,0.05,common_field,Tit For Tat,2000000000033,2.2625,2.325,0.525,0.5125,0.2625
1,Pavlov,0.05,common_field,Tit For Tat,2000000000034,2.4375,2.4375,0.6375,0.6375,0.475
1,Pavlov,0.05,common_field,Tit For Tat,2000000000035,2.4375,2.375,0.6,0.6125,0.4125
1,Pavlov,0.05,common_field,Tit For Tat,2000000000036,2.2,2.325,0.5,0.475,0.2
1,Pavlov,0.05,common_field,Tit For Tat,2000000000037,2.3625,2.425,0.6,0.5875,0.3875
1,Pavlov,0.05,common_field,Tit For Tat,2000000000038,2.5125,2.575,0.7,0.6875,0.5375
1,Pavlov,0.05,common_field,Tit For Tat,2000000000039,2.0875,2.2125,0.45,0.425,0.1625
1,Pavlov,0.05,common_field,Always Defect,2000000000020,0.7625,2.825,0.475,0.0625,0.0125
1,Pavlov,0.05,common_field,Always Defect,2000000000021,0.6625,2.975,0.5125,0.05,0.025
1,Pavlov,0.05,common_field,Always Defect,2000000000022,0.6375,3.0125,0.525,0.05,0.0375
1,Pavlov,0.05,common_field,Always Defect,2000000000023,0.55,3.05,0.525,0.025,0.025
1,Pavlov,0.05,common_field,Always Defect,2000000000024,0.625,2.9375,0.5,0.0375,0.025
1,Pavlov,0.05,common_field,Always Defect,2000000000025,0.625,3.0,0.5125,0.0375,0.0125
1,Pavlov,0.05,common_field,Always Defect,2000000000026,0.6625,2.975,0.5125,0.05,0.025
1,Pavlov,0.05,common_field,Always Defect,2000000000027,0.65,2.9,0.4875,0.0375,0.0125
1,Pavlov,0.05,common_field,Always Defect,2000000000028,0.6625,2.9125,0.4875,0.0375,0.0
1,Pavlov,0.05,common_field,Always Defect,2000000000029,0.6,2.975,0.5125,0.0375,0.0375
1,Pavlov,0.05,common_field,Always Defect,2000000000030,0.8375,2.8375,0.5,0.1,0.0625
1,Pavlov,0.05,common_field,Always Defect,2000000000031,0.8375,2.9,0.5125,0.1,0.05
1,Pavlov,0.05,common_field,Always Defect,2000000000032,0.625,2.9375,0.5,0.0375,0.025
1,Pavlov,0.05,common_field,Always Defect,2000000000033,0.65,2.9,0.4875,0.0375,0.0125
1,Pavlov,0.05,common_field,Always Defect,2000000000034,0.5875,3.025,0.525,0.0375,0.0375
1,Pavlov,0.05,common_field,Always Defect,2000000000035,0.5875,3.025,0.525,0.0375,0.0375
1,Pavlov,0.05,common_field,Always Defect,2000000000036,0.8375,2.9,0.5125,0.1,0.05
1,Pavlov,0.05,common_field,Always Defect,2000000000037,0.775,2.8375,0.4875,0.075,0.0375
1,Pavlov,0.05,common_field,Always Defect,2000000000038,0.725,2.9125,0.5,0.0625,0.025
1,Pavlov,0.05,common_field,Always Defect,2000000000039,0.6375,3.0125,0.525,0.05,0.0375
1,Pavlov,0.05,common_field,Grudger,2000000000020,0.8625,2.7375,0.4625,0.0875,0.025
1,Pavlov,0.05,common_field,Grudger,2000000000021,0.875,2.8125,0.5,0.1125,0.075
1,Pavlov,0.05,common_field,Grudger,2000000000022,1.4125,2.975,0.6625,0.35,0.325
1,Pavlov,0.05,common_field,Grudger,2000000000023,1.3375,2.9625,0.65,0.325,0.3125
1,Pavlov,0.05,common_field,Grudger,2000000000024,0.775,2.9,0.5125,0.0875,0.0625
1,Pavlov,0.05,common_field,Grudger,2000000000025,0.85,2.9125,0.525,0.1125,0.075
1,Pavlov,0.05,common_field,Grudger,2000000000026,0.95,2.8875,0.5375,0.15,0.1125
1,Pavlov,0.05,common_field,Grudger,2000000000027,0.85,2.975,0.55,0.125,0.1
1,Pavlov,0.05,common_field,Grudger,2000000000028,0.825,2.825,0.4875,0.0875,0.0375
1,Pavlov,0.05,common_field,Grudger,2000000000029,1.0375,2.85,0.5375,0.175,0.125
1,Pavlov,0.05,common_field,Grudger,2000000000030,1.45,2.8875,0.625,0.3375,0.275
1,Pavlov,0.05,common_field,Grudger,2000000000031,1.125,2.875,0.5625,0.2125,0.1625
1,Pavlov,0.05,common_field,Grudger,2000000000032,0.825,2.8875,0.5125,0.1,0.0625
1,Pavlov,0.05,common_field,Grudger,2000000000033,1.1,2.975,0.6,0.225,0.2
1,Pavlov,0.05,common_field,Grudger,2000000000034,0.7875,2.975,0.55,0.1125,0.1125
1,Pavlov,0.05,common_field,Grudger,2000000000035,0.75,2.9375,0.525,0.0875,0.075
1,Pavlov,0.05,common_field,Grudger,2000000000036,0.925,2.8625,0.5125,0.125,0.0625
1,Pavlov,0.05,common_field,Grudger,2000000000037,1.225,2.85,0.575,0.25,0.2
1,Pavlov,0.05,common_field,Grudger,2000000000038,1.575,2.8875,0.6625,0.4,0.3625
1,Pavlov,0.05,common_field,Grudger,2000000000039,0.6625,2.975,0.5125,0.05,0.025
1,Pavlov,0.05,common_field,Joss (0.9),2000000000020,2.1625,2.1625,0.425,0.425,0.1125
1,Pavlov,0.05,common_field,Joss (0.9),2000000000021,2.2375,2.55,0.6125,0.55,0.35
1,Pavlov,0.05,common_field,Joss (0.9),2000000000022,2.15,2.4,0.55,0.5,0.3
1,Pavlov,0.05,common_field,Joss (0.9),2000000000023,1.9875,2.3625,0.5,0.425,0.2125
1,Pavlov,0.05,common_field,Joss (0.9),2000000000024,1.95,2.1375,0.3875,0.35,0.0625
1,Pavlov,0.05,common_field,Joss (0.9),2000000000025,2.125,2.1875,0.4375,0.425,0.1375
1,Pavlov,0.05,common_field,Joss (0.9),2000000000026,2.0,2.375,0.5,0.425,0.2
1,Pavlov,0.05,common_field,Joss (0.9),2000000000027,2.1875,2.3125,0.525,0.5,0.2875
1,Pavlov,0.05,common_field,Joss (0.9),2000000000028,2.1875,2.375,0.5375,0.5,0.275
1,Pavlov,0.05,common_field,Joss (0.9),2000000000029,1.8375,2.2125,0.4,0.325,0.0625
1,Pavlov,0.05,common_field,Joss (0.9),2000000000030,1.8625,2.2375,0.425,0.35,0.1125
1,Pavlov,0.05,common_field,Joss (0.9),2000000000031,1.9625,2.275,0.45,0.3875,0.1375
1,Pavlov,0.05,common_field,Joss (0.9),2000000000032,1.9875,2.175,0.425,0.3875,0.1375
1,Pavlov,0.05,common_field,Joss (0.9),2000000000033,2.0125,2.2,0.425,0.3875,0.1125
1,Pavlov,0.05,common_field,Joss (0.9),2000000000034,2.1125,2.05,0.3875,0.4,0.1
1,Pavlov,0.05,common_field,Joss (0.9),2000000000035,1.9,2.3375,0.4625,0.375,0.1375
1,Pavlov,0.05,common_field,Joss (0.9),2000000000036,1.875,2.3125,0.4625,0.375,0.1625
1,Pavlov,0.05,common_field,Joss (0.9),2000000000037,2.2125,2.275,0.5,0.4875,0.2375
1,Pavlov,0.05,common_field,Joss (0.9),2000000000038,2.325,2.45,0.6125,0.5875,0.4125
1,Pavlov,0.05,common_field,Joss (0.9),2000000000039,2.0125,2.2,0.425,0.3875,0.1125
1,Pavlov,0.05,common_field,Random (0.5),2000000000020,2.3,2.3,0.5375,0.5375,0.3125
1,Pavlov,0.05,common_field,Random (0.5),2000000000021,2.2,2.2625,0.4875,0.475,0.2125
1,Pavlov,0.05,common_field,Random (0.5),2000000000022,2.175,2.4875,0.6,0.5375,0.375
1,Pavlov,0.05,common_field,Random (0.5),2000000000023,2.6375,1.95,0.4375,0.575,0.225
1,Pavlov,0.05,common_field,Random (0.5),2000000000024,2.375,2.25,0.525,0.55,0.3
1,Pavlov,0.05,common_field,Random (0.5),2000000000025,2.6375,1.8875,0.4125,0.5625,0.2
1,Pavlov,0.05,common_field,Random (0.5),2000000000026,2.0375,2.225,0.45,0.4125,0.1625
1,Pavlov,0.05,common_field,Random (0.5),2000000000027,2.3125,2.1875,0.475,0.5,0.2125
1,Pavlov,0.05,common_field,Random (0.5),2000000000028,2.1875,2.3125,0.525,0.5,0.2875
1,Pavlov,0.05,common_field,Random (0.5),2000000000029,2.1,2.5375,0.5875,0.5,0.3125
1,Pavlov,0.05,common_field,Random (0.5),2000000000030,2.0875,2.3375,0.5125,0.4625,0.25
1,Pavlov,0.05,common_field,Random (0.5),2000000000031,2.5875,2.025,0.4625,0.575,0.25
1,Pavlov,0.05,common_field,Random (0.5),2000000000032,2.2875,2.1625,0.4625,0.4875,0.2
1,Pavlov,0.05,common_field,Random (0.5),2000000000033,1.9625,2.525,0.5625,0.45,0.275
1,Pavlov,0.05,common_field,Random (0.5),2000000000034,2.0875,2.2125,0.45,0.425,0.1625
1,Pavlov,0.05,common_field,Random (0.5),2000000000035,2.2875,2.225,0.4875,0.5,0.225
1,Pavlov,0.05,common_field,Random (0.5),2000000000036,2.1375,2.3875,0.525,0.475,0.2375
1,Pavlov,0.05,common_field,Random (0.5),2000000000037,1.775,2.4625,0.5,0.3625,0.175
1,Pavlov,0.05,common_field,Random (0.5),2000000000038,1.9875,2.55,0.575,0.4625,0.2875
1,Pavlov,0.05,common_field,Random (0.5),2000000000039,2.0125,2.45,0.5375,0.45,0.25
1,Pavlov,0.05,common_field,Tester,2000000000020,2.15,2.0875,0.4125,0.425,0.1375
1,Pavlov,0.05,common_field,Tester,2000000000021,0.7125,2.9,0.5,0.0625,0.0375
1,Pavlov,0.05,common_field,Tester,2000000000022,0.7375,2.8625,0.4875,0.0625,0.025
1,Pavlov,0.05,common_field,Tester,2000000000023,0.65,2.9,0.4875,0.0375,0.0125
1,Pavlov,0.05,common_field,Tester,2000000000024,0.6625,2.975,0.5125,0.05,0.025
1,Pavlov,0.05,common_field,Tester,2000000000025,0.6625,2.9125,0.5,0.05,0.0375
1,Pavlov,0.05,common_field,Tester,2000000000026,0.7125,2.9,0.5,0.0625,0.0375
1,Pavlov,0.05,common_field,Tester,2000000000027,0.6375,3.0125,0.525,0.05,0.0375
1,Pavlov,0.05,common_field,Tester,2000000000028,0.625,3.0,0.525,0.05,0.05
1,Pavlov,0.05,common_field,Tester,2000000000029,0.6875,2.9375,0.5,0.05,0.0125
1,Pavlov,0.05,common_field,Tester,2000000000030,0.8875,2.8875,0.5125,0.1125,0.05
1,Pavlov,0.05,common_field,Tester,2000000000031,0.8875,2.825,0.5,0.1125,0.0625
1,Pavlov,0.05,common_field,Tester,2000000000032,0.6625,2.975,0.5125,0.05,0.025
1,Pavlov,0.05,common_field,Tester,2000000000033,0.6375,3.0125,0.525,0.05,0.0375
1,Pavlov,0.05,common_field,Tester,2000000000034,0.7,2.8875,0.4875,0.05,0.0125
1,Pavlov,0.05,common_field,Tester,2000000000035,0.7,2.8875,0.4875,0.05,0.0125
1,Pavlov,0.05,common_field,Tester,2000000000036,0.8875,2.825,0.5,0.1125,0.0625
1,Pavlov,0.05,common_field,Tester,2000000000037,0.775,2.9625,0.525,0.0875,0.05
1,Pavlov,0.05,common_field,Tester,2000000000038,0.7375,2.925,0.5125,0.075,0.05
1,Pavlov,0.05,common_field,Tester,2000000000039,2.4125,2.6,0.675,0.6375,0.4625
1,Pavlov,0.05,common_field,Pavlov (Win-Stay Lose-Shift),2000000000020,2.7375,2.4875,0.7375,0.7875,0.675
1,Pavlov,0.05,common_field,Pavlov (Win-Stay Lose-Shift),2000000000021,2.75,2.6875,0.825,0.8375,0.775
1,Pavlov,0.05,common_field,Pavlov (Win-Stay Lose-Shift),2000000000022,2.8375,2.775,0.875,0.8875,0.8375
1,Pavlov,0.05,common_field,Pavlov (Win-Stay Lose-Shift),2000000000023,2.875,2.9375,0.95,0.9375,0.925
1,Pavlov,0.05,common_field,Pavlov (Win-Stay Lose-Shift),2000000000024,2.8125,2.8125,0.8875,0.8875,0.85
1,Pavlov,0.05,common_field,Pavlov (Win-Stay Lose-Shift),2000000000025,2.85,2.725,0.8625,0.8875,0.8375
1,Pavlov,0.05,common_field,Pavlov (Win-Stay Lose-Shift),2000000000026,2.75,2.875,0.9,0.875,0.85
1,Pavlov,0.05,common_field,Pavlov (Win-Stay Lose-Shift),2000000000027,2.9,2.775,0.8875,0.9125,0.8625
1,Pavlov,0.05,common_field,Pavlov (Win-Stay Lose-Shift),2000000000028,2.9,2.7125,0.8625,0.9,0.8375
1,Pavlov,0.05,common_field,Pavlov (Win-Stay Lose-Shift),2000000000029,2.9,2.775,0.8875,0.9125,0.8625
1,Pavlov,0.05,common_field,Pavlov (Win-Stay Lose-Shift),2000000000030,2.5375,2.7875,0.8125,0.7625,0.7
1,Pavlov,0.05,common_field,Pavlov (Win-Stay Lose-Shift),2000000000031,2.6375,2.7625,0.825,0.8,0.7375
1,Pavlov,0.05,common_field,Pavlov (Win-Stay Lose-Shift),2000000000032,2.8125,2.8125,0.8875,0.8875,0.85
1,Pavlov,0.05,common_field,Pavlov (Win-Stay Lose-Shift),2000000000033,2.8375,2.9,0.925,0.9125,0.8875
1,Pavlov,0.05,common_field,Pavlov (Win-Stay Lose-Shift),2000000000034,2.85,2.85,0.9125,0.9125,0.8875
1,Pavlov,0.05,common_field,Pavlov (Win-Stay Lose-Shift),2000000000035,2.8125,2.625,0.8125,0.85,0.775
1,Pavlov,0.05,common_field,Pavlov (Win-Stay Lose-Shift),2000000000036,2.5875,2.65,0.775,0.7625,0.6875
1,Pavlov,0.05,common_field,Pavlov (Win-Stay Lose-Shift),2000000000037,2.675,2.8625,0.875,0.8375,0.8
1,Pavlov,0.05,common_field,Pavlov (Win-Stay Lose-Shift),2000000000038,2.8,2.7375,0.85,0.8625,0.8
1,Pavlov,0.05,common_field,Pavlov (Win-Stay Lose-Shift),2000000000039,2.7125,2.7125,0.825,0.825,0.7625
1,Pavlov,0.05,ALLC,Memory-1(ALLC),2000000000020,4.0875,1.0875,0.3375,0.9375,0.325
1,Pavlov,0.05,ALLC,Memory-1(ALLC),2000000000021,4.1625,1.1,0.35,0.9625,0.3375
1,Pavlov,0.05,ALLC,Memory-1(ALLC),2000000000022,3.3875,2.3875,0.7875,0.9875,0.775
1,Pavlov,0.05,ALLC,Memory-1(ALLC),2000000000023,3.75,1.75,0.5625,0.9625,0.5375
1,Pavlov,0.05,ALLC,Memory-1(ALLC),2000000000024,3.8,1.6125,0.5,0.9375,0.45
1,Pavlov,0.05,ALLC,Memory-1(ALLC),2000000000025,3.8375,1.65,0.5375,0.975,0.525
1,Pavlov,0.05,ALLC,Memory-1(ALLC),2000000000026,3.425,2.2375,0.725,0.9625,0.7
1,Pavlov,0.05,ALLC,Memory-1(ALLC),2000000000027,4.1625,1.1,0.3375,0.95,0.3
1,Pavlov,0.05,ALLC,Memory-1(ALLC),2000000000028,4.0625,1.25,0.4,0.9625,0.3875
1,Pavlov,0.05,ALLC,Memory-1(ALLC),2000000000029,3.65,1.775,0.55,0.925,0.5
1,Pavlov,0.05,ALLC,Memory-1(ALLC),2000000000030,3.325,2.325,0.75,0.95,0.725
1,Pavlov,0.05,ALLC,Memory-1(ALLC),2000000000031,4.1375,1.1375,0.3625,0.9625,0.35
1,Pavlov,0.05,ALLC,Memory-1(ALLC),2000000000032,3.3125,2.4375,0.8,0.975,0.7875
1,Pavlov,0.05,ALLC,Memory-1(ALLC),2000000000033,3.325,2.3875,0.775,0.9625,0.75
1,Pavlov,0.05,ALLC,Memory-1(ALLC),2000000000034,3.6625,1.7875,0.55,0.925,0.4875
1,Pavlov,0.05,ALLC,Memory-1(ALLC),2000000000035,3.9625,1.275,0.4,0.9375,0.3875
1,Pavlov,0.05,ALLC,Memory-1(ALLC),2000000000036,4.0125,1.3875,0.4375,0.9625,0.4
1,Pavlov,0.05,ALLC,Memory-1(ALLC),2000000000037,3.475,2.1,0.675,0.95,0.65
1,Pavlov,0.05,ALLC,Memory-1(ALLC),2000000000038,3.525,1.9625,0.6125,0.925,0.5625
1,Pavlov,0.05,ALLC,Memory-1(ALLC),2000000000039,3.6125,2.05,0.675,0.9875,0.6625
1,Pavlov,0.05,self,Memory-1(Pavlov),2000000000020,2.575,2.7,0.7875,0.7625,0.6875
1,Pavlov,0.05,self,Memory-1(Pavlov),2000000000021,2.8125,2.6875,0.8375,0.8625,0.8
1,Pavlov,0.05,self,Memory-1(Pavlov),2000000000022,2.9375,2.8125,0.9125,0.9375,0.9
1,Pavlov,0.05,self,Memory-1(Pavlov),2000000000023,2.775,3.025,0.9625,0.9125,0.9125
1,Pavlov,0.05,self,Memory-1(Pavlov),2000000000024,2.65,2.9,0.8875,0.8375,0.8125
1,Pavlov,0.05,self,Memory-1(Pavlov),2000000000025,2.875,2.6875,0.85,0.8875,0.825
1,Pavlov,0.05,self,Memory-1(Pavlov),2000000000026,2.8125,2.875,0.9125,0.9,0.875
1,Pavlov,0.05,self,Memory-1(Pavlov),2000000000027,2.7875,2.85,0.9,0.8875,0.8625
1,Pavlov,0.05,self,Memory-1(Pavlov),2000000000028,2.85,2.7875,0.8875,0.9,0.8625
1,Pavlov,0.05,self,Memory-1(Pavlov),2000000000029,2.7375,2.8,0.8625,0.85,0.8
1,Pavlov,0.05,self,Memory-1(Pavlov),2000000000030,2.7375,2.7375,0.8375,0.8375,0.775
1,Pavlov,0.05,self,Memory-1(Pavlov),2000000000031,2.85,2.7875,0.8875,0.9,0.8625
1,Pavlov,0.05,self,Memory-1(Pavlov),2000000000032,2.875,2.8125,0.9,0.9125,0.875
1,Pavlov,0.05,self,Memory-1(Pavlov),2000000000033,2.8125,2.875,0.9125,0.9,0.875
1,Pavlov,0.05,self,Memory-1(Pavlov),2000000000034,2.675,2.8625,0.875,0.8375,0.8
1,Pavlov,0.05,self,Memory-1(Pavlov),2000000000035,2.725,2.6625,0.8125,0.825,0.7625
1,Pavlov,0.05,self,Memory-1(Pavlov),2000000000036,2.9,2.65,0.8375,0.8875,0.8125
1,Pavlov,0.05,self,Memory-1(Pavlov),2000000000037,2.8125,2.875,0.9125,0.9,0.875
1,Pavlov,0.05,self,Memory-1(Pavlov),2000000000038,2.775,2.775,0.8625,0.8625,0.8125
1,Pavlov,0.05,self,Memory-1(Pavlov),2000000000039,2.9,2.7125,0.8625,0.9,0.8375
1,ALLD,0.0,common_field,Tit For Tat,2000000000020,1.05,0.9875,0.0,0.0125,0.0
1,ALLD,0.0,common_field,Tit For Tat,2000000000021,1.05,0.9875,0.0,0.0125,0.0
1,ALLD,0.0,common_field,Tit For Tat,2000000000022,1.05,0.9875,0.0,0.0125,0.0
1,ALLD,0.0,common_field,Tit For Tat,2000000000023,1.05,0.9875,0.0,0.0125,0.0
1,ALLD,0.0,common_field,Tit For Tat,2000000000024,1.05,0.9875,0.0,0.0125,0.0
1,ALLD,0.0,common_field,Tit For Tat,2000000000025,1.05,0.9875,0.0,0.0125,0.0
1,ALLD,0.0,common_field,Tit For Tat,2000000000026,1.05,0.9875,0.0,0.0125,0.0
1,ALLD,0.0,common_field,Tit For Tat,2000000000027,1.05,0.9875,0.0,0.0125,0.0
1,ALLD,0.0,common_field,Tit For Tat,2000000000028,1.05,0.9875,0.0,0.0125,0.0
1,ALLD,0.0,common_field,Tit For Tat,2000000000029,1.05,0.9875,0.0,0.0125,0.0
1,ALLD,0.0,common_field,Tit For Tat,2000000000030,1.05,0.9875,0.0,0.0125,0.0
1,ALLD,0.0,common_field,Tit For Tat,2000000000031,1.05,0.9875,0.0,0.0125,0.0
1,ALLD,0.0,common_field,Tit For Tat,2000000000032,1.05,0.9875,0.0,0.0125,0.0
1,ALLD,0.0,common_field,Tit For Tat,2000000000033,1.05,0.9875,0.0,0.0125,0.0
1,ALLD,0.0,common_field,Tit For Tat,2000000000034,1.05,0.9875,0.0,0.0125,0.0
1,ALLD,0.0,common_field,Tit For Tat,2000000000035,1.05,0.9875,0.0,0.0125,0.0
1,ALLD,0.0,common_field,Tit For Tat,2000000000036,1.05,0.9875,0.0,0.0125,0.0
1,ALLD,0.0,common_field,Tit For Tat,2000000000037,1.05,0.9875,0.0,0.0125,0.0
1,ALLD,0.0,common_field,Tit For Tat,2000000000038,1.05,0.9875,0.0,0.0125,0.0
1,ALLD,0.0,common_field,Tit For Tat,2000000000039,1.05,0.9875,0.0,0.0125,0.0
1,ALLD,0.0,common_field,Always Defect,2000000000020,1.0,1.0,0.0,0.0,0.0
1,ALLD,0.0,common_field,Always Defect,2000000000021,1.0,1.0,0.0,0.0,0.0
1,ALLD,0.0,common_field,Always Defect,2000000000022,1.0,1.0,0.0,0.0,0.0
1,ALLD,0.0,common_field,Always Defect,2000000000023,1.0,1.0,0.0,0.0,0.0
1,ALLD,0.0,common_field,Always Defect,2000000000024,1.0,1.0,0.0,0.0,0.0
1,ALLD,0.0,common_field,Always Defect,2000000000025,1.0,1.0,0.0,0.0,0.0
1,ALLD,0.0,common_field,Always Defect,2000000000026,1.0,1.0,0.0,0.0,0.0
1,ALLD,0.0,common_field,Always Defect,2000000000027,1.0,1.0,0.0,0.0,0.0
1,ALLD,0.0,common_field,Always Defect,2000000000028,1.0,1.0,0.0,0.0,0.0
1,ALLD,0.0,common_field,Always Defect,2000000000029,1.0,1.0,0.0,0.0,0.0
1,ALLD,0.0,common_field,Always Defect,2000000000030,1.0,1.0,0.0,0.0,0.0
1,ALLD,0.0,common_field,Always Defect,2000000000031,1.0,1.0,0.0,0.0,0.0
1,ALLD,0.0,common_field,Always Defect,2000000000032,1.0,1.0,0.0,0.0,0.0
1,ALLD,0.0,common_field,Always Defect,2000000000033,1.0,1.0,0.0,0.0,0.0
1,ALLD,0.0,common_field,Always Defect,2000000000034,1.0,1.0,0.0,0.0,0.0
1,ALLD,0.0,common_field,Always Defect,2000000000035,1.0,1.0,0.0,0.0,0.0
1,ALLD,0.0,common_field,Always Defect,2000000000036,1.0,1.0,0.0,0.0,0.0
1,ALLD,0.0,common_field,Always Defect,2000000000037,1.0,1.0,0.0,0.0,0.0
1,ALLD,0.0,common_field,Always Defect,2000000000038,1.0,1.0,0.0,0.0,0.0
1,ALLD,0.0,common_field,Always Defect,2000000000039,1.0,1.0,0.0,0.0,0.0
1,ALLD,0.0,common_field,Grudger,2000000000020,1.05,0.9875,0.0,0.0125,0.0
1,ALLD,0.0,common_field,Grudger,2000000000021,1.05,0.9875,0.0,0.0125,0.0
1,ALLD,0.0,common_field,Grudger,2000000000022,1.05,0.9875,0.0,0.0125,0.0
1,ALLD,0.0,common_field,Grudger,2000000000023,1.05,0.9875,0.0,0.0125,0.0
1,ALLD,0.0,common_field,Grudger,2000000000024,1.05,0.9875,0.0,0.0125,0.0
1,ALLD,0.0,common_field,Grudger,2000000000025,1.05,0.9875,0.0,0.0125,0.0
1,ALLD,0.0,common_field,Grudger,2000000000026,1.05,0.9875,0.0,0.0125,0.0
1,ALLD,0.0,common_field,Grudger,2000000000027,1.05,0.9875,0.0,0.0125,0.0
1,ALLD,0.0,common_field,Grudger,2000000000028,1.05,0.9875,0.0,0.0125,0.0
1,ALLD,0.0,common_field,Grudger,2000000000029,1.05,0.9875,0.0,0.0125,0.0
1,ALLD,0.0,common_field,Grudger,2000000000030,1.05,0.9875,0.0,0.0125,0.0
1,ALLD,0.0,common_field,Grudger,2000000000031,1.05,0.9875,0.0,0.0125,0.0
1,ALLD,0.0,common_field,Grudger,2000000000032,1.05,0.9875,0.0,0.0125,0.0
1,ALLD,0.0,common_field,Grudger,2000000000033,1.05,0.9875,0.0,0.0125,0.0
1,ALLD,0.0,common_field,Grudger,2000000000034,1.05,0.9875,0.0,0.0125,0.0
1,ALLD,0.0,common_field,Grudger,2000000000035,1.05,0.9875,0.0,0.0125,0.0
1,ALLD,0.0,common_field,Grudger,2000000000036,1.05,0.9875,0.0,0.0125,0.0
1,ALLD,0.0,common_field,Grudger,2000000000037,1.05,0.9875,0.0,0.0125,0.0
1,ALLD,0.0,common_field,Grudger,2000000000038,1.05,0.9875,0.0,0.0125,0.0
1,ALLD,0.0,common_field,Grudger,2000000000039,1.05,0.9875,0.0,0.0125,0.0
1,ALLD,0.0,common_field,Joss (0.9),2000000000020,1.05,0.9875,0.0,0.0125,0.0
1,ALLD,0.0,common_field,Joss (0.9),2000000000021,1.05,0.9875,0.0,0.0125,0.0
1,ALLD,0.0,common_field,Joss (0.9),2000000000022,1.05,0.9875,0.0,0.0125,0.0
1,ALLD,0.0,common_field,Joss (0.9),2000000000023,1.05,0.9875,0.0,0.0125,0.0
1,ALLD,0.0,common_field,Joss (0.9),2000000000024,1.05,0.9875,0.0,0.0125,0.0
1,ALLD,0.0,common_field,Joss (0.9),2000000000025,1.05,0.9875,0.0,0.0125,0.0
1,ALLD,0.0,common_field,Joss (0.9),2000000000026,1.05,0.9875,0.0,0.0125,0.0
1,ALLD,0.0,common_field,Joss (0.9),2000000000027,1.05,0.9875,0.0,0.0125,0.0
1,ALLD,0.0,common_field,Joss (0.9),2000000000028,1.05,0.9875,0.0,0.0125,0.0
1,ALLD,0.0,common_field,Joss (0.9),2000000000029,1.05,0.9875,0.0,0.0125,0.0
1,ALLD,0.0,common_field,Joss (0.9),2000000000030,1.05,0.9875,0.0,0.0125,0.0
1,ALLD,0.0,common_field,Joss (0.9),2000000000031,1.05,0.9875,0.0,0.0125,0.0
1,ALLD,0.0,common_field,Joss (0.9),2000000000032,1.05,0.9875,0.0,0.0125,0.0
1,ALLD,0.0,common_field,Joss (0.9),2000000000033,1.05,0.9875,0.0,0.0125,0.0
1,ALLD,0.0,common_field,Joss (0.9),2000000000034,1.05,0.9875,0.0,0.0125,0.0
1,ALLD,0.0,common_field,Joss (0.9),2000000000035,1.05,0.9875,0.0,0.0125,0.0
1,ALLD,0.0,common_field,Joss (0.9),2000000000036,1.05,0.9875,0.0,0.0125,0.0
1,ALLD,0.0,common_field,Joss (0.9),2000000000037,1.05,0.9875,0.0,0.0125,0.0
1,ALLD,0.0,common_field,Joss (0.9),2000000000038,1.05,0.9875,0.0,0.0125,0.0
1,ALLD,0.0,common_field,Joss (0.9),2000000000039,1.05,0.9875,0.0,0.0125,0.0
1,ALLD,0.0,common_field,Random (0.5),2000000000020,3.4,0.4,0.0,0.6,0.0
1,ALLD,0.0,common_field,Random (0.5),2000000000021,2.9,0.525,0.0,0.475,0.0
1,ALLD,0.0,common_field,Random (0.5),2000000000022,2.75,0.5625,0.0,0.4375,0.0
1,ALLD,0.0,common_field,Random (0.5),2000000000023,3.0,0.5,0.0,0.5,0.0
1,ALLD,0.0,common_field,Random (0.5),2000000000024,3.0,0.5,0.0,0.5,0.0
1,ALLD,0.0,common_field,Random (0.5),2000000000025,3.0,0.5,0.0,0.5,0.0
1,ALLD,0.0,common_field,Random (0.5),2000000000026,2.85,0.5375,0.0,0.4625,0.0
1,ALLD,0.0,common_field,Random (0.5),2000000000027,2.7,0.575,0.0,0.425,0.0
1,ALLD,0.0,common_field,Random (0.5),2000000000028,2.75,0.5625,0.0,0.4375,0.0
1,ALLD,0.0,common_field,Random (0.5),2000000000029,3.1,0.475,0.0,0.525,0.0
1,ALLD,0.0,common_field,Random (0.5),2000000000030,3.1,0.475,0.0,0.525,0.0
1,ALLD,0.0,common_field,Random (0.5),2000000000031,3.05,0.4875,0.0,0.5125,0.0
1,ALLD,0.0,common_field,Random (0.5),2000000000032,2.65,0.5875,0.0,0.4125,0.0
1,ALLD,0.0,common_field,Random (0.5),2000000000033,2.85,0.5375,0.0,0.4625,0.0
1,ALLD,0.0,common_field,Random (0.5),2000000000034,2.9,0.525,0.0,0.475,0.0
1,ALLD,0.0,common_field,Random (0.5),2000000000035,2.95,0.5125,0.0,0.4875,0.0
1,ALLD,0.0,common_field,Random (0.5),2000000000036,2.8,0.55,0.0,0.45,0.0
1,ALLD,0.0,common_field,Random (0.5),2000000000037,2.9,0.525,0.0,0.475,0.0
1,ALLD,0.0,common_field,Random (0.5),2000000000038,2.55,0.6125,0.0,0.3875,0.0
1,ALLD,0.0,common_field,Random (0.5),2000000000039,2.7,0.575,0.0,0.425,0.0
1,ALLD,0.0,common_field,Tester,2000000000020,1.1,0.975,0.0,0.025,0.0
1,ALLD,0.0,common_field,Tester,2000000000021,1.1,0.975,0.0,0.025,0.0
1,ALLD,0.0,common_field,Tester,2000000000022,1.1,0.975,0.0,0.025,0.0
1,ALLD,0.0,common_field,Tester,2000000000023,1.1,0.975,0.0,0.025,0.0
1,ALLD,0.0,common_field,Tester,2000000000024,1.1,0.975,0.0,0.025,0.0
1,ALLD,0.0,common_field,Tester,2000000000025,1.1,0.975,0.0,0.025,0.0
1,ALLD,0.0,common_field,Tester,2000000000026,1.1,0.975,0.0,0.025,0.0
1,ALLD,0.0,common_field,Tester,2000000000027,1.1,0.975,0.0,0.025,0.0
1,ALLD,0.0,common_field,Tester,2000000000028,1.1,0.975,0.0,0.025,0.0
1,ALLD,0.0,common_field,Tester,2000000000029,1.1,0.975,0.0,0.025,0.0
1,ALLD,0.0,common_field,Tester,2000000000030,1.1,0.975,0.0,0.025,0.0
1,ALLD,0.0,common_field,Tester,2000000000031,1.1,0.975,0.0,0.025,0.0
1,ALLD,0.0,common_field,Tester,2000000000032,1.1,0.975,0.0,0.025,0.0
1,ALLD,0.0,common_field,Tester,2000000000033,1.1,0.975,0.0,0.025,0.0
1,ALLD,0.0,common_field,Tester,2000000000034,1.1,0.975,0.0,0.025,0.0
1,ALLD,0.0,common_field,Tester,2000000000035,1.1,0.975,0.0,0.025,0.0
1,ALLD,0.0,common_field,Tester,2000000000036,1.1,0.975,0.0,0.025,0.0
1,ALLD,0.0,common_field,Tester,2000000000037,1.1,0.975,0.0,0.025,0.0
1,ALLD,0.0,common_field,Tester,2000000000038,1.1,0.975,0.0,0.025,0.0
1,ALLD,0.0,common_field,Tester,2000000000039,1.1,0.975,0.0,0.025,0.0
1,ALLD,0.0,common_field,Pavlov (Win-Stay Lose-Shift),2000000000020,3.0,0.5,0.0,0.5,0.0
1,ALLD,0.0,common_field,Pavlov (Win-Stay Lose-Shift),2000000000021,3.0,0.5,0.0,0.5,0.0
1,ALLD,0.0,common_field,Pavlov (Win-Stay Lose-Shift),2000000000022,3.0,0.5,0.0,0.5,0.0
1,ALLD,0.0,common_field,Pavlov (Win-Stay Lose-Shift),2000000000023,3.0,0.5,0.0,0.5,0.0
1,ALLD,0.0,common_field,Pavlov (Win-Stay Lose-Shift),2000000000024,3.0,0.5,0.0,0.5,0.0
1,ALLD,0.0,common_field,Pavlov (Win-Stay Lose-Shift),2000000000025,3.0,0.5,0.0,0.5,0.0
1,ALLD,0.0,common_field,Pavlov (Win-Stay Lose-Shift),2000000000026,3.0,0.5,0.0,0.5,0.0
1,ALLD,0.0,common_field,Pavlov (Win-Stay Lose-Shift),2000000000027,3.0,0.5,0.0,0.5,0.0
1,ALLD,0.0,common_field,Pavlov (Win-Stay Lose-Shift),2000000000028,3.0,0.5,0.0,0.5,0.0
1,ALLD,0.0,common_field,Pavlov (Win-Stay Lose-Shift),2000000000029,3.0,0.5,0.0,0.5,0.0
1,ALLD,0.0,common_field,Pavlov (Win-Stay Lose-Shift),2000000000030,3.0,0.5,0.0,0.5,0.0
1,ALLD,0.0,common_field,Pavlov (Win-Stay Lose-Shift),2000000000031,3.0,0.5,0.0,0.5,0.0
1,ALLD,0.0,common_field,Pavlov (Win-Stay Lose-Shift),2000000000032,3.0,0.5,0.0,0.5,0.0
1,ALLD,0.0,common_field,Pavlov (Win-Stay Lose-Shift),2000000000033,3.0,0.5,0.0,0.5,0.0
1,ALLD,0.0,common_field,Pavlov (Win-Stay Lose-Shift),2000000000034,3.0,0.5,0.0,0.5,0.0
1,ALLD,0.0,common_field,Pavlov (Win-Stay Lose-Shift),2000000000035,3.0,0.5,0.0,0.5,0.0
1,ALLD,0.0,common_field,Pavlov (Win-Stay Lose-Shift),2000000000036,3.0,0.5,0.0,0.5,0.0
1,ALLD,0.0,common_field,Pavlov (Win-Stay Lose-Shift),2000000000037,3.0,0.5,0.0,0.5,0.0
1,ALLD,0.0,common_field,Pavlov (Win-Stay Lose-Shift),2000000000038,3.0,0.5,0.0,0.5,0.0
1,ALLD,0.0,common_field,Pavlov (Win-Stay Lose-Shift),2000000000039,3.0,0.5,0.0,0.5,0.0
1,ALLD,0.0,ALLC,Memory-1(ALLC),2000000000020,5.0,0.0,0.0,1.0,0.0
1,ALLD,0.0,ALLC,Memory-1(ALLC),2000000000021,5.0,0.0,0.0,1.0,0.0
1,ALLD,0.0,ALLC,Memory-1(ALLC),2000000000022,5.0,0.0,0.0,1.0,0.0
1,ALLD,0.0,ALLC,Memory-1(ALLC),2000000000023,5.0,0.0,0.0,1.0,0.0
1,ALLD,0.0,ALLC,Memory-1(ALLC),2000000000024,5.0,0.0,0.0,1.0,0.0
1,ALLD,0.0,ALLC,Memory-1(ALLC),2000000000025,5.0,0.0,0.0,1.0,0.0
1,ALLD,0.0,ALLC,Memory-1(ALLC),2000000000026,5.0,0.0,0.0,1.0,0.0
1,ALLD,0.0,ALLC,Memory-1(ALLC),2000000000027,5.0,0.0,0.0,1.0,0.0
1,ALLD,0.0,ALLC,Memory-1(ALLC),2000000000028,5.0,0.0,0.0,1.0,0.0
1,ALLD,0.0,ALLC,Memory-1(ALLC),2000000000029,5.0,0.0,0.0,1.0,0.0
1,ALLD,0.0,ALLC,Memory-1(ALLC),2000000000030,5.0,0.0,0.0,1.0,0.0
1,ALLD,0.0,ALLC,Memory-1(ALLC),2000000000031,5.0,0.0,0.0,1.0,0.0
1,ALLD,0.0,ALLC,Memory-1(ALLC),2000000000032,5.0,0.0,0.0,1.0,0.0
1,ALLD,0.0,ALLC,Memory-1(ALLC),2000000000033,5.0,0.0,0.0,1.0,0.0
1,ALLD,0.0,ALLC,Memory-1(ALLC),2000000000034,5.0,0.0,0.0,1.0,0.0
1,ALLD,0.0,ALLC,Memory-1(ALLC),2000000000035,5.0,0.0,0.0,1.0,0.0
1,ALLD,0.0,ALLC,Memory-1(ALLC),2000000000036,5.0,0.0,0.0,1.0,0.0
1,ALLD,0.0,ALLC,Memory-1(ALLC),2000000000037,5.0,0.0,0.0,1.0,0.0
1,ALLD,0.0,ALLC,Memory-1(ALLC),2000000000038,5.0,0.0,0.0,1.0,0.0
1,ALLD,0.0,ALLC,Memory-1(ALLC),2000000000039,5.0,0.0,0.0,1.0,0.0
1,ALLD,0.0,self,Memory-1(ALLD),2000000000020,1.0,1.0,0.0,0.0,0.0
1,ALLD,0.0,self,Memory-1(ALLD),2000000000021,1.0,1.0,0.0,0.0,0.0
1,ALLD,0.0,self,Memory-1(ALLD),2000000000022,1.0,1.0,0.0,0.0,0.0
1,ALLD,0.0,self,Memory-1(ALLD),2000000000023,1.0,1.0,0.0,0.0,0.0
1,ALLD,0.0,self,Memory-1(ALLD),2000000000024,1.0,1.0,0.0,0.0,0.0
1,ALLD,0.0,self,Memory-1(ALLD),2000000000025,1.0,1.0,0.0,0.0,0.0
1,ALLD,0.0,self,Memory-1(ALLD),2000000000026,1.0,1.0,0.0,0.0,0.0
1,ALLD,0.0,self,Memory-1(ALLD),2000000000027,1.0,1.0,0.0,0.0,0.0
1,ALLD,0.0,self,Memory-1(ALLD),2000000000028,1.0,1.0,0.0,0.0,0.0
1,ALLD,0.0,self,Memory-1(ALLD),2000000000029,1.0,1.0,0.0,0.0,0.0
1,ALLD,0.0,self,Memory-1(ALLD),2000000000030,1.0,1.0,0.0,0.0,0.0
1,ALLD,0.0,self,Memory-1(ALLD),2000000000031,1.0,1.0,0.0,0.0,0.0
1,ALLD,0.0,self,Memory-1(ALLD),2000000000032,1.0,1.0,0.0,0.0,0.0
1,ALLD,0.0,self,Memory-1(ALLD),2000000000033,1.0,1.0,0.0,0.0,0.0
1,ALLD,0.0,self,Memory-1(ALLD),2000000000034,1.0,1.0,0.0,0.0,0.0
1,ALLD,0.0,self,Memory-1(ALLD),2000000000035,1.0,1.0,0.0,0.0,0.0
1,ALLD,0.0,self,Memory-1(ALLD),2000000000036,1.0,1.0,0.0,0.0,0.0
1,ALLD,0.0,self,Memory-1(ALLD),2000000000037,1.0,1.0,0.0,0.0,0.0
1,ALLD,0.0,self,Memory-1(ALLD),2000000000038,1.0,1.0,0.0,0.0,0.0
1,ALLD,0.0,self,Memory-1(ALLD),2000000000039,1.0,1.0,0.0,0.0,0.0
1,ALLD,0.05,common_field,Tit For Tat,2000000000020,1.525,1.275,0.1125,0.1625,0.0125
1,ALLD,0.05,common_field,Tit For Tat,2000000000021,1.4375,1.125,0.0625,0.125,0.0
1,ALLD,0.05,common_field,Tit For Tat,2000000000022,1.2625,1.075,0.0375,0.075,0.0
1,ALLD,0.05,common_field,Tit For Tat,2000000000023,1.1875,1.0,0.0125,0.05,0.0
1,ALLD,0.05,common_field,Tit For Tat,2000000000024,1.3125,1.0625,0.0375,0.0875,0.0
1,ALLD,0.05,common_field,Tit For Tat,2000000000025,1.375,1.125,0.0625,0.1125,0.0125
1,ALLD,0.05,common_field,Tit For Tat,2000000000026,1.325,1.0125,0.025,0.0875,0.0
1,ALLD,0.05,common_field,Tit For Tat,2000000000027,1.2125,1.0875,0.0375,0.0625,0.0
1,ALLD,0.05,common_field,Tit For Tat,2000000000028,1.35,1.1,0.05,0.1,0.0
1,ALLD,0.05,common_field,Tit For Tat,2000000000029,1.2125,1.0875,0.0375,0.0625,0.0
1,ALLD,0.05,common_field,Tit For Tat,2000000000030,1.6125,1.1125,0.075,0.175,0.0125
1,ALLD,0.05,common_field,Tit For Tat,2000000000031,1.5,1.0625,0.05,0.1375,0.0
1,ALLD,0.05,common_field,Tit For Tat,2000000000032,1.3125,1.0625,0.0375,0.0875,0.0
1,ALLD,0.05,common_field,Tit For Tat,2000000000033,1.275,1.025,0.025,0.075,0.0
1,ALLD,0.05,common_field,Tit For Tat,2000000000034,1.2,1.075,0.0375,0.0625,0.0125
1,ALLD,0.05,common_field,Tit For Tat,2000000000035,1.425,1.175,0.075,0.125,0.0
1,ALLD,0.05,common_field,Tit For Tat,2000000000036,1.6375,1.075,0.0625,0.175,0.0
1,ALLD,0.05,common_field,Tit For Tat,2000000000037,1.4625,1.025,0.0375,0.125,0.0
1,ALLD,0.05,common_field,Tit For Tat,2000000000038,1.4,1.0875,0.05,0.1125,0.0
1,ALLD,0.05,common_field,Tit For Tat,2000000000039,1.3625,1.175,0.075,0.1125,0.0125
1,ALLD,0.05,common_field,Always Defect,2000000000020,1.1375,1.3875,0.1125,0.0625,0.0
1,ALLD,0.05,common_field,Always Defect,2000000000021,1.1375,1.2,0.0625,0.05,0.0
1,ALLD,0.05,common_field,Always Defect,2000000000022,1.1625,1.1,0.0375,0.05,0.0
1,ALLD,0.05,common_field,Always Defect,2000000000023,1.0875,1.025,0.0125,0.025,0.0
1,ALLD,0.05,common_field,Always Defect,2000000000024,1.1125,1.1125,0.0375,0.0375,0.0
1,ALLD,0.05,common_field,Always Defect,2000000000025,1.075,1.2,0.0625,0.0375,0.0125
1,ALLD,0.05,common_field,Always Defect,2000000000026,1.175,1.05,0.025,0.05,0.0
1,ALLD,0.05,common_field,Always Defect,2000000000027,1.1125,1.1125,0.0375,0.0375,0.0
1,ALLD,0.05,common_field,Always Defect,2000000000028,1.1,1.1625,0.05,0.0375,0.0
1,ALLD,0.05,common_field,Always Defect,2000000000029,1.1125,1.1125,0.0375,0.0375,0.0
1,ALLD,0.05,common_field,Always Defect,2000000000030,1.325,1.2,0.075,0.1,0.0
1,ALLD,0.05,common_field,Always Defect,2000000000031,1.35,1.1,0.05,0.1,0.0
1,ALLD,0.05,common_field,Always Defect,2000000000032,1.1125,1.1125,0.0375,0.0375,0.0
1,ALLD,0.05,common_field,Always Defect,2000000000033,1.125,1.0625,0.025,0.0375,0.0
1,ALLD,0.05,common_field,Always Defect,2000000000034,1.1,1.1,0.0375,0.0375,0.0125
1,ALLD,0.05,common_field,Always Defect,2000000000035,1.075,1.2625,0.075,0.0375,0.0
1,ALLD,0.05,common_field,Always Defect,2000000000036,1.3375,1.15,0.0625,0.1,0.0
1,ALLD,0.05,common_field,Always Defect,2000000000037,1.2625,1.075,0.0375,0.075,0.0
1,ALLD,0.05,common_field,Always Defect,2000000000038,1.2,1.1375,0.05,0.0625,0.0
1,ALLD,0.05,common_field,Always Defect,2000000000039,1.125,1.25,0.075,0.05,0.0
1,ALLD,0.05,common_field,Grudger,2000000000020,1.1875,1.375,0.1125,0.075,0.0
1,ALLD,0.05,common_field,Grudger,2000000000021,1.1875,1.1875,0.0625,0.0625,0.0
1,ALLD,0.05,common_field,Grudger,2000000000022,1.2125,1.0875,0.0375,0.0625,0.0
1,ALLD,0.05,common_field,Grudger,2000000000023,1.1375,1.0125,0.0125,0.0375,0.0
1,ALLD,0.05,common_field,Grudger,2000000000024,1.1625,1.1,0.0375,0.05,0.0
1,ALLD,0.05,common_field,Grudger,2000000000025,1.125,1.1875,0.0625,0.05,0.0125
1,ALLD,0.05,common_field,Grudger,2000000000026,1.225,1.0375,0.025,0.0625,0.0
1,ALLD,0.05,common_field,Grudger,2000000000027,1.1625,1.1,0.0375,0.05,0.0
1,ALLD,0.05,common_field,Grudger,2000000000028,1.15,1.15,0.05,0.05,0.0
1,ALLD,0.05,common_field,Grudger,2000000000029,1.1625,1.1,0.0375,0.05,0.0
1,ALLD,0.05,common_field,Grudger,2000000000030,1.375,1.1875,0.075,0.1125,0.0
1,ALLD,0.05,common_field,Grudger,2000000000031,1.4,1.0875,0.05,0.1125,0.0
1,ALLD,0.05,common_field,Grudger,2000000000032,1.1625,1.1,0.0375,0.05,0.0
1,ALLD,0.05,common_field,Grudger,2000000000033,1.175,1.05,0.025,0.05,0.0
1,ALLD,0.05,common_field,Grudger,2000000000034,1.15,1.0875,0.0375,0.05,0.0125
1,ALLD,0.05,common_field,Grudger,2000000000035,1.125,1.25,0.075,0.05,0.0
1,ALLD,0.05,common_field,Grudger,2000000000036,1.3875,1.1375,0.0625,0.1125,0.0
1,ALLD,0.05,common_field,Grudger,2000000000037,1.3125,1.0625,0.0375,0.0875,0.0
1,ALLD,0.05,common_field,Grudger,2000000000038,1.25,1.125,0.05,0.075,0.0
1,ALLD,0.05,common_field,Grudger,2000000000039,1.075,1.2625,0.075,0.0375,0.0
1,ALLD,0.05,common_field,Joss (0.9),2000000000020,1.475,1.2875,0.1125,0.15,0.0125
1,ALLD,0.05,common_field,Joss (0.9),2000000000021,1.4375,1.125,0.0625,0.125,0.0
1,ALLD,0.05,common_field,Joss (0.9),2000000000022,1.2625,1.075,0.0375,0.075,0.0
1,ALLD,0.05,common_field,Joss (0.9),2000000000023,1.1875,1.0,0.0125,0.05,0.0
1,ALLD,0.05,common_field,Joss (0.9),2000000000024,1.2625,1.075,0.0375,0.075,0.0
1,ALLD,0.05,common_field,Joss (0.9),2000000000025,1.425,1.1125,0.0625,0.125,0.0125
1,ALLD,0.05,common_field,Joss (0.9),2000000000026,1.325,1.0125,0.025,0.0875,0.0
1,ALLD,0.05,common_field,Joss (0.9),2000000000027,1.3125,1.0625,0.0375,0.0875,0.0
1,ALLD,0.05,common_field,Joss (0.9),2000000000028,1.35,1.1,0.05,0.1,0.0
1,ALLD,0.05,common_field,Joss (0.9),2000000000029,1.2125,1.0875,0.0375,0.0625,0.0
1,ALLD,0.05,common_field,Joss (0.9),2000000000030,1.6125,1.1125,0.075,0.175,0.0125
1,ALLD,0.05,common_field,Joss (0.9),2000000000031,1.4,1.0875,0.05,0.1125,0.0
1,ALLD,0.05,common_field,Joss (0.9),2000000000032,1.3125,1.0625,0.0375,0.0875,0.0
1,ALLD,0.05,common_field,Joss (0.9),2000000000033,1.225,1.0375,0.025,0.0625,0.0
1,ALLD,0.05,common_field,Joss (0.9),2000000000034,1.3,1.05,0.0375,0.0875,0.0125
1,ALLD,0.05,common_field,Joss (0.9),2000000000035,1.425,1.175,0.075,0.125,0.0
1,ALLD,0.05,common_field,Joss (0.9),2000000000036,1.5875,1.0875,0.0625,0.1625,0.0
1,ALLD,0.05,common_field,Joss (0.9),2000000000037,1.4125,1.0375,0.0375,0.1125,0.0
1,ALLD,0.05,common_field,Joss (0.9),2000000000038,1.4,1.0875,0.05,0.1125,0.0
1,ALLD,0.05,common_field,Joss (0.9),2000000000039,1.2125,1.2125,0.075,0.075,0.0125
1,ALLD,0.05,common_field,Random (0.5),2000000000020,2.9625,0.8375,0.1125,0.5375,0.075
1,ALLD,0.05,common_field,Random (0.5),2000000000021,2.7875,0.725,0.0625,0.475,0.05
1,ALLD,0.05,common_field,Random (0.5),2000000000022,3.0875,0.5875,0.0375,0.5375,0.025
1,ALLD,0.05,common_field,Random (0.5),2000000000023,3.275,0.4625,0.0125,0.575,0.0125
1,ALLD,0.05,common_field,Random (0.5),2000000000024,3.15,0.5875,0.0375,0.55,0.0125
1,ALLD,0.05,common_field,Random (0.5),2000000000025,3.15,0.65,0.0625,0.5625,0.0375
1,ALLD,0.05,common_field,Random (0.5),2000000000026,2.6125,0.675,0.025,0.4125,0.0125
1,ALLD,0.05,common_field,Random (0.5),2000000000027,2.95,0.6375,0.0375,0.5,0.0125
1,ALLD,0.05,common_field,Random (0.5),2000000000028,2.9125,0.6625,0.05,0.5,0.0375
1,ALLD,0.05,common_field,Random (0.5),2000000000029,2.95,0.6375,0.0375,0.5,0.0125
1,ALLD,0.05,common_field,Random (0.5),2000000000030,2.7375,0.8,0.075,0.4625,0.0375
1,ALLD,0.05,common_field,Random (0.5),2000000000031,3.2375,0.6125,0.05,0.575,0.0125
1,ALLD,0.05,common_field,Random (0.5),2000000000032,2.9,0.65,0.0375,0.4875,0.0125
1,ALLD,0.05,common_field,Random (0.5),2000000000033,2.775,0.65,0.025,0.45,0.0
1,ALLD,0.05,common_field,Random (0.5),2000000000034,2.65,0.7125,0.0375,0.425,0.0125
1,ALLD,0.05,common_field,Random (0.5),2000000000035,2.8875,0.7625,0.075,0.5,0.0375
1,ALLD,0.05,common_field,Random (0.5),2000000000036,2.8125,0.75,0.0625,0.475,0.025
1,ALLD,0.05,common_field,Random (0.5),2000000000037,2.4,0.775,0.0375,0.3625,0.0125
1,ALLD,0.05,common_field,Random (0.5),2000000000038,2.7875,0.725,0.05,0.4625,0.0125
1,ALLD,0.05,common_field,Random (0.5),2000000000039,2.7,0.825,0.075,0.45,0.025
1,ALLD,0.05,common_field,Tester,2000000000020,1.1875,1.375,0.1125,0.075,0.0
1,ALLD,0.05,common_field,Tester,2000000000021,1.4875,1.1125,0.0625,0.1375,0.0
1,ALLD,0.05,common_field,Tester,2000000000022,1.3125,1.0625,0.0375,0.0875,0.0
1,ALLD,0.05,common_field,Tester,2000000000023,1.2375,0.9875,0.0125,0.0625,0.0
1,ALLD,0.05,common_field,Tester,2000000000024,1.3625,1.05,0.0375,0.1,0.0
1,ALLD,0.05,common_field,Tester,2000000000025,1.425,1.1125,0.0625,0.125,0.0125
1,ALLD,0.05,common_field,Tester,2000000000026,1.375,1.0,0.025,0.1,0.0
1,ALLD,0.05,common_field,Tester,2000000000027,1.2625,1.075,0.0375,0.075,0.0
1,ALLD,0.05,common_field,Tester,2000000000028,1.4,1.0875,0.05,0.1125,0.0
1,ALLD,0.05,common_field,Tester,2000000000029,1.2625,1.075,0.0375,0.075,0.0
1,ALLD,0.05,common_field,Tester,2000000000030,1.6625,1.1,0.075,0.1875,0.0125
1,ALLD,0.05,common_field,Tester,2000000000031,1.55,1.05,0.05,0.15,0.0
1,ALLD,0.05,common_field,Tester,2000000000032,1.3625,1.05,0.0375,0.1,0.0
1,ALLD,0.05,common_field,Tester,2000000000033,1.325,1.0125,0.025,0.0875,0.0
1,ALLD,0.05,common_field,Tester,2000000000034,1.25,1.0625,0.0375,0.075,0.0125
1,ALLD,0.05,common_field,Tester,2000000000035,1.475,1.1625,0.075,0.1375,0.0
1,ALLD,0.05,common_field,Tester,2000000000036,1.5875,1.0875,0.0625,0.1625,0.0
1,ALLD,0.05,common_field,Tester,2000000000037,1.5125,1.0125,0.0375,0.1375,0.0
1,ALLD,0.05,common_field,Tester,2000000000038,1.45,1.075,0.05,0.125,0.0
1,ALLD,0.05,common_field,Tester,2000000000039,1.4125,1.1625,0.075,0.125,0.0125
1,ALLD,0.05,common_field,Pavlov (Win-Stay Lose-Shift),2000000000020,2.925,0.8625,0.1125,0.525,0.0625
1,ALLD,0.05,common_field,Pavlov (Win-Stay Lose-Shift),2000000000021,2.9125,0.725,0.0625,0.5,0.025
1,ALLD,0.05,common_field,Pavlov (Win-Stay Lose-Shift),2000000000022,2.9,0.65,0.0375,0.4875,0.0125
1,ALLD,0.05,common_field,Pavlov (Win-Stay Lose-Shift),2000000000023,2.9375,0.5625,0.0125,0.4875,0.0
1,ALLD,0.05,common_field,Pavlov (Win-Stay Lose-Shift),2000000000024,2.9375,0.625,0.0375,0.5,0.025
1,ALLD,0.05,common_field,Pavlov (Win-Stay Lose-Shift),2000000000025,2.7875,0.7875,0.0625,0.4625,0.0
1,ALLD,0.05,common_field,Pavlov (Win-Stay Lose-Shift),2000000000026,2.925,0.6125,0.025,0.4875,0.0
1,ALLD,0.05,common_field,Pavlov (Win-Stay Lose-Shift),2000000000027,2.9875,0.6125,0.0375,0.5125,0.025
1,ALLD,0.05,common_field,Pavlov (Win-Stay Lose-Shift),2000000000028,3.025,0.65,0.05,0.525,0.025
1,ALLD,0.05,common_field,Pavlov (Win-Stay Lose-Shift),2000000000029,2.8875,0.6375,0.0375,0.4875,0.025
1,ALLD,0.05,common_field,Pavlov (Win-Stay Lose-Shift),2000000000030,2.875,0.75,0.075,0.5,0.05
1,ALLD,0.05,common_field,Pavlov (Win-Stay Lose-Shift),2000000000031,2.8875,0.7,0.05,0.4875,0.0125
1,ALLD,0.05,common_field,Pavlov (Win-Stay Lose-Shift),2000000000032,2.9375,0.625,0.0375,0.5,0.025
1,ALLD,0.05,common_field,Pavlov (Win-Stay Lose-Shift),2000000000033,3.05,0.55,0.025,0.525,0.025
1,ALLD,0.05,common_field,Pavlov (Win-Stay Lose-Shift),2000000000034,2.9375,0.625,0.0375,0.5,0.025
1,ALLD,0.05,common_field,Pavlov (Win-Stay Lose-Shift),2000000000035,2.8375,0.775,0.075,0.4875,0.0375
1,ALLD,0.05,common_field,Pavlov (Win-Stay Lose-Shift),2000000000036,2.9125,0.725,0.0625,0.5,0.025
1,ALLD,0.05,common_field,Pavlov (Win-Stay Lose-Shift),2000000000037,3.025,0.5875,0.0375,0.525,0.0375
1,ALLD,0.05,common_field,Pavlov (Win-Stay Lose-Shift),2000000000038,2.975,0.6625,0.05,0.5125,0.025
1,ALLD,0.05,common_field,Pavlov (Win-Stay Lose-Shift),2000000000039,2.8,0.8,0.075,0.475,0.025
1,ALLD,0.05,ALLC,Memory-1(ALLC),2000000000020,4.525,0.4,0.1125,0.9375,0.1125
1,ALLD,0.05,ALLC,Memory-1(ALLC),2000000000021,4.725,0.225,0.0625,0.9625,0.0625
1,ALLD,0.05,ALLC,Memory-1(ALLC),2000000000022,4.875,0.125,0.0375,0.9875,0.0375
1,ALLD,0.05,ALLC,Memory-1(ALLC),2000000000023,4.825,0.075,0.0125,0.9625,0.0125
1,ALLD,0.05,ALLC,Memory-1(ALLC),2000000000024,4.675,0.175,0.0375,0.9375,0.0375
1,ALLD,0.05,ALLC,Memory-1(ALLC),2000000000025,4.775,0.2125,0.0625,0.975,0.0625
1,ALLD,0.05,ALLC,Memory-1(ALLC),2000000000026,4.8,0.1125,0.025,0.9625,0.025
1,ALLD,0.05,ALLC,Memory-1(ALLC),2000000000027,4.7375,0.175,0.0375,0.95,0.025
1,ALLD,0.05,ALLC,Memory-1(ALLC),2000000000028,4.7625,0.2,0.05,0.9625,0.0375
1,ALLD,0.05,ALLC,Memory-1(ALLC),2000000000029,4.625,0.1875,0.0375,0.925,0.0375
1,ALLD,0.05,ALLC,Memory-1(ALLC),2000000000030,4.65,0.275,0.075,0.95,0.075
1,ALLD,0.05,ALLC,Memory-1(ALLC),2000000000031,4.7625,0.2,0.05,0.9625,0.0375
1,ALLD,0.05,ALLC,Memory-1(ALLC),2000000000032,4.825,0.1375,0.0375,0.975,0.0375
1,ALLD,0.05,ALLC,Memory-1(ALLC),2000000000033,4.8,0.1125,0.025,0.9625,0.025
1,ALLD,0.05,ALLC,Memory-1(ALLC),2000000000034,4.625,0.1875,0.0375,0.925,0.0375
1,ALLD,0.05,ALLC,Memory-1(ALLC),2000000000035,4.6125,0.3,0.075,0.9375,0.0625
1,ALLD,0.05,ALLC,Memory-1(ALLC),2000000000036,4.725,0.225,0.0625,0.9625,0.0625
1,ALLD,0.05,ALLC,Memory-1(ALLC),2000000000037,4.7375,0.175,0.0375,0.95,0.025
1,ALLD,0.05,ALLC,Memory-1(ALLC),2000000000038,4.6125,0.2375,0.05,0.925,0.0375
1,ALLD,0.05,ALLC,Memory-1(ALLC),2000000000039,4.8,0.2375,0.075,0.9875,0.075
1,ALLD,0.05,self,Memory-1(ALLD),2000000000020,1.1375,1.3875,0.1125,0.0625,0.0
1,ALLD,0.05,self,Memory-1(ALLD),2000000000021,1.0875,1.2125,0.0625,0.0375,0.0
1,ALLD,0.05,self,Memory-1(ALLD),2000000000022,1.0125,1.1375,0.0375,0.0125,0.0
1,ALLD,0.05,self,Memory-1(ALLD),2000000000023,1.1375,1.0125,0.0125,0.0375,0.0
1,ALLD,0.05,self,Memory-1(ALLD),2000000000024,1.2125,1.0875,0.0375,0.0625,0.0
1,ALLD,0.05,self,Memory-1(ALLD),2000000000025,1.0375,1.225,0.0625,0.025,0.0
1,ALLD,0.05,self,Memory-1(ALLD),2000000000026,1.125,1.0625,0.025,0.0375,0.0
1,ALLD,0.05,self,Memory-1(ALLD),2000000000027,1.15,1.0875,0.0375,0.05,0.0125
1,ALLD,0.05,self,Memory-1(ALLD),2000000000028,1.0875,1.15,0.05,0.0375,0.0125
1,ALLD,0.05,self,Memory-1(ALLD),2000000000029,1.2625,1.075,0.0375,0.075,0.0
1,ALLD,0.05,self,Memory-1(ALLD),2000000000030,1.125,1.25,0.075,0.05,0.0
1,ALLD,0.05,self,Memory-1(ALLD),2000000000031,1.0875,1.15,0.05,0.0375,0.0125
1,ALLD,0.05,self,Memory-1(ALLD),2000000000032,1.0625,1.125,0.0375,0.025,0.0
1,ALLD,0.05,self,Memory-1(ALLD),2000000000033,1.125,1.0625,0.025,0.0375,0.0
1,ALLD,0.05,self,Memory-1(ALLD),2000000000034,1.2625,1.075,0.0375,0.075,0.0
1,ALLD,0.05,self,Memory-1(ALLD),2000000000035,1.1625,1.225,0.075,0.0625,0.0125
1,ALLD,0.05,self,Memory-1(ALLD),2000000000036,1.0875,1.2125,0.0625,0.0375,0.0
1,ALLD,0.05,self,Memory-1(ALLD),2000000000037,1.15,1.0875,0.0375,0.05,0.0125
1,ALLD,0.05,self,Memory-1(ALLD),2000000000038,1.2375,1.1125,0.05,0.075,0.0125
1,ALLD,0.05,self,Memory-1(ALLD),2000000000039,0.975,1.2875,0.075,0.0125,0.0
2,TFT,0.0,common_field,Tit For Tat,2000000000040,3.0,3.0,1.0,1.0,1.0
2,TFT,0.0,common_field,Tit For Tat,2000000000041,3.0,3.0,1.0,1.0,1.0
2,TFT,0.0,common_field,Tit For Tat,2000000000042,3.0,3.0,1.0,1.0,1.0
2,TFT,0.0,common_field,Tit For Tat,2000000000043,3.0,3.0,1.0,1.0,1.0
2,TFT,0.0,common_field,Tit For Tat,2000000000044,3.0,3.0,1.0,1.0,1.0
2,TFT,0.0,common_field,Tit For Tat,2000000000045,3.0,3.0,1.0,1.0,1.0
2,TFT,0.0,common_field,Tit For Tat,2000000000046,3.0,3.0,1.0,1.0,1.0
2,TFT,0.0,common_field,Tit For Tat,2000000000047,3.0,3.0,1.0,1.0,1.0
2,TFT,0.0,common_field,Tit For Tat,2000000000048,3.0,3.0,1.0,1.0,1.0
2,TFT,0.0,common_field,Tit For Tat,2000000000049,3.0,3.0,1.0,1.0,1.0
2,TFT,0.0,common_field,Tit For Tat,2000000000050,3.0,3.0,1.0,1.0,1.0
2,TFT,0.0,common_field,Tit For Tat,2000000000051,3.0,3.0,1.0,1.0,1.0
2,TFT,0.0,common_field,Tit For Tat,2000000000052,3.0,3.0,1.0,1.0,1.0
2,TFT,0.0,common_field,Tit For Tat,2000000000053,3.0,3.0,1.0,1.0,1.0
2,TFT,0.0,common_field,Tit For Tat,2000000000054,3.0,3.0,1.0,1.0,1.0
2,TFT,0.0,common_field,Tit For Tat,2000000000055,3.0,3.0,1.0,1.0,1.0
2,TFT,0.0,common_field,Tit For Tat,2000000000056,3.0,3.0,1.0,1.0,1.0
2,TFT,0.0,common_field,Tit For Tat,2000000000057,3.0,3.0,1.0,1.0,1.0
2,TFT,0.0,common_field,Tit For Tat,2000000000058,3.0,3.0,1.0,1.0,1.0
2,TFT,0.0,common_field,Tit For Tat,2000000000059,3.0,3.0,1.0,1.0,1.0
2,TFT,0.0,common_field,Always Defect,2000000000040,0.9875,1.05,0.0125,0.0,0.0
2,TFT,0.0,common_field,Always Defect,2000000000041,0.9875,1.05,0.0125,0.0,0.0
2,TFT,0.0,common_field,Always Defect,2000000000042,0.9875,1.05,0.0125,0.0,0.0
2,TFT,0.0,common_field,Always Defect,2000000000043,0.9875,1.05,0.0125,0.0,0.0
2,TFT,0.0,common_field,Always Defect,2000000000044,0.9875,1.05,0.0125,0.0,0.0
2,TFT,0.0,common_field,Always Defect,2000000000045,0.9875,1.05,0.0125,0.0,0.0
2,TFT,0.0,common_field,Always Defect,2000000000046,0.9875,1.05,0.0125,0.0,0.0
2,TFT,0.0,common_field,Always Defect,2000000000047,0.9875,1.05,0.0125,0.0,0.0
2,TFT,0.0,common_field,Always Defect,2000000000048,0.9875,1.05,0.0125,0.0,0.0
2,TFT,0.0,common_field,Always Defect,2000000000049,0.9875,1.05,0.0125,0.0,0.0
2,TFT,0.0,common_field,Always Defect,2000000000050,0.9875,1.05,0.0125,0.0,0.0
2,TFT,0.0,common_field,Always Defect,2000000000051,0.9875,1.05,0.0125,0.0,0.0
2,TFT,0.0,common_field,Always Defect,2000000000052,0.9875,1.05,0.0125,0.0,0.0
2,TFT,0.0,common_field,Always Defect,2000000000053,0.9875,1.05,0.0125,0.0,0.0
2,TFT,0.0,common_field,Always Defect,2000000000054,0.9875,1.05,0.0125,0.0,0.0
2,TFT,0.0,common_field,Always Defect,2000000000055,0.9875,1.05,0.0125,0.0,0.0
2,TFT,0.0,common_field,Always Defect,2000000000056,0.9875,1.05,0.0125,0.0,0.0
2,TFT,0.0,common_field,Always Defect,2000000000057,0.9875,1.05,0.0125,0.0,0.0
2,TFT,0.0,common_field,Always Defect,2000000000058,0.9875,1.05,0.0125,0.0,0.0
2,TFT,0.0,common_field,Always Defect,2000000000059,0.9875,1.05,0.0125,0.0,0.0
2,TFT,0.0,common_field,Grudger,2000000000040,3.0,3.0,1.0,1.0,1.0
2,TFT,0.0,common_field,Grudger,2000000000041,3.0,3.0,1.0,1.0,1.0
2,TFT,0.0,common_field,Grudger,2000000000042,3.0,3.0,1.0,1.0,1.0
2,TFT,0.0,common_field,Grudger,2000000000043,3.0,3.0,1.0,1.0,1.0
2,TFT,0.0,common_field,Grudger,2000000000044,3.0,3.0,1.0,1.0,1.0
2,TFT,0.0,common_field,Grudger,2000000000045,3.0,3.0,1.0,1.0,1.0
2,TFT,0.0,common_field,Grudger,2000000000046,3.0,3.0,1.0,1.0,1.0
2,TFT,0.0,common_field,Grudger,2000000000047,3.0,3.0,1.0,1.0,1.0
2,TFT,0.0,common_field,Grudger,2000000000048,3.0,3.0,1.0,1.0,1.0
2,TFT,0.0,common_field,Grudger,2000000000049,3.0,3.0,1.0,1.0,1.0
2,TFT,0.0,common_field,Grudger,2000000000050,3.0,3.0,1.0,1.0,1.0
2,TFT,0.0,common_field,Grudger,2000000000051,3.0,3.0,1.0,1.0,1.0
2,TFT,0.0,common_field,Grudger,2000000000052,3.0,3.0,1.0,1.0,1.0
2,TFT,0.0,common_field,Grudger,2000000000053,3.0,3.0,1.0,1.0,1.0
2,TFT,0.0,common_field,Grudger,2000000000054,3.0,3.0,1.0,1.0,1.0
2,TFT,0.0,common_field,Grudger,2000000000055,3.0,3.0,1.0,1.0,1.0
2,TFT,0.0,common_field,Grudger,2000000000056,3.0,3.0,1.0,1.0,1.0
2,TFT,0.0,common_field,Grudger,2000000000057,3.0,3.0,1.0,1.0,1.0
2,TFT,0.0,common_field,Grudger,2000000000058,3.0,3.0,1.0,1.0,1.0
2,TFT,0.0,common_field,Grudger,2000000000059,3.0,3.0,1.0,1.0,1.0
2,TFT,0.0,common_field,Joss (0.9),2000000000040,1.7125,1.775,0.3625,0.35,0.325
2,TFT,0.0,common_field,Joss (0.9),2000000000041,2.65,2.7125,0.6875,0.675,0.3625
2,TFT,0.0,common_field,Joss (0.9),2000000000042,1.7125,1.775,0.325,0.3125,0.2125
2,TFT,0.0,common_field,Joss (0.9),2000000000043,1.1125,1.175,0.075,0.0625,0.0625
2,TFT,0.0,common_field,Joss (0.9),2000000000044,1.525,1.5875,0.2125,0.2,0.0625
2,TFT,0.0,common_field,Joss (0.9),2000000000045,1.325,1.3875,0.1625,0.15,0.1125
2,TFT,0.0,common_field,Joss (0.9),2000000000046,1.075,1.1375,0.05,0.0375,0.025
2,TFT,0.0,common_field,Joss (0.9),2000000000047,1.4375,1.5,0.175,0.1625,0.0375
2,TFT,0.0,common_field,Joss (0.9),2000000000048,1.3,1.3625,0.15,0.1375,0.1
2,TFT,0.0,common_field,Joss (0.9),2000000000049,1.775,1.8375,0.2875,0.275,0.0375
2,TFT,0.0,common_field,Joss (0.9),2000000000050,2.3125,2.375,0.4625,0.45,0.025
2,TFT,0.0,common_field,Joss (0.9),2000000000051,1.7125,1.775,0.325,0.3125,0.2125
2,TFT,0.0,common_field,Joss (0.9),2000000000052,1.8875,1.95,0.375,0.3625,0.1875
2,TFT,0.0,common_field,Joss (0.9),2000000000053,1.6,1.6625,0.225,0.2125,0.025
2,TFT,0.0,common_field,Joss (0.9),2000000000054,1.1375,1.2,0.075,0.0625,0.0375
2,TFT,0.0,common_field,Joss (0.9),2000000000055,1.125,1.1875,0.0625,0.05,0.0125
2,TFT,0.0,common_field,Joss (0.9),2000000000056,1.1,1.1625,0.0625,0.05,0.0375
2,TFT,0.0,common_field,Joss (0.9),2000000000057,1.4625,1.525,0.175,0.1625,0.0125
2,TFT,0.0,common_field,Joss (0.9),2000000000058,1.3875,1.45,0.1625,0.15,0.05
2,TFT,0.0,common_field,Joss (0.9),2000000000059,1.375,1.4375,0.175,0.1625,0.1
2,TFT,0.0,common_field,Random (0.5),2000000000040,2.125,2.1875,0.45,0.4375,0.175
2,TFT,0.0,common_field,Random (0.5),2000000000041,2.375,2.375,0.55,0.55,0.275
2,TFT,0.0,common_field,Random (0.5),2000000000042,2.2125,2.275,0.5125,0.5,0.275
2,TFT,0.0,common_field,Random (0.5),2000000000043,2.3625,2.425,0.6,0.5875,0.3875
2,TFT,0.0,common_field,Random (0.5),2000000000044,2.2375,2.2375,0.4875,0.4875,0.225
2,TFT,0.0,common_field,Random (0.5),2000000000045,2.25,2.25,0.5,0.5,0.25
2,TFT,0.0,common_field,Random (0.5),2000000000046,2.35,2.4125,0.5625,0.55,0.2875
2,TFT,0.0,common_field,Random (0.5),2000000000047,2.1125,2.1125,0.425,0.425,0.1625
2,TFT,0.0,common_field,Random (0.5),2000000000048,2.1625,2.1625,0.475,0.475,0.2625
2,TFT,0.0,common_field,Random (0.5),2000000000049,2.0875,2.15,0.4375,0.425,0.175
2,TFT,0.0,common_field,Random (0.5),2000000000050,2.45,2.45,0.5875,0.5875,0.3125
2,TFT,0.0,common_field,Random (0.5),2000000000051,2.425,2.425,0.5875,0.5875,0.3375
2,TFT,0.0,common_field,Random (0.5),2000000000052,2.325,2.3875,0.575,0.5625,0.35
2,TFT,0.0,common_field,Random (0.5),2000000000053,2.3375,2.4,0.55,0.5375,0.2625
2,TFT,0.0,common_field,Random (0.5),2000000000054,2.2875,2.2875,0.5375,0.5375,0.325
2,TFT,0.0,common_field,Random (0.5),2000000000055,2.4125,2.4125,0.575,0.575,0.3125
2,TFT,0.0,common_field,Random (0.5),2000000000056,2.1125,2.175,0.4625,0.45,0.225
2,TFT,0.0,common_field,Random (0.5),2000000000057,2.175,2.2375,0.4875,0.475,0.2375
2,TFT,0.0,common_field,Random (0.5),2000000000058,2.125,2.1875,0.4625,0.45,0.2125
2,TFT,0.0,common_field,Random (0.5),2000000000059,2.175,2.2375,0.4875,0.475,0.2375
2,TFT,0.0,common_field,Tester,2000000000040,1.0125,1.075,0.025,0.0125,0.0125
2,TFT,0.0,common_field,Tester,2000000000041,1.0125,1.075,0.025,0.0125,0.0125
2,TFT,0.0,common_field,Tester,2000000000042,1.0125,1.075,0.025,0.0125,0.0125
2,TFT,0.0,common_field,Tester,2000000000043,1.0125,1.075,0.025,0.0125,0.0125
2,TFT,0.0,common_field,Tester,2000000000044,1.0125,1.075,0.025,0.0125,0.0125
2,TFT,0.0,common_field,Tester,2000000000045,1.0125,1.075,0.025,0.0125,0.0125
2,TFT,0.0,common_field,Tester,2000000000046,1.0125,1.075,0.025,0.0125,0.0125
2,TFT,0.0,common_field,Tester,2000000000047,1.0125,1.075,0.025,0.0125,0.0125
2,TFT,0.0,common_field,Tester,2000000000048,1.0125,1.075,0.025,0.0125,0.0125
2,TFT,0.0,common_field,Tester,2000000000049,1.0125,1.075,0.025,0.0125,0.0125
2,TFT,0.0,common_field,Tester,2000000000050,1.0125,1.075,0.025,0.0125,0.0125
2,TFT,0.0,common_field,Tester,2000000000051,1.0125,1.075,0.025,0.0125,0.0125
2,TFT,0.0,common_field,Tester,2000000000052,1.0125,1.075,0.025,0.0125,0.0125
2,TFT,0.0,common_field,Tester,2000000000053,1.0125,1.075,0.025,0.0125,0.0125
2,TFT,0.0,common_field,Tester,2000000000054,1.0125,1.075,0.025,0.0125,0.0125
2,TFT,0.0,common_field,Tester,2000000000055,1.0125,1.075,0.025,0.0125,0.0125
2,TFT,0.0,common_field,Tester,2000000000056,1.0125,1.075,0.025,0.0125,0.0125
2,TFT,0.0,common_field,Tester,2000000000057,1.0125,1.075,0.025,0.0125,0.0125
2,TFT,0.0,common_field,Tester,2000000000058,1.0125,1.075,0.025,0.0125,0.0125
2,TFT,0.0,common_field,Tester,2000000000059,1.0125,1.075,0.025,0.0125,0.0125
2,TFT,0.0,common_field,Pavlov (Win-Stay Lose-Shift),2000000000040,3.0,3.0,1.0,1.0,1.0
2,TFT,0.0,common_field,Pavlov (Win-Stay Lose-Shift),2000000000041,3.0,3.0,1.0,1.0,1.0
2,TFT,0.0,common_field,Pavlov (Win-Stay Lose-Shift),2000000000042,3.0,3.0,1.0,1.0,1.0
2,TFT,0.0,common_field,Pavlov (Win-Stay Lose-Shift),2000000000043,3.0,3.0,1.0,1.0,1.0
2,TFT,0.0,common_field,Pavlov (Win-Stay Lose-Shift),2000000000044,3.0,3.0,1.0,1.0,1.0
2,TFT,0.0,common_field,Pavlov (Win-Stay Lose-Shift),2000000000045,3.0,3.0,1.0,1.0,1.0
2,TFT,0.0,common_field,Pavlov (Win-Stay Lose-Shift),2000000000046,3.0,3.0,1.0,1.0,1.0
2,TFT,0.0,common_field,Pavlov (Win-Stay Lose-Shift),2000000000047,3.0,3.0,1.0,1.0,1.0
2,TFT,0.0,common_field,Pavlov (Win-Stay Lose-Shift),2000000000048,3.0,3.0,1.0,1.0,1.0
2,TFT,0.0,common_field,Pavlov (Win-Stay Lose-Shift),2000000000049,3.0,3.0,1.0,1.0,1.0
2,TFT,0.0,common_field,Pavlov (Win-Stay Lose-Shift),2000000000050,3.0,3.0,1.0,1.0,1.0
2,TFT,0.0,common_field,Pavlov (Win-Stay Lose-Shift),2000000000051,3.0,3.0,1.0,1.0,1.0
2,TFT,0.0,common_field,Pavlov (Win-Stay Lose-Shift),2000000000052,3.0,3.0,1.0,1.0,1.0
2,TFT,0.0,common_field,Pavlov (Win-Stay Lose-Shift),2000000000053,3.0,3.0,1.0,1.0,1.0
2,TFT,0.0,common_field,Pavlov (Win-Stay Lose-Shift),2000000000054,3.0,3.0,1.0,1.0,1.0
2,TFT,0.0,common_field,Pavlov (Win-Stay Lose-Shift),2000000000055,3.0,3.0,1.0,1.0,1.0
2,TFT,0.0,common_field,Pavlov (Win-Stay Lose-Shift),2000000000056,3.0,3.0,1.0,1.0,1.0
2,TFT,0.0,common_field,Pavlov (Win-Stay Lose-Shift),2000000000057,3.0,3.0,1.0,1.0,1.0
2,TFT,0.0,common_field,Pavlov (Win-Stay Lose-Shift),2000000000058,3.0,3.0,1.0,1.0,1.0
2,TFT,0.0,common_field,Pavlov (Win-Stay Lose-Shift),2000000000059,3.0,3.0,1.0,1.0,1.0
2,TFT,0.0,ALLC,Memory-1(ALLC),2000000000040,3.0,3.0,1.0,1.0,1.0
2,TFT,0.0,ALLC,Memory-1(ALLC),2000000000041,3.0,3.0,1.0,1.0,1.0
2,TFT,0.0,ALLC,Memory-1(ALLC),2000000000042,3.0,3.0,1.0,1.0,1.0
2,TFT,0.0,ALLC,Memory-1(ALLC),2000000000043,3.0,3.0,1.0,1.0,1.0
2,TFT,0.0,ALLC,Memory-1(ALLC),2000000000044,3.0,3.0,1.0,1.0,1.0
2,TFT,0.0,ALLC,Memory-1(ALLC),2000000000045,3.0,3.0,1.0,1.0,1.0
2,TFT,0.0,ALLC,Memory-1(ALLC),2000000000046,3.0,3.0,1.0,1.0,1.0
2,TFT,0.0,ALLC,Memory-1(ALLC),2000000000047,3.0,3.0,1.0,1.0,1.0
2,TFT,0.0,ALLC,Memory-1(ALLC),2000000000048,3.0,3.0,1.0,1.0,1.0
2,TFT,0.0,ALLC,Memory-1(ALLC),2000000000049,3.0,3.0,1.0,1.0,1.0
2,TFT,0.0,ALLC,Memory-1(ALLC),2000000000050,3.0,3.0,1.0,1.0,1.0
2,TFT,0.0,ALLC,Memory-1(ALLC),2000000000051,3.0,3.0,1.0,1.0,1.0
2,TFT,0.0,ALLC,Memory-1(ALLC),2000000000052,3.0,3.0,1.0,1.0,1.0
2,TFT,0.0,ALLC,Memory-1(ALLC),2000000000053,3.0,3.0,1.0,1.0,1.0
2,TFT,0.0,ALLC,Memory-1(ALLC),2000000000054,3.0,3.0,1.0,1.0,1.0
2,TFT,0.0,ALLC,Memory-1(ALLC),2000000000055,3.0,3.0,1.0,1.0,1.0
2,TFT,0.0,ALLC,Memory-1(ALLC),2000000000056,3.0,3.0,1.0,1.0,1.0
2,TFT,0.0,ALLC,Memory-1(ALLC),2000000000057,3.0,3.0,1.0,1.0,1.0
2,TFT,0.0,ALLC,Memory-1(ALLC),2000000000058,3.0,3.0,1.0,1.0,1.0
2,TFT,0.0,ALLC,Memory-1(ALLC),2000000000059,3.0,3.0,1.0,1.0,1.0
2,TFT,0.0,self,Memory-1(TFT),2000000000040,3.0,3.0,1.0,1.0,1.0
2,TFT,0.0,self,Memory-1(TFT),2000000000041,3.0,3.0,1.0,1.0,1.0
2,TFT,0.0,self,Memory-1(TFT),2000000000042,3.0,3.0,1.0,1.0,1.0
2,TFT,0.0,self,Memory-1(TFT),2000000000043,3.0,3.0,1.0,1.0,1.0
2,TFT,0.0,self,Memory-1(TFT),2000000000044,3.0,3.0,1.0,1.0,1.0
2,TFT,0.0,self,Memory-1(TFT),2000000000045,3.0,3.0,1.0,1.0,1.0
2,TFT,0.0,self,Memory-1(TFT),2000000000046,3.0,3.0,1.0,1.0,1.0
2,TFT,0.0,self,Memory-1(TFT),2000000000047,3.0,3.0,1.0,1.0,1.0
2,TFT,0.0,self,Memory-1(TFT),2000000000048,3.0,3.0,1.0,1.0,1.0
2,TFT,0.0,self,Memory-1(TFT),2000000000049,3.0,3.0,1.0,1.0,1.0
2,TFT,0.0,self,Memory-1(TFT),2000000000050,3.0,3.0,1.0,1.0,1.0
2,TFT,0.0,self,Memory-1(TFT),2000000000051,3.0,3.0,1.0,1.0,1.0
2,TFT,0.0,self,Memory-1(TFT),2000000000052,3.0,3.0,1.0,1.0,1.0
2,TFT,0.0,self,Memory-1(TFT),2000000000053,3.0,3.0,1.0,1.0,1.0
2,TFT,0.0,self,Memory-1(TFT),2000000000054,3.0,3.0,1.0,1.0,1.0
2,TFT,0.0,self,Memory-1(TFT),2000000000055,3.0,3.0,1.0,1.0,1.0
2,TFT,0.0,self,Memory-1(TFT),2000000000056,3.0,3.0,1.0,1.0,1.0
2,TFT,0.0,self,Memory-1(TFT),2000000000057,3.0,3.0,1.0,1.0,1.0
2,TFT,0.0,self,Memory-1(TFT),2000000000058,3.0,3.0,1.0,1.0,1.0
2,TFT,0.0,self,Memory-1(TFT),2000000000059,3.0,3.0,1.0,1.0,1.0
2,TFT,0.05,common_field,Tit For Tat,2000000000040,2.7625,2.7625,0.7625,0.7625,0.525
2,TFT,0.05,common_field,Tit For Tat,2000000000041,2.45,2.45,0.5375,0.5375,0.1625
2,TFT,0.05,common_field,Tit For Tat,2000000000042,1.875,1.875,0.325,0.325,0.1
2,TFT,0.05,common_field,Tit For Tat,2000000000043,2.625,2.6875,0.6625,0.65,0.3125
2,TFT,0.05,common_field,Tit For Tat,2000000000044,2.5625,2.75,0.675,0.6375,0.3125
2,TFT,0.05,common_field,Tit For Tat,2000000000045,2.5,2.3125,0.475,0.5125,0.075
2,TFT,0.05,common_field,Tit For Tat,2000000000046,2.775,2.8375,0.8125,0.8,0.6125
2,TFT,0.05,common_field,Tit For Tat,2000000000047,2.5,2.5625,0.625,0.6125,0.325
2,TFT,0.05,common_field,Tit For Tat,2000000000048,2.2,2.2,0.475,0.475,0.225
2,TFT,0.05,common_field,Tit For Tat,2000000000049,2.5125,2.5125,0.65,0.65,0.4375
2,TFT,0.05,common_field,Tit For Tat,2000000000050,2.5875,2.65,0.7625,0.75,0.65
2,TFT,0.05,common_field,Tit For Tat,2000000000051,2.2,2.2,0.4375,0.4375,0.1125
2,TFT,0.05,common_field,Tit For Tat,2000000000052,2.1,2.1,0.4,0.4,0.1
2,TFT,0.05,common_field,Tit For Tat,2000000000053,2.5,2.5625,0.6875,0.675,0.5125
2,TFT,0.05,common_field,Tit For Tat,2000000000054,2.325,2.325,0.525,0.525,0.25
2,TFT,0.05,common_field,Tit For Tat,2000000000055,2.3125,2.3125,0.5625,0.5625,0.375
2,TFT,0.05,common_field,Tit For Tat,2000000000056,2.6875,2.625,0.7125,0.725,0.5
2,TFT,0.05,common_field,Tit For Tat,2000000000057,2.1125,2.1125,0.3875,0.3875,0.05
2,TFT,0.05,common_field,Tit For Tat,2000000000058,2.6125,2.6125,0.6875,0.6875,0.45
2,TFT,0.05,common_field,Tit For Tat,2000000000059,2.625,2.625,0.6625,0.6625,0.3625
2,TFT,0.05,common_field,Always Defect,2000000000040,1.125,1.25,0.075,0.05,0.0
2,TFT,0.05,common_field,Always Defect,2000000000041,1.125,1.4375,0.125,0.0625,0.0
2,TFT,0.05,common_field,Always Defect,2000000000042,1.0375,1.4125,0.1125,0.0375,0.0
2,TFT,0.05,common_field,Always Defect,2000000000043,1.15,1.3375,0.1,0.0625,0.0
2,TFT,0.05,common_field,Always Defect,2000000000044,1.1125,1.425,0.125,0.0625,0.0125
2,TFT,0.05,common_field,Always Defect,2000000000045,0.9875,1.425,0.1125,0.025,0.0
2,TFT,0.05,common_field,Always Defect,2000000000046,1.0375,1.4125,0.1125,0.0375,0.0
2,TFT,0.05,common_field,Always Defect,2000000000047,1.075,1.2625,0.075,0.0375,0.0
2,TFT,0.05,common_field,Always Defect,2000000000048,1.0875,1.3375,0.1,0.05,0.0125
2,TFT,0.05,common_field,Always Defect,2000000000049,0.975,1.2875,0.075,0.0125,0.0
2,TFT,0.05,common_field,Always Defect,2000000000050,1.125,1.3125,0.1,0.0625,0.025
2,TFT,0.05,common_field,Always Defect,2000000000051,1.0875,1.4,0.1125,0.05,0.0
2,TFT,0.05,common_field,Always Defect,2000000000052,1.2,1.5125,0.1625,0.1,0.0375
2,TFT,0.05,common_field,Always Defect,2000000000053,1.125,1.375,0.1125,0.0625,0.0125
2,TFT,0.05,common_field,Always Defect,2000000000054,1.175,1.55,0.1625,0.0875,0.0125
2,TFT,0.05,common_field,Always Defect,2000000000055,1.1,1.5375,0.15,0.0625,0.0
2,TFT,0.05,common_field,Always Defect,2000000000056,1.1,1.35,0.1,0.05,0.0
2,TFT,0.05,common_field,Always Defect,2000000000057,1.125,1.4375,0.125,0.0625,0.0
2,TFT,0.05,common_field,Always Defect,2000000000058,1.05,1.3625,0.1,0.0375,0.0
2,TFT,0.05,common_field,Always Defect,2000000000059,1.0875,1.4,0.1125,0.05,0.0
2,TFT,0.05,common_field,Grudger,2000000000040,1.2875,1.2875,0.1125,0.1125,0.05
2,TFT,0.05,common_field,Grudger,2000000000041,1.2625,1.45,0.15,0.1125,0.0375
2,TFT,0.05,common_field,Grudger,2000000000042,1.275,1.525,0.1875,0.1375,0.0875
2,TFT,0.05,common_field,Grudger,2000000000043,1.3875,1.45,0.175,0.1625,0.0875
2,TFT,0.05,common_field,Grudger,2000000000044,1.2375,1.55,0.1875,0.125,0.075
2,TFT,0.05,common_field,Grudger,2000000000045,1.1,1.4125,0.125,0.0625,0.025
2,TFT,0.05,common_field,Grudger,2000000000046,1.25,1.5,0.175,0.125,0.075
2,TFT,0.05,common_field,Grudger,2000000000047,1.4375,1.5,0.2125,0.2,0.15
2,TFT,0.05,common_field,Grudger,2000000000048,1.575,1.7,0.3,0.275,0.225
2,TFT,0.05,common_field,Grudger,2000000000049,1.3625,1.55,0.225,0.1875,0.1625
2,TFT,0.05,common_field,Grudger,2000000000050,1.1375,1.325,0.1,0.0625,0.0125
2,TFT,0.05,common_field,Grudger,2000000000051,1.25,1.4375,0.15,0.1125,0.05
2,TFT,0.05,common_field,Grudger,2000000000052,1.25,1.5625,0.1875,0.125,0.0625
2,TFT,0.05,common_field,Grudger,2000000000053,1.5625,1.6875,0.2875,0.2625,0.2
2,TFT,0.05,common_field,Grudger,2000000000054,1.275,1.65,0.2125,0.1375,0.0625
2,TFT,0.05,common_field,Grudger,2000000000055,1.35,1.7875,0.275,0.1875,0.125
2,TFT,0.05,common_field,Grudger,2000000000056,1.3125,1.4375,0.1625,0.1375,0.075
2,TFT,0.05,common_field,Grudger,2000000000057,1.15,1.4625,0.1375,0.075,0.0125
2,TFT,0.05,common_field,Grudger,2000000000058,1.0875,1.4,0.1125,0.05,0.0
2,TFT,0.05,common_field,Grudger,2000000000059,1.4,1.5875,0.225,0.1875,0.125
2,TFT,0.05,common_field,Joss (0.9),2000000000040,2.3,2.3,0.4625,0.4625,0.0875
2,TFT,0.05,common_field,Joss (0.9),2000000000041,2.4375,2.375,0.6375,0.65,0.525
2,TFT,0.05,common_field,Joss (0.9),2000000000042,2.45,2.5125,0.6375,0.625,0.4125
2,TFT,0.05,common_field,Joss (0.9),2000000000043,2.0875,2.0875,0.425,0.425,0.1875
2,TFT,0.05,common_field,Joss (0.9),2000000000044,1.675,1.8625,0.325,0.2875,0.15
2,TFT,0.05,common_field,Joss (0.9),2000000000045,2.225,2.2875,0.4375,0.425,0.0375
2,TFT,0.05,common_field,Joss (0.9),2000000000046,2.1625,2.2875,0.475,0.45,0.1625
2,TFT,0.05,common_field,Joss (0.9),2000000000047,2.125,2.1875,0.4375,0.425,0.1375
2,TFT,0.05,common_field,Joss (0.9),2000000000048,2.6,2.725,0.7,0.675,0.4
2,TFT,0.05,common_field,Joss (0.9),2000000000049,2.0,2.125,0.4375,0.4125,0.2125
2,TFT,0.05,common_field,Joss (0.9),2000000000050,2.175,2.3,0.475,0.45,0.15
2,TFT,0.05,common_field,Joss (0.9),2000000000051,2.025,2.0875,0.4125,0.4,0.1625
2,TFT,0.05,common_field,Joss (0.9),2000000000052,2.5625,2.5625,0.675,0.675,0.4625
2,TFT,0.05,common_field,Joss (0.9),2000000000053,1.8875,2.0125,0.3375,0.3125,0.025
2,TFT,0.05,common_field,Joss (0.9),2000000000054,1.8125,1.875,0.3,0.2875,0.0375
2,TFT,0.05,common_field,Joss (0.9),2000000000055,2.5375,2.6,0.675,0.6625,0.4375
2,TFT,0.05,common_field,Joss (0.9),2000000000056,2.225,2.0375,0.4,0.4375,0.125
2,TFT,0.05,common_field,Joss (0.9),2000000000057,1.9,1.9625,0.4125,0.4,0.2875
2,TFT,0.05,common_field,Joss (0.9),2000000000058,1.775,2.0875,0.3625,0.3,0.0625
2,TFT,0.05,common_field,Joss (0.9),2000000000059,1.9,1.9,0.325,0.325,0.075
2,TFT,0.05,common_field,Random (0.5),2000000000040,2.2,2.1375,0.45,0.4625,0.2
2,TFT,0.05,common_field,Random (0.5),2000000000041,2.4125,2.225,0.5,0.5375,0.2375
2,TFT,0.05,common_field,Random (0.5),2000000000042,2.375,2.3125,0.5375,0.55,0.2875
2,TFT,0.05,common_field,Random (0.5),2000000000043,2.2125,2.4,0.55,0.5125,0.2875
2,TFT,0.05,common_field,Random (0.5),2000000000044,2.1375,2.1375,0.4625,0.4625,0.25
2,TFT,0.05,common_field,Random (0.5),2000000000045,2.4,2.15,0.475,0.525,0.225
2,TFT,0.05,common_field,Random (0.5),2000000000046,2.2125,2.4,0.55,0.5125,0.2875
2,TFT,0.05,common_field,Random (0.5),2000000000047,2.1875,2.25,0.4875,0.475,0.225
2,TFT,0.05,common_field,Random (0.5),2000000000048,2.3,2.1125,0.45,0.4875,0.2
2,TFT,0.05,common_field,Random (0.5),2000000000049,2.1875,2.25,0.475,0.4625,0.1875
2,TFT,0.05,common_field,Random (0.5),2000000000050,2.2125,2.275,0.525,0.5125,0.3125
2,TFT,0.05,common_field,Random (0.5),2000000000051,2.275,2.2125,0.5125,0.525,0.3125
2,TFT,0.05,common_field,Random (0.5),2000000000052,2.425,2.425,0.575,0.575,0.3
2,TFT,0.05,common_field,Random (0.5),2000000000053,2.4875,2.4875,0.625,0.625,0.3875
2,TFT,0.05,common_field,Random (0.5),2000000000054,2.2625,2.45,0.5875,0.55,0.35
2,TFT,0.05,common_field,Random (0.5),2000000000055,2.4125,2.35,0.5625,0.575,0.325
2,TFT,0.05,common_field,Random (0.5),2000000000056,2.275,2.3375,0.5375,0.525,0.2875
2,TFT,0.05,common_field,Random (0.5),2000000000057,2.025,2.0875,0.4125,0.4,0.1625
2,TFT,0.05,common_field,Random (0.5),2000000000058,2.2125,2.0875,0.45,0.475,0.2375
2,TFT,0.05,common_field,Random (0.5),2000000000059,2.35,2.5375,0.5875,0.55,0.2625
2,TFT,0.05,common_field,Tester,2000000000040,1.15,1.275,0.0875,0.0625,0.0125
2,TFT,0.05,common_field,Tester,2000000000041,1.15,1.4625,0.1375,0.075,0.0125
2,TFT,0.05,common_field,Tester,2000000000042,1.0625,1.4375,0.125,0.05,0.0125
2,TFT,0.05,common_field,Tester,2000000000043,1.175,1.3625,0.1125,0.075,0.0125
2,TFT,0.05,common_field,Tester,2000000000044,1.1375,1.45,0.1375,0.075,0.025
2,TFT,0.05,common_field,Tester,2000000000045,1.0125,1.45,0.125,0.0375,0.0125
2,TFT,0.05,common_field,Tester,2000000000046,1.0625,1.4375,0.125,0.05,0.0125
2,TFT,0.05,common_field,Tester,2000000000047,1.1,1.2875,0.0875,0.05,0.0125
2,TFT,0.05,common_field,Tester,2000000000048,1.1125,1.3625,0.1125,0.0625,0.025
2,TFT,0.05,common_field,Tester,2000000000049,1.0,1.3125,0.0875,0.025,0.0125
2,TFT,0.05,common_field,Tester,2000000000050,1.575,1.575,0.2375,0.2375,0.1375
2,TFT,0.05,common_field,Tester,2000000000051,1.1125,1.425,0.125,0.0625,0.0125
2,TFT,0.05,common_field,Tester,2000000000052,1.225,1.5375,0.175,0.1125,0.05
2,TFT,0.05,common_field,Tester,2000000000053,1.15,1.4,0.125,0.075,0.025
2,TFT,0.05,common_field,Tester,2000000000054,1.2,1.575,0.175,0.1,0.025
2,TFT,0.05,common_field,Tester,2000000000055,1.125,1.5625,0.1625,0.075,0.0125
2,TFT,0.05,common_field,Tester,2000000000056,1.125,1.375,0.1125,0.0625,0.0125
2,TFT,0.05,common_field,Tester,2000000000057,1.1375,1.45,0.1375,0.075,0.025
2,TFT,0.05,common_field,Tester,2000000000058,1.0875,1.4,0.1125,0.05,0.0
2,TFT,0.05,common_field,Tester,2000000000059,1.1125,1.425,0.125,0.0625,0.0125
2,TFT,0.05,common_field,Pavlov (Win-Stay Lose-Shift),2000000000040,2.075,2.075,0.375,0.375,0.05
2,TFT,0.05,common_field,Pavlov (Win-Stay Lose-Shift),2000000000041,2.3125,2.4375,0.5875,0.5625,0.35
2,TFT,0.05,common_field,Pavlov (Win-Stay Lose-Shift),2000000000042,2.575,2.2625,0.575,0.6375,0.4
2,TFT,0.05,common_field,Pavlov (Win-Stay Lose-Shift),2000000000043,2.175,2.1125,0.425,0.4375,0.15
2,TFT,0.05,common_field,Pavlov (Win-Stay Lose-Shift),2000000000044,1.95,2.2625,0.425,0.3625,0.075
2,TFT,0.05,common_field,Pavlov (Win-Stay Lose-Shift),2000000000045,2.0875,1.9625,0.3375,0.3625,0.025
2,TFT,0.05,common_field,Pavlov (Win-Stay Lose-Shift),2000000000046,2.35,2.225,0.5125,0.5375,0.2875
2,TFT,0.05,common_field,Pavlov (Win-Stay Lose-Shift),2000000000047,2.2625,2.2,0.475,0.4875,0.2125
2,TFT,0.05,common_field,Pavlov (Win-Stay Lose-Shift),2000000000048,2.275,2.275,0.525,0.525,0.3
2,TFT,0.05,common_field,Pavlov (Win-Stay Lose-Shift),2000000000049,2.45,2.3875,0.6125,0.625,0.4375
2,TFT,0.05,common_field,Pavlov (Win-Stay Lose-Shift),2000000000050,2.325,2.2,0.5,0.525,0.275
2,TFT,0.05,common_field,Pavlov (Win-Stay Lose-Shift),2000000000051,2.3875,2.3875,0.6,0.6,0.4125
2,TFT,0.05,common_field,Pavlov (Win-Stay Lose-Shift),2000000000052,2.3875,2.325,0.5625,0.575,0.35
2,TFT,0.05,common_field,Pavlov (Win-Stay Lose-Shift),2000000000053,2.3875,2.2625,0.525,0.55,0.2875
2,TFT,0.05,common_field,Pavlov (Win-Stay Lose-Shift),2000000000054,2.225,2.4125,0.575,0.5375,0.35
2,TFT,0.05,common_field,Pavlov (Win-Stay Lose-Shift),2000000000055,2.05,2.3,0.475,0.425,0.175
2,TFT,0.05,common_field,Pavlov (Win-Stay Lose-Shift),2000000000056,2.225,2.1625,0.4625,0.475,0.2125
2,TFT,0.05,common_field,Pavlov (Win-Stay Lose-Shift),2000000000057,2.325,2.325,0.55,0.55,0.325
2,TFT,0.05,common_field,Pavlov (Win-Stay Lose-Shift),2000000000058,2.25,2.375,0.5625,0.5375,0.3375
2,TFT,0.05,common_field,Pavlov (Win-Stay Lose-Shift),2000000000059,2.5125,2.325,0.6,0.6375,0.4375
2,TFT,0.05,ALLC,Memory-1(ALLC),2000000000040,2.925,2.9875,0.9625,0.95,0.9125
2,TFT,0.05,ALLC,Memory-1(ALLC),2000000000041,3.0125,2.7625,0.8625,0.9125,0.775
2,TFT,0.05,ALLC,Memory-1(ALLC),2000000000042,3.1375,2.7,0.8875,0.975,0.875
2,TFT,0.05,ALLC,Memory-1(ALLC),2000000000043,3.0,2.875,0.925,0.95,0.875
2,TFT,0.05,ALLC,Memory-1(ALLC),2000000000044,3.025,2.775,0.875,0.925,0.8
2,TFT,0.05,ALLC,Memory-1(ALLC),2000000000045,2.9875,2.7375,0.8625,0.9125,0.8
2,TFT,0.05,ALLC,Memory-1(ALLC),2000000000046,3.15,2.7125,0.8875,0.975,0.8625
2,TFT,0.05,ALLC,Memory-1(ALLC),2000000000047,3.0125,2.8875,0.9375,0.9625,0.9
2,TFT,0.05,ALLC,Memory-1(ALLC),2000000000048,3.025,2.8375,0.9125,0.95,0.8625
2,TFT,0.05,ALLC,Memory-1(ALLC),2000000000049,3.075,2.825,0.925,0.975,0.9
2,TFT,0.05,ALLC,Memory-1(ALLC),2000000000050,2.9875,2.8625,0.925,0.95,0.8875
2,TFT,0.05,ALLC,Memory-1(ALLC),2000000000051,3.0375,2.7875,0.9,0.95,0.8625
2,TFT,0.05,ALLC,Memory-1(ALLC),2000000000052,3.05,2.8,0.9125,0.9625,0.8875
2,TFT,0.05,ALLC,Memory-1(ALLC),2000000000053,3.0125,2.825,0.9,0.9375,0.8375
2,TFT,0.05,ALLC,Memory-1(ALLC),2000000000054,3.0375,2.725,0.8625,0.925,0.8
2,TFT,0.05,ALLC,Memory-1(ALLC),2000000000055,3.1125,2.7375,0.8875,0.9625,0.85
2,TFT,0.05,ALLC,Memory-1(ALLC),2000000000056,3.0,2.8125,0.9125,0.95,0.8875
2,TFT,0.05,ALLC,Memory-1(ALLC),2000000000057,3.025,2.775,0.875,0.925,0.8
2,TFT,0.05,ALLC,Memory-1(ALLC),2000000000058,3.0875,2.7125,0.875,0.95,0.8375
2,TFT,0.05,ALLC,Memory-1(ALLC),2000000000059,3.025,2.775,0.875,0.925,0.8
2,TFT,0.05,self,Memory-1(TFT),2000000000040,2.5,2.5625,0.5875,0.575,0.2125
2,TFT,0.05,self,Memory-1(TFT),2000000000041,1.95,1.825,0.3125,0.3375,0.0875
2,TFT,0.05,self,Memory-1(TFT),2000000000042,1.7875,1.9125,0.325,0.3,0.0875
2,TFT,0.05,self,Memory-1(TFT),2000000000043,2.75,2.75,0.8,0.8,0.65
2,TFT,0.05,self,Memory-1(TFT),2000000000044,2.5,2.5,0.6375,0.6375,0.4125
2,TFT,0.05,self,Memory-1(TFT),2000000000045,1.9875,1.9875,0.3375,0.3375,0.025
2,TFT,0.05,self,Memory-1(TFT),2000000000046,2.6375,2.575,0.65,0.6625,0.3625
2,TFT,0.05,self,Memory-1(TFT),2000000000047,2.3,2.3,0.4875,0.4875,0.1625
2,TFT,0.05,self,Memory-1(TFT),2000000000048,2.3875,2.325,0.5375,0.55,0.275
2,TFT,0.05,self,Memory-1(TFT),2000000000049,2.475,2.6,0.6,0.575,0.225
2,TFT,0.05,self,Memory-1(TFT),2000000000050,2.0375,1.9125,0.35,0.375,0.1125
2,TFT,0.05,self,Memory-1(TFT),2000000000051,2.0,2.0625,0.475,0.4625,0.375
2,TFT,0.05,self,Memory-1(TFT),2000000000052,2.7125,2.7125,0.7125,0.7125,0.425
2,TFT,0.05,self,Memory-1(TFT),2000000000053,1.9875,1.9875,0.4375,0.4375,0.325
2,TFT,0.05,self,Memory-1(TFT),2000000000054,1.8375,1.9,0.375,0.3625,0.2375
2,TFT,0.05,self,Memory-1(TFT),2000000000055,2.2375,2.2375,0.5375,0.5375,0.375
2,TFT,0.05,self,Memory-1(TFT),2000000000056,2.55,2.4875,0.55,0.5625,0.15
2,TFT,0.05,self,Memory-1(TFT),2000000000057,2.2375,2.2375,0.525,0.525,0.3375
2,TFT,0.05,self,Memory-1(TFT),2000000000058,2.05,1.9875,0.3625,0.375,0.0875
2,TFT,0.05,self,Memory-1(TFT),2000000000059,2.1875,2.125,0.4875,0.5,0.325
2,GTFT(0.1),0.0,common_field,Tit For Tat,2000000000040,3.0,3.0,1.0,1.0,1.0
2,GTFT(0.1),0.0,common_field,Tit For Tat,2000000000041,3.0,3.0,1.0,1.0,1.0
2,GTFT(0.1),0.0,common_field,Tit For Tat,2000000000042,3.0,3.0,1.0,1.0,1.0
2,GTFT(0.1),0.0,common_field,Tit For Tat,2000000000043,3.0,3.0,1.0,1.0,1.0
2,GTFT(0.1),0.0,common_field,Tit For Tat,2000000000044,3.0,3.0,1.0,1.0,1.0
2,GTFT(0.1),0.0,common_field,Tit For Tat,2000000000045,3.0,3.0,1.0,1.0,1.0
2,GTFT(0.1),0.0,common_field,Tit For Tat,2000000000046,3.0,3.0,1.0,1.0,1.0
2,GTFT(0.1),0.0,common_field,Tit For Tat,2000000000047,3.0,3.0,1.0,1.0,1.0
2,GTFT(0.1),0.0,common_field,Tit For Tat,2000000000048,3.0,3.0,1.0,1.0,1.0
2,GTFT(0.1),0.0,common_field,Tit For Tat,2000000000049,3.0,3.0,1.0,1.0,1.0
2,GTFT(0.1),0.0,common_field,Tit For Tat,2000000000050,3.0,3.0,1.0,1.0,1.0
2,GTFT(0.1),0.0,common_field,Tit For Tat,2000000000051,3.0,3.0,1.0,1.0,1.0
2,GTFT(0.1),0.0,common_field,Tit For Tat,2000000000052,3.0,3.0,1.0,1.0,1.0
2,GTFT(0.1),0.0,common_field,Tit For Tat,2000000000053,3.0,3.0,1.0,1.0,1.0
2,GTFT(0.1),0.0,common_field,Tit For Tat,2000000000054,3.0,3.0,1.0,1.0,1.0
2,GTFT(0.1),0.0,common_field,Tit For Tat,2000000000055,3.0,3.0,1.0,1.0,1.0
2,GTFT(0.1),0.0,common_field,Tit For Tat,2000000000056,3.0,3.0,1.0,1.0,1.0
2,GTFT(0.1),0.0,common_field,Tit For Tat,2000000000057,3.0,3.0,1.0,1.0,1.0
2,GTFT(0.1),0.0,common_field,Tit For Tat,2000000000058,3.0,3.0,1.0,1.0,1.0
2,GTFT(0.1),0.0,common_field,Tit For Tat,2000000000059,3.0,3.0,1.0,1.0,1.0
2,GTFT(0.1),0.0,common_field,Always Defect,2000000000040,0.9125,1.35,0.0875,0.0,0.0
2,GTFT(0.1),0.0,common_field,Always Defect,2000000000041,0.8625,1.55,0.1375,0.0,0.0
2,GTFT(0.1),0.0,common_field,Always Defect,2000000000042,0.875,1.5,0.125,0.0,0.0
2,GTFT(0.1),0.0,common_field,Always Defect,2000000000043,0.8875,1.45,0.1125,0.0,0.0
2,GTFT(0.1),0.0,common_field,Always Defect,2000000000044,0.875,1.5,0.125,0.0,0.0
2,GTFT(0.1),0.0,common_field,Always Defect,2000000000045,0.9125,1.35,0.0875,0.0,0.0
2,GTFT(0.1),0.0,common_field,Always Defect,2000000000046,0.9,1.4,0.1,0.0,0.0
2,GTFT(0.1),0.0,common_field,Always Defect,2000000000047,0.9,1.4,0.1,0.0,0.0
2,GTFT(0.1),0.0,common_field,Always Defect,2000000000048,0.9125,1.35,0.0875,0.0,0.0
2,GTFT(0.1),0.0,common_field,Always Defect,2000000000049,0.8625,1.55,0.1375,0.0,0.0
2,GTFT(0.1),0.0,common_field,Always Defect,2000000000050,0.9125,1.35,0.0875,0.0,0.0
2,GTFT(0.1),0.0,common_field,Always Defect,2000000000051,0.8625,1.55,0.1375,0.0,0.0
2,GTFT(0.1),0.0,common_field,Always Defect,2000000000052,0.875,1.5,0.125,0.0,0.0
2,GTFT(0.1),0.0,common_field,Always Defect,2000000000053,0.8875,1.45,0.1125,0.0,0.0
2,GTFT(0.1),0.0,common_field,Always Defect,2000000000054,0.9,1.4,0.1,0.0,0.0
2,GTFT(0.1),0.0,common_field,Always Defect,2000000000055,0.85,1.6,0.15,0.0,0.0
2,GTFT(0.1),0.0,common_field,Always Defect,2000000000056,0.8625,1.55,0.1375,0.0,0.0
2,GTFT(0.1),0.0,common_field,Always Defect,2000000000057,0.9125,1.35,0.0875,0.0,0.0
2,GTFT(0.1),0.0,common_field,Always Defect,2000000000058,0.9125,1.35,0.0875,0.0,0.0
2,GTFT(0.1),0.0,common_field,Always Defect,2000000000059,0.9,1.4,0.1,0.0,0.0
2,GTFT(0.1),0.0,common_field,Grudger,2000000000040,3.0,3.0,1.0,1.0,1.0
2,GTFT(0.1),0.0,common_field,Grudger,2000000000041,3.0,3.0,1.0,1.0,1.0
2,GTFT(0.1),0.0,common_field,Grudger,2000000000042,3.0,3.0,1.0,1.0,1.0
2,GTFT(0.1),0.0,common_field,Grudger,2000000000043,3.0,3.0,1.0,1.0,1.0
2,GTFT(0.1),0.0,common_field,Grudger,2000000000044,3.0,3.0,1.0,1.0,1.0
2,GTFT(0.1),0.0,common_field,Grudger,2000000000045,3.0,3.0,1.0,1.0,1.0
2,GTFT(0.1),0.0,common_field,Grudger,2000000000046,3.0,3.0,1.0,1.0,1.0
2,GTFT(0.1),0.0,common_field,Grudger,2000000000047,3.0,3.0,1.0,1.0,1.0
2,GTFT(0.1),0.0,common_field,Grudger,2000000000048,3.0,3.0,1.0,1.0,1.0
2,GTFT(0.1),0.0,common_field,Grudger,2000000000049,3.0,3.0,1.0,1.0,1.0
2,GTFT(0.1),0.0,common_field,Grudger,2000000000050,3.0,3.0,1.0,1.0,1.0
2,GTFT(0.1),0.0,common_field,Grudger,2000000000051,3.0,3.0,1.0,1.0,1.0
2,GTFT(0.1),0.0,common_field,Grudger,2000000000052,3.0,3.0,1.0,1.0,1.0
2,GTFT(0.1),0.0,common_field,Grudger,2000000000053,3.0,3.0,1.0,1.0,1.0
2,GTFT(0.1),0.0,common_field,Grudger,2000000000054,3.0,3.0,1.0,1.0,1.0
2,GTFT(0.1),0.0,common_field,Grudger,2000000000055,3.0,3.0,1.0,1.0,1.0
2,GTFT(0.1),0.0,common_field,Grudger,2000000000056,3.0,3.0,1.0,1.0,1.0
2,GTFT(0.1),0.0,common_field,Grudger,2000000000057,3.0,3.0,1.0,1.0,1.0
2,GTFT(0.1),0.0,common_field,Grudger,2000000000058,3.0,3.0,1.0,1.0,1.0
2,GTFT(0.1),0.0,common_field,Grudger,2000000000059,3.0,3.0,1.0,1.0,1.0
2,GTFT(0.1),0.0,common_field,Joss (0.9),2000000000040,2.3125,2.5,0.6125,0.575,0.375
2,GTFT(0.1),0.0,common_field,Joss (0.9),2000000000041,2.875,3.0,0.95,0.925,0.875
2,GTFT(0.1),0.0,common_field,Joss (0.9),2000000000042,2.35,2.6,0.625,0.575,0.325
2,GTFT(0.1),0.0,common_field,Joss (0.9),2000000000043,2.4,2.7125,0.6625,0.6,0.3375
2,GTFT(0.1),0.0,common_field,Joss (0.9),2000000000044,2.0875,2.4625,0.575,0.5,0.3375
2,GTFT(0.1),0.0,common_field,Joss (0.9),2000000000045,1.6,1.7875,0.2875,0.25,0.1125
2,GTFT(0.1),0.0,common_field,Joss (0.9),2000000000046,2.2125,2.525,0.5625,0.5,0.225
2,GTFT(0.1),0.0,common_field,Joss (0.9),2000000000047,1.9875,2.3,0.475,0.4125,0.1875
2,GTFT(0.1),0.0,common_field,Joss (0.9),2000000000048,2.5,2.6875,0.7125,0.675,0.4875
2,GTFT(0.1),0.0,common_field,Joss (0.9),2000000000049,2.5625,2.8125,0.725,0.675,0.4125
2,GTFT(0.1),0.0,common_field,Joss (0.9),2000000000050,2.725,2.85,0.8,0.775,0.575
2,GTFT(0.1),0.0,common_field,Joss (0.9),2000000000051,2.675,2.8625,0.7875,0.75,0.5375
2,GTFT(0.1),0.0,common_field,Joss (0.9),2000000000052,2.45,2.6375,0.6125,0.575,0.2375
2,GTFT(0.1),0.0,common_field,Joss (0.9),2000000000053,2.275,2.525,0.5375,0.4875,0.1375
2,GTFT(0.1),0.0,common_field,Joss (0.9),2000000000054,2.3375,2.65,0.725,0.6625,0.5875
2,GTFT(0.1),0.0,common_field,Joss (0.9),2000000000055,2.4875,2.8,0.7,0.6375,0.3625
2,GTFT(0.1),0.0,common_field,Joss (0.9),2000000000056,2.05,2.425,0.4875,0.4125,0.1125
2,GTFT(0.1),0.0,common_field,Joss (0.9),2000000000057,1.9375,2.25,0.45,0.3875,0.1625
2,GTFT(0.1),0.0,common_field,Joss (0.9),2000000000058,2.3125,2.5625,0.625,0.575,0.3625
2,GTFT(0.1),0.0,common_field,Joss (0.9),2000000000059,2.075,2.3875,0.5125,0.45,0.2125
2,GTFT(0.1),0.0,common_field,Random (0.5),2000000000040,2.1,2.225,0.4625,0.4375,0.1875
2,GTFT(0.1),0.0,common_field,Random (0.5),2000000000041,2.3125,2.5,0.5875,0.55,0.3
2,GTFT(0.1),0.0,common_field,Random (0.5),2000000000042,2.1,2.5375,0.5875,0.5,0.3125
2,GTFT(0.1),0.0,common_field,Random (0.5),2000000000043,2.3125,2.5625,0.6375,0.5875,0.4
2,GTFT(0.1),0.0,common_field,Random (0.5),2000000000044,2.15,2.525,0.5625,0.4875,0.2375
2,GTFT(0.1),0.0,common_field,Random (0.5),2000000000045,2.225,2.35,0.525,0.5,0.25
2,GTFT(0.1),0.0,common_field,Random (0.5),2000000000046,2.3125,2.5,0.5875,0.55,0.3
2,GTFT(0.1),0.0,common_field,Random (0.5),2000000000047,2.0375,2.35,0.4875,0.425,0.175
2,GTFT(0.1),0.0,common_field,Random (0.5),2000000000048,2.15,2.2125,0.4875,0.475,0.2625
2,GTFT(0.1),0.0,common_field,Random (0.5),2000000000049,2.05,2.2375,0.4625,0.425,0.1875
2,GTFT(0.1),0.0,common_field,Random (0.5),2000000000050,2.4125,2.5375,0.6125,0.5875,0.325
2,GTFT(0.1),0.0,common_field,Random (0.5),2000000000051,2.375,2.5625,0.625,0.5875,0.35
2,GTFT(0.1),0.0,common_field,Random (0.5),2000000000052,2.2375,2.55,0.625,0.5625,0.3875
2,GTFT(0.1),0.0,common_field,Random (0.5),2000000000053,2.275,2.525,0.5875,0.5375,0.2875
2,GTFT(0.1),0.0,common_field,Random (0.5),2000000000054,2.175,2.4875,0.6,0.5375,0.375
2,GTFT(0.1),0.0,common_field,Random (0.5),2000000000055,2.25,2.75,0.675,0.575,0.375
2,GTFT(0.1),0.0,common_field,Random (0.5),2000000000056,2.0,2.375,0.525,0.45,0.275
2,GTFT(0.1),0.0,common_field,Random (0.5),2000000000057,2.1125,2.425,0.5375,0.475,0.25
2,GTFT(0.1),0.0,common_field,Random (0.5),2000000000058,2.0875,2.275,0.4875,0.45,0.225
2,GTFT(0.1),0.0,common_field,Random (0.5),2000000000059,2.1125,2.425,0.5375,0.475,0.25
2,GTFT(0.1),0.0,common_field,Tester,2000000000040,0.95,1.325,0.0875,0.0125,0.0125
2,GTFT(0.1),0.0,common_field,Tester,2000000000041,0.8875,1.575,0.15,0.0125,0.0125
2,GTFT(0.1),0.0,common_field,Tester,2000000000042,0.9,1.525,0.1375,0.0125,0.0125
2,GTFT(0.1),0.0,common_field,Tester,2000000000043,0.9125,1.475,0.125,0.0125,0.0125
2,GTFT(0.1),0.0,common_field,Tester,2000000000044,0.9,1.525,0.1375,0.0125,0.0125
2,GTFT(0.1),0.0,common_field,Tester,2000000000045,0.9375,1.375,0.1,0.0125,0.0125
2,GTFT(0.1),0.0,common_field,Tester,2000000000046,0.925,1.425,0.1125,0.0125,0.0125
2,GTFT(0.1),0.0,common_field,Tester,2000000000047,0.925,1.425,0.1125,0.0125,0.0125
2,GTFT(0.1),0.0,common_field,Tester,2000000000048,0.9375,1.375,0.1,0.0125,0.0125
2,GTFT(0.1),0.0,common_field,Tester,2000000000049,0.8875,1.575,0.15,0.0125,0.0125
2,GTFT(0.1),0.0,common_field,Tester,2000000000050,0.9375,1.375,0.1,0.0125,0.0125
2,GTFT(0.1),0.0,common_field,Tester,2000000000051,0.8875,1.575,0.15,0.0125,0.0125
2,GTFT(0.1),0.0,common_field,Tester,2000000000052,0.9,1.525,0.1375,0.0125,0.0125
2,GTFT(0.1),0.0,common_field,Tester,2000000000053,0.9125,1.475,0.125,0.0125,0.0125
2,GTFT(0.1),0.0,common_field,Tester,2000000000054,0.925,1.425,0.1125,0.0125,0.0125
2,GTFT(0.1),0.0,common_field,Tester,2000000000055,0.875,1.625,0.1625,0.0125,0.0125
2,GTFT(0.1),0.0,common_field,Tester,2000000000056,0.8875,1.575,0.15,0.0125,0.0125
2,GTFT(0.1),0.0,common_field,Tester,2000000000057,0.9375,1.375,0.1,0.0125,0.0125
2,GTFT(0.1),0.0,common_field,Tester,2000000000058,0.95,1.325,0.0875,0.0125,0.0125
2,GTFT(0.1),0.0,common_field,Tester,2000000000059,0.925,1.425,0.1125,0.0125,0.0125
2,GTFT(0.1),0.0,common_field,Pavlov (Win-Stay Lose-Shift),2000000000040,3.0,3.0,1.0,1.0,1.0
2,GTFT(0.1),0.0,common_field,Pavlov (Win-Stay Lose-Shift),2000000000041,3.0,3.0,1.0,1.0,1.0
2,GTFT(0.1),0.0,common_field,Pavlov (Win-Stay Lose-Shift),2000000000042,3.0,3.0,1.0,1.0,1.0
2,GTFT(0.1),0.0,common_field,Pavlov (Win-Stay Lose-Shift),2000000000043,3.0,3.0,1.0,1.0,1.0
2,GTFT(0.1),0.0,common_field,Pavlov (Win-Stay Lose-Shift),2000000000044,3.0,3.0,1.0,1.0,1.0
2,GTFT(0.1),0.0,common_field,Pavlov (Win-Stay Lose-Shift),2000000000045,3.0,3.0,1.0,1.0,1.0
2,GTFT(0.1),0.0,common_field,Pavlov (Win-Stay Lose-Shift),2000000000046,3.0,3.0,1.0,1.0,1.0
2,GTFT(0.1),0.0,common_field,Pavlov (Win-Stay Lose-Shift),2000000000047,3.0,3.0,1.0,1.0,1.0
2,GTFT(0.1),0.0,common_field,Pavlov (Win-Stay Lose-Shift),2000000000048,3.0,3.0,1.0,1.0,1.0
2,GTFT(0.1),0.0,common_field,Pavlov (Win-Stay Lose-Shift),2000000000049,3.0,3.0,1.0,1.0,1.0
2,GTFT(0.1),0.0,common_field,Pavlov (Win-Stay Lose-Shift),2000000000050,3.0,3.0,1.0,1.0,1.0
2,GTFT(0.1),0.0,common_field,Pavlov (Win-Stay Lose-Shift),2000000000051,3.0,3.0,1.0,1.0,1.0
2,GTFT(0.1),0.0,common_field,Pavlov (Win-Stay Lose-Shift),2000000000052,3.0,3.0,1.0,1.0,1.0
2,GTFT(0.1),0.0,common_field,Pavlov (Win-Stay Lose-Shift),2000000000053,3.0,3.0,1.0,1.0,1.0
2,GTFT(0.1),0.0,common_field,Pavlov (Win-Stay Lose-Shift),2000000000054,3.0,3.0,1.0,1.0,1.0
2,GTFT(0.1),0.0,common_field,Pavlov (Win-Stay Lose-Shift),2000000000055,3.0,3.0,1.0,1.0,1.0
2,GTFT(0.1),0.0,common_field,Pavlov (Win-Stay Lose-Shift),2000000000056,3.0,3.0,1.0,1.0,1.0
2,GTFT(0.1),0.0,common_field,Pavlov (Win-Stay Lose-Shift),2000000000057,3.0,3.0,1.0,1.0,1.0
2,GTFT(0.1),0.0,common_field,Pavlov (Win-Stay Lose-Shift),2000000000058,3.0,3.0,1.0,1.0,1.0
2,GTFT(0.1),0.0,common_field,Pavlov (Win-Stay Lose-Shift),2000000000059,3.0,3.0,1.0,1.0,1.0
2,GTFT(0.1),0.0,ALLC,Memory-1(ALLC),2000000000040,3.0,3.0,1.0,1.0,1.0
2,GTFT(0.1),0.0,ALLC,Memory-1(ALLC),2000000000041,3.0,3.0,1.0,1.0,1.0
2,GTFT(0.1),0.0,ALLC,Memory-1(ALLC),2000000000042,3.0,3.0,1.0,1.0,1.0
2,GTFT(0.1),0.0,ALLC,Memory-1(ALLC),2000000000043,3.0,3.0,1.0,1.0,1.0
2,GTFT(0.1),0.0,ALLC,Memory-1(ALLC),2000000000044,3.0,3.0,1.0,1.0,1.0
2,GTFT(0.1),0.0,ALLC,Memory-1(ALLC),2000000000045,3.0,3.0,1.0,1.0,1.0
2,GTFT(0.1),0.0,ALLC,Memory-1(ALLC),2000000000046,3.0,3.0,1.0,1.0,1.0
2,GTFT(0.1),0.0,ALLC,Memory-1(ALLC),2000000000047,3.0,3.0,1.0,1.0,1.0
2,GTFT(0.1),0.0,ALLC,Memory-1(ALLC),2000000000048,3.0,3.0,1.0,1.0,1.0
2,GTFT(0.1),0.0,ALLC,Memory-1(ALLC),2000000000049,3.0,3.0,1.0,1.0,1.0
2,GTFT(0.1),0.0,ALLC,Memory-1(ALLC),2000000000050,3.0,3.0,1.0,1.0,1.0
2,GTFT(0.1),0.0,ALLC,Memory-1(ALLC),2000000000051,3.0,3.0,1.0,1.0,1.0
2,GTFT(0.1),0.0,ALLC,Memory-1(ALLC),2000000000052,3.0,3.0,1.0,1.0,1.0
2,GTFT(0.1),0.0,ALLC,Memory-1(ALLC),2000000000053,3.0,3.0,1.0,1.0,1.0
2,GTFT(0.1),0.0,ALLC,Memory-1(ALLC),2000000000054,3.0,3.0,1.0,1.0,1.0
2,GTFT(0.1),0.0,ALLC,Memory-1(ALLC),2000000000055,3.0,3.0,1.0,1.0,1.0
2,GTFT(0.1),0.0,ALLC,Memory-1(ALLC),2000000000056,3.0,3.0,1.0,1.0,1.0
2,GTFT(0.1),0.0,ALLC,Memory-1(ALLC),2000000000057,3.0,3.0,1.0,1.0,1.0
2,GTFT(0.1),0.0,ALLC,Memory-1(ALLC),2000000000058,3.0,3.0,1.0,1.0,1.0
2,GTFT(0.1),0.0,ALLC,Memory-1(ALLC),2000000000059,3.0,3.0,1.0,1.0,1.0
2,GTFT(0.1),0.0,self,Memory-1(GTFT 0.1),2000000000040,3.0,3.0,1.0,1.0,1.0
2,GTFT(0.1),0.0,self,Memory-1(GTFT 0.1),2000000000041,3.0,3.0,1.0,1.0,1.0
2,GTFT(0.1),0.0,self,Memory-1(GTFT 0.1),2000000000042,3.0,3.0,1.0,1.0,1.0
2,GTFT(0.1),0.0,self,Memory-1(GTFT 0.1),2000000000043,3.0,3.0,1.0,1.0,1.0
2,GTFT(0.1),0.0,self,Memory-1(GTFT 0.1),2000000000044,3.0,3.0,1.0,1.0,1.0
2,GTFT(0.1),0.0,self,Memory-1(GTFT 0.1),2000000000045,3.0,3.0,1.0,1.0,1.0
2,GTFT(0.1),0.0,self,Memory-1(GTFT 0.1),2000000000046,3.0,3.0,1.0,1.0,1.0
2,GTFT(0.1),0.0,self,Memory-1(GTFT 0.1),2000000000047,3.0,3.0,1.0,1.0,1.0
2,GTFT(0.1),0.0,self,Memory-1(GTFT 0.1),2000000000048,3.0,3.0,1.0,1.0,1.0
2,GTFT(0.1),0.0,self,Memory-1(GTFT 0.1),2000000000049,3.0,3.0,1.0,1.0,1.0
2,GTFT(0.1),0.0,self,Memory-1(GTFT 0.1),2000000000050,3.0,3.0,1.0,1.0,1.0
2,GTFT(0.1),0.0,self,Memory-1(GTFT 0.1),2000000000051,3.0,3.0,1.0,1.0,1.0
2,GTFT(0.1),0.0,self,Memory-1(GTFT 0.1),2000000000052,3.0,3.0,1.0,1.0,1.0
2,GTFT(0.1),0.0,self,Memory-1(GTFT 0.1),2000000000053,3.0,3.0,1.0,1.0,1.0
2,GTFT(0.1),0.0,self,Memory-1(GTFT 0.1),2000000000054,3.0,3.0,1.0,1.0,1.0
2,GTFT(0.1),0.0,self,Memory-1(GTFT 0.1),2000000000055,3.0,3.0,1.0,1.0,1.0
2,GTFT(0.1),0.0,self,Memory-1(GTFT 0.1),2000000000056,3.0,3.0,1.0,1.0,1.0
2,GTFT(0.1),0.0,self,Memory-1(GTFT 0.1),2000000000057,3.0,3.0,1.0,1.0,1.0
2,GTFT(0.1),0.0,self,Memory-1(GTFT 0.1),2000000000058,3.0,3.0,1.0,1.0,1.0
2,GTFT(0.1),0.0,self,Memory-1(GTFT 0.1),2000000000059,3.0,3.0,1.0,1.0,1.0
2,GTFT(0.1),0.05,common_field,Tit For Tat,2000000000040,2.8875,2.8875,0.8875,0.8875,0.775
2,GTFT(0.1),0.05,common_field,Tit For Tat,2000000000041,2.3875,2.5125,0.5625,0.5375,0.2
2,GTFT(0.1),0.05,common_field,Tit For Tat,2000000000042,2.2875,2.1625,0.45,0.475,0.1625
2,GTFT(0.1),0.05,common_field,Tit For Tat,2000000000043,2.925,2.8625,0.8875,0.9,0.7875
2,GTFT(0.1),0.05,common_field,Tit For Tat,2000000000044,2.65,2.7125,0.775,0.7625,0.625
2,GTFT(0.1),0.05,common_field,Tit For Tat,2000000000045,2.5875,2.5875,0.6625,0.6625,0.4
2,GTFT(0.1),0.05,common_field,Tit For Tat,2000000000046,2.7375,2.8,0.775,0.7625,0.5375
2,GTFT(0.1),0.05,common_field,Tit For Tat,2000000000047,2.75,2.6875,0.775,0.7875,0.625
2,GTFT(0.1),0.05,common_field,Tit For Tat,2000000000048,2.6375,2.575,0.675,0.6875,0.4375
2,GTFT(0.1),0.05,common_field,Tit For Tat,2000000000049,2.6125,2.675,0.7125,0.7,0.475
2,GTFT(0.1),0.05,common_field,Tit For Tat,2000000000050,2.45,2.575,0.7,0.675,0.55
2,GTFT(0.1),0.05,common_field,Tit For Tat,2000000000051,2.2,2.45,0.5375,0.4875,0.2125
2,GTFT(0.1),0.05,common_field,Tit For Tat,2000000000052,2.1625,2.4125,0.5625,0.5125,0.325
2,GTFT(0.1),0.05,common_field,Tit For Tat,2000000000053,2.4875,2.675,0.7125,0.675,0.5
2,GTFT(0.1),0.05,common_field,Tit For Tat,2000000000054,2.1125,2.55,0.5625,0.475,0.225
2,GTFT(0.1),0.05,common_field,Tit For Tat,2000000000055,2.625,2.8125,0.8,0.7625,0.625
2,GTFT(0.1),0.05,common_field,Tit For Tat,2000000000056,2.4125,2.6,0.625,0.5875,0.3125
2,GTFT(0.1),0.05,common_field,Tit For Tat,2000000000057,2.3125,2.5,0.55,0.5125,0.1875
2,GTFT(0.1),0.05,common_field,Tit For Tat,2000000000058,2.6125,2.6125,0.6875,0.6875,0.45
2,GTFT(0.1),0.05,common_field,Tit For Tat,2000000000059,2.575,2.7,0.7125,0.6875,0.4625
2,GTFT(0.1),0.05,common_field,Always Defect,2000000000040,1.0375,1.6,0.1625,0.05,0.0
2,GTFT(0.1),0.05,common_field,Always Defect,2000000000041,1.075,1.6375,0.175,0.0625,0.0
2,GTFT(0.1),0.05,common_field,Always Defect,2000000000042,0.9375,1.6875,0.1875,0.0375,0.025
2,GTFT(0.1),0.05,common_field,Always Defect,2000000000043,1.0,1.875,0.2375,0.0625,0.0125
2,GTFT(0.1),0.05,common_field,Always Defect,2000000000044,0.975,1.9125,0.25,0.0625,0.025
2,GTFT(0.1),0.05,common_field,Always Defect,2000000000045,0.95,1.5125,0.1375,0.025,0.0125
2,GTFT(0.1),0.05,common_field,Always Defect,2000000000046,0.9625,1.65,0.175,0.0375,0.0125
2,GTFT(0.1),0.05,common_field,Always Defect,2000000000047,0.9625,1.65,0.175,0.0375,0.0125
2,GTFT(0.1),0.05,common_field,Always Defect,2000000000048,1.025,1.5875,0.1625,0.05,0.0125
2,GTFT(0.1),0.05,common_field,Always Defect,2000000000049,0.9,1.5875,0.15,0.0125,0.0
2,GTFT(0.1),0.05,common_field,Always Defect,2000000000050,1.075,1.5125,0.15,0.0625,0.025
2,GTFT(0.1),0.05,common_field,Always Defect,2000000000051,0.9875,1.675,0.1875,0.05,0.025
2,GTFT(0.1),0.05,common_field,Always Defect,2000000000052,1.1375,1.7625,0.225,0.1,0.0375
2,GTFT(0.1),0.05,common_field,Always Defect,2000000000053,0.975,1.975,0.2625,0.0625,0.0125
2,GTFT(0.1),0.05,common_field,Always Defect,2000000000054,1.0625,2.0,0.275,0.0875,0.0125
2,GTFT(0.1),0.05,common_field,Always Defect,2000000000055,0.925,2.175,0.3125,0.0625,0.0125
2,GTFT(0.1),0.05,common_field,Always Defect,2000000000056,1.025,1.65,0.175,0.05,0.0
2,GTFT(0.1),0.05,common_field,Always Defect,2000000000057,1.0125,1.825,0.225,0.0625,0.0125
2,GTFT(0.1),0.05,common_field,Always Defect,2000000000058,1.0375,1.4125,0.1125,0.0375,0.0
2,GTFT(0.1),0.05,common_field,Always Defect,2000000000059,0.975,1.7875,0.2125,0.05,0.0125
2,GTFT(0.1),0.05,common_field,Grudger,2000000000040,1.2,1.6375,0.2,0.1125,0.05
2,GTFT(0.1),0.05,common_field,Grudger,2000000000041,1.2125,1.65,0.2,0.1125,0.0375
2,GTFT(0.1),0.05,common_field,Grudger,2000000000042,1.175,1.8,0.2625,0.1375,0.1125
2,GTFT(0.1),0.05,common_field,Grudger,2000000000043,1.275,1.8375,0.275,0.1625,0.1
2,GTFT(0.1),0.05,common_field,Grudger,2000000000044,1.125,2.0,0.3,0.125,0.075
2,GTFT(0.1),0.05,common_field,Grudger,2000000000045,1.0625,1.5,0.15,0.0625,0.0375
2,GTFT(0.1),0.05,common_field,Grudger,2000000000046,1.175,1.7375,0.2375,0.125,0.0875
2,GTFT(0.1),0.05,common_field,Grudger,2000000000047,1.3375,1.8375,0.3,0.2,0.1625
2,GTFT(0.1),0.05,common_field,Grudger,2000000000048,1.5375,1.85,0.3375,0.275,0.225
2,GTFT(0.1),0.05,common_field,Grudger,2000000000049,1.3125,1.75,0.275,0.1875,0.1625
2,GTFT(0.1),0.05,common_field,Grudger,2000000000050,1.0875,1.525,0.15,0.0625,0.0125
2,GTFT(0.1),0.05,common_field,Grudger,2000000000051,1.15,1.7125,0.225,0.1125,0.075
2,GTFT(0.1),0.05,common_field,Grudger,2000000000052,1.1875,1.8125,0.25,0.125,0.0625
2,GTFT(0.1),0.05,common_field,Grudger,2000000000053,1.45,2.1375,0.4,0.2625,0.2
2,GTFT(0.1),0.05,common_field,Grudger,2000000000054,1.1625,2.1,0.325,0.1375,0.0625
2,GTFT(0.1),0.05,common_field,Grudger,2000000000055,1.225,2.2875,0.4,0.1875,0.125
2,GTFT(0.1),0.05,common_field,Grudger,2000000000056,1.25,1.6875,0.225,0.1375,0.075
2,GTFT(0.1),0.05,common_field,Grudger,2000000000057,1.05,1.8,0.225,0.075,0.025
2,GTFT(0.1),0.05,common_field,Grudger,2000000000058,1.075,1.45,0.125,0.05,0.0
2,GTFT(0.1),0.05,common_field,Grudger,2000000000059,1.3,1.925,0.3125,0.1875,0.1375
2,GTFT(0.1),0.05,common_field,Joss (0.9),2000000000040,1.9875,2.3625,0.525,0.45,0.2875
2,GTFT(0.1),0.05,common_field,Joss (0.9),2000000000041,1.7375,1.9875,0.3625,0.3125,0.15
2,GTFT(0.1),0.05,common_field,Joss (0.9),2000000000042,2.425,2.4875,0.6125,0.6,0.3625
2,GTFT(0.1),0.05,common_field,Joss (0.9),2000000000043,2.4875,2.675,0.6625,0.625,0.35
2,GTFT(0.1),0.05,common_field,Joss (0.9),2000000000044,2.4875,2.7375,0.775,0.725,0.6375
2,GTFT(0.1),0.05,common_field,Joss (0.9),2000000000045,1.925,1.9875,0.35,0.3375,0.075
2,GTFT(0.1),0.05,common_field,Joss (0.9),2000000000046,2.15,2.4,0.5125,0.4625,0.1875
2,GTFT(0.1),0.05,common_field,Joss (0.9),2000000000047,2.05,2.3625,0.525,0.4625,0.275
2,GTFT(0.1),0.05,common_field,Joss (0.9),2000000000048,2.0375,2.35,0.5,0.4375,0.2125
2,GTFT(0.1),0.05,common_field,Joss (0.9),2000000000049,2.1875,2.375,0.5875,0.55,0.425
2,GTFT(0.1),0.05,common_field,Joss (0.9),2000000000050,2.0625,2.3125,0.475,0.425,0.1625
2,GTFT(0.1),0.05,common_field,Joss (0.9),2000000000051,2.575,2.6375,0.6625,0.65,0.3625
2,GTFT(0.1),0.05,common_field,Joss (0.9),2000000000052,2.1875,2.4375,0.525,0.475,0.1875
2,GTFT(0.1),0.05,common_field,Joss (0.9),2000000000053,2.4625,2.5875,0.7125,0.6875,0.575
2,GTFT(0.1),0.05,common_field,Joss (0.9),2000000000054,2.025,2.4625,0.525,0.4375,0.2
2,GTFT(0.1),0.05,common_field,Joss (0.9),2000000000055,2.45,2.7,0.7,0.65,0.45
2,GTFT(0.1),0.05,common_field,Joss (0.9),2000000000056,2.575,2.7,0.7125,0.6875,0.4625
2,GTFT(0.1),0.05,common_field,Joss (0.9),2000000000057,1.9,2.3375,0.475,0.3875,0.175
2,GTFT(0.1),0.05,common_field,Joss (0.9),2000000000058,1.775,2.0875,0.3625,0.3,0.0625
2,GTFT(0.1),0.05,common_field,Joss (0.9),2000000000059,2.375,2.625,0.625,0.575,0.3
2,GTFT(0.1),0.05,common_field,Random (0.5),2000000000040,2.1375,2.2625,0.4875,0.4625,0.225
2,GTFT(0.1),0.05,common_field,Random (0.5),2000000000041,2.375,2.3125,0.525,0.5375,0.25
2,GTFT(0.1),0.05,common_field,Random (0.5),2000000000042,2.35,2.35,0.55,0.55,0.3
2,GTFT(0.1),0.05,common_field,Random (0.5),2000000000043,2.1625,2.5375,0.5875,0.5125,0.3
2,GTFT(0.1),0.05,common_field,Random (0.5),2000000000044,2.0125,2.3875,0.5375,0.4625,0.3
2,GTFT(0.1),0.05,common_field,Random (0.5),2000000000045,2.35,2.225,0.5,0.525,0.25
2,GTFT(0.1),0.05,common_field,Random (0.5),2000000000046,2.1875,2.4375,0.5625,0.5125,0.3
2,GTFT(0.1),0.05,common_field,Random (0.5),2000000000047,2.1125,2.4875,0.55,0.475,0.2375
2,GTFT(0.1),0.05,common_field,Random (0.5),2000000000048,2.2375,2.3,0.5,0.4875,0.2125
2,GTFT(0.1),0.05,common_field,Random (0.5),2000000000049,2.15,2.4625,0.525,0.4625,0.175
2,GTFT(0.1),0.05,common_field,Random (0.5),2000000000050,2.2125,2.275,0.525,0.5125,0.3125
2,GTFT(0.1),0.05,common_field,Random (0.5),2000000000051,2.175,2.425,0.575,0.525,0.35
2,GTFT(0.1),0.05,common_field,Random (0.5),2000000000052,2.4,2.4625,0.5875,0.575,0.3125
2,GTFT(0.1),0.05,common_field,Random (0.5),2000000000053,2.4375,2.5625,0.65,0.625,0.4125
2,GTFT(0.1),0.05,common_field,Random (0.5),2000000000054,2.1875,2.5625,0.625,0.55,0.3875
2,GTFT(0.1),0.05,common_field,Random (0.5),2000000000055,2.2625,2.6375,0.65,0.575,0.3875
2,GTFT(0.1),0.05,common_field,Random (0.5),2000000000056,2.2125,2.4625,0.575,0.525,0.3125
2,GTFT(0.1),0.05,common_field,Random (0.5),2000000000057,2.0,2.1875,0.4375,0.4,0.1625
2,GTFT(0.1),0.05,common_field,Random (0.5),2000000000058,2.2,2.1375,0.4625,0.475,0.2375
2,GTFT(0.1),0.05,common_field,Random (0.5),2000000000059,2.225,2.725,0.65,0.55,0.325
2,GTFT(0.1),0.05,common_field,Tester,2000000000040,1.0625,1.625,0.175,0.0625,0.0125
2,GTFT(0.1),0.05,common_field,Tester,2000000000041,1.1,1.6625,0.1875,0.075,0.0125
2,GTFT(0.1),0.05,common_field,Tester,2000000000042,0.9625,1.7125,0.2,0.05,0.0375
2,GTFT(0.1),0.05,common_field,Tester,2000000000043,1.0375,1.85,0.2375,0.075,0.025
2,GTFT(0.1),0.05,common_field,Tester,2000000000044,1.0,1.9375,0.2625,0.075,0.0375
2,GTFT(0.1),0.05,common_field,Tester,2000000000045,0.975,1.5375,0.15,0.0375,0.025
2,GTFT(0.1),0.05,common_field,Tester,2000000000046,0.9875,1.675,0.1875,0.05,0.025
2,GTFT(0.1),0.05,common_field,Tester,2000000000047,0.9875,1.675,0.1875,0.05,0.025
2,GTFT(0.1),0.05,common_field,Tester,2000000000048,1.05,1.6125,0.175,0.0625,0.025
2,GTFT(0.1),0.05,common_field,Tester,2000000000049,0.925,1.6125,0.1625,0.025,0.0125
2,GTFT(0.1),0.05,common_field,Tester,2000000000050,2.6,2.725,0.775,0.75,0.625
2,GTFT(0.1),0.05,common_field,Tester,2000000000051,1.0125,1.7,0.2,0.0625,0.0375
2,GTFT(0.1),0.05,common_field,Tester,2000000000052,1.1625,1.7875,0.2375,0.1125,0.05
2,GTFT(0.1),0.05,common_field,Tester,2000000000053,1.0125,1.95,0.2625,0.075,0.025
2,GTFT(0.1),0.05,common_field,Tester,2000000000054,1.0875,2.025,0.2875,0.1,0.025
2,GTFT(0.1),0.05,common_field,Tester,2000000000055,0.95,2.2,0.325,0.075,0.025
2,GTFT(0.1),0.05,common_field,Tester,2000000000056,1.05,1.675,0.1875,0.0625,0.0125
2,GTFT(0.1),0.05,common_field,Tester,2000000000057,1.025,1.8375,0.2375,0.075,0.0375
2,GTFT(0.1),0.05,common_field,Tester,2000000000058,1.075,1.45,0.125,0.05,0.0
2,GTFT(0.1),0.05,common_field,Tester,2000000000059,1.0,1.8125,0.225,0.0625,0.025
2,GTFT(0.1),0.05,common_field,Pavlov (Win-Stay Lose-Shift),2000000000040,2.1875,2.375,0.55,0.5125,0.3125
2,GTFT(0.1),0.05,common_field,Pavlov (Win-Stay Lose-Shift),2000000000041,2.175,2.3625,0.525,0.4875,0.25
2,GTFT(0.1),0.05,common_field,Pavlov (Win-Stay Lose-Shift),2000000000042,2.4375,2.5625,0.6625,0.6375,0.45
2,GTFT(0.1),0.05,common_field,Pavlov (Win-Stay Lose-Shift),2000000000043,2.1,2.225,0.45,0.425,0.15
2,GTFT(0.1),0.05,common_field,Pavlov (Win-Stay Lose-Shift),2000000000044,2.2,2.45,0.5875,0.5375,0.3625
2,GTFT(0.1),0.05,common_field,Pavlov (Win-Stay Lose-Shift),2000000000045,2.15,2.2125,0.45,0.4375,0.15
2,GTFT(0.1),0.05,common_field,Pavlov (Win-Stay Lose-Shift),2000000000046,2.325,2.325,0.55,0.55,0.325
2,GTFT(0.1),0.05,common_field,Pavlov (Win-Stay Lose-Shift),2000000000047,2.175,2.425,0.5625,0.5125,0.3125
2,GTFT(0.1),0.05,common_field,Pavlov (Win-Stay Lose-Shift),2000000000048,2.575,2.575,0.725,0.725,0.6
2,GTFT(0.1),0.05,common_field,Pavlov (Win-Stay Lose-Shift),2000000000049,2.4125,2.35,0.5875,0.6,0.4
2,GTFT(0.1),0.05,common_field,Pavlov (Win-Stay Lose-Shift),2000000000050,2.7375,2.7375,0.825,0.825,0.7375
2,GTFT(0.1),0.05,common_field,Pavlov (Win-Stay Lose-Shift),2000000000051,2.4625,2.4,0.6125,0.625,0.425
2,GTFT(0.1),0.05,common_field,Pavlov (Win-Stay Lose-Shift),2000000000052,2.3,2.4875,0.6125,0.575,0.3875
2,GTFT(0.1),0.05,common_field,Pavlov (Win-Stay Lose-Shift),2000000000053,2.4625,2.65,0.725,0.6875,0.5625
2,GTFT(0.1),0.05,common_field,Pavlov (Win-Stay Lose-Shift),2000000000054,2.2625,2.325,0.55,0.5375,0.3375
2,GTFT(0.1),0.05,common_field,Pavlov (Win-Stay Lose-Shift),2000000000055,2.425,2.6125,0.6875,0.65,0.4875
2,GTFT(0.1),0.05,common_field,Pavlov (Win-Stay Lose-Shift),2000000000056,2.1125,2.425,0.5375,0.475,0.25
2,GTFT(0.1),0.05,common_field,Pavlov (Win-Stay Lose-Shift),2000000000057,2.2,2.575,0.6375,0.5625,0.4125
2,GTFT(0.1),0.05,common_field,Pavlov (Win-Stay Lose-Shift),2000000000058,2.25,2.375,0.5625,0.5375,0.3375
2,GTFT(0.1),0.05,common_field,Pavlov (Win-Stay Lose-Shift),2000000000059,2.1625,2.475,0.575,0.5125,0.3125
2,GTFT(0.1),0.05,ALLC,Memory-1(ALLC),2000000000040,2.9,3.025,0.975,0.95,0.925
2,GTFT(0.1),0.05,ALLC,Memory-1(ALLC),2000000000041,3.0125,2.7625,0.8625,0.9125,0.775
2,GTFT(0.1),0.05,ALLC,Memory-1(ALLC),2000000000042,3.1375,2.7,0.8875,0.975,0.875
2,GTFT(0.1),0.05,ALLC,Memory-1(ALLC),2000000000043,3.0,2.875,0.925,0.95,0.875
2,GTFT(0.1),0.05,ALLC,Memory-1(ALLC),2000000000044,3.025,2.775,0.875,0.925,0.8
2,GTFT(0.1),0.05,ALLC,Memory-1(ALLC),2000000000045,2.9625,2.775,0.875,0.9125,0.8125
2,GTFT(0.1),0.05,ALLC,Memory-1(ALLC),2000000000046,3.15,2.7125,0.8875,0.975,0.8625
2,GTFT(0.1),0.05,ALLC,Memory-1(ALLC),2000000000047,2.9875,2.925,0.95,0.9625,0.9125
2,GTFT(0.1),0.05,ALLC,Memory-1(ALLC),2000000000048,3.025,2.8375,0.9125,0.95,0.8625
2,GTFT(0.1),0.05,ALLC,Memory-1(ALLC),2000000000049,3.075,2.825,0.925,0.975,0.9
2,GTFT(0.1),0.05,ALLC,Memory-1(ALLC),2000000000050,2.9875,2.8625,0.925,0.95,0.8875
2,GTFT(0.1),0.05,ALLC,Memory-1(ALLC),2000000000051,3.0375,2.7875,0.9,0.95,0.8625
2,GTFT(0.1),0.05,ALLC,Memory-1(ALLC),2000000000052,3.025,2.8375,0.925,0.9625,0.9
2,GTFT(0.1),0.05,ALLC,Memory-1(ALLC),2000000000053,3.0125,2.825,0.9,0.9375,0.8375
2,GTFT(0.1),0.05,ALLC,Memory-1(ALLC),2000000000054,3.0125,2.7625,0.875,0.925,0.8125
2,GTFT(0.1),0.05,ALLC,Memory-1(ALLC),2000000000055,3.1125,2.7375,0.8875,0.9625,0.85
2,GTFT(0.1),0.05,ALLC,Memory-1(ALLC),2000000000056,3.0,2.8125,0.9125,0.95,0.8875
2,GTFT(0.1),0.05,ALLC,Memory-1(ALLC),2000000000057,3.0,2.8125,0.8875,0.925,0.8125
2,GTFT(0.1),0.05,ALLC,Memory-1(ALLC),2000000000058,3.0875,2.7125,0.875,0.95,0.8375
2,GTFT(0.1),0.05,ALLC,Memory-1(ALLC),2000000000059,3.0,2.8125,0.8875,0.925,0.8125
2,GTFT(0.1),0.05,self,Memory-1(GTFT 0.1),2000000000040,2.85,3.0375,0.9625,0.925,0.8875
2,GTFT(0.1),0.05,self,Memory-1(GTFT 0.1),2000000000041,2.6625,2.6,0.6875,0.7,0.45
2,GTFT(0.1),0.05,self,Memory-1(GTFT 0.1),2000000000042,2.825,2.7,0.8125,0.8375,0.7125
2,GTFT(0.1),0.05,self,Memory-1(GTFT 0.1),2000000000043,2.825,2.7625,0.7875,0.8,0.5875
2,GTFT(0.1),0.05,self,Memory-1(GTFT 0.1),2000000000044,2.4375,2.5,0.65,0.6375,0.4625
2,GTFT(0.1),0.05,self,Memory-1(GTFT 0.1),2000000000045,2.2,2.0125,0.45,0.4875,0.3
2,GTFT(0.1),0.05,self,Memory-1(GTFT 0.1),2000000000046,2.625,2.625,0.6375,0.6375,0.2875
2,GTFT(0.1),0.05,self,Memory-1(GTFT 0.1),2000000000047,2.95,2.95,0.95,0.95,0.9
2,GTFT(0.1),0.05,self,Memory-1(GTFT 0.1),2000000000048,2.85,2.725,0.8,0.825,0.65
2,GTFT(0.1),0.05,self,Memory-1(GTFT 0.1),2000000000049,2.85,2.85,0.85,0.85,0.7
2,GTFT(0.1),0.05,self,Memory-1(GTFT 0.1),2000000000050,2.6,2.725,0.7375,0.7125,0.5125
2,GTFT(0.1),0.05,self,Memory-1(GTFT 0.1),2000000000051,2.5625,2.5625,0.725,0.725,0.6125
2,GTFT(0.1),0.05,self,Memory-1(GTFT 0.1),2000000000052,2.8125,2.8125,0.8375,0.8375,0.7
2,GTFT(0.1),0.05,self,Memory-1(GTFT 0.1),2000000000053,2.6625,2.85,0.85,0.8125,0.7375
2,GTFT(0.1),0.05,self,Memory-1(GTFT 0.1),2000000000054,2.725,2.6625,0.8,0.8125,0.725
2,GTFT(0.1),0.05,self,Memory-1(GTFT 0.1),2000000000055,2.6875,2.625,0.7375,0.75,0.575
2,GTFT(0.1),0.05,self,Memory-1(GTFT 0.1),2000000000056,2.5125,2.5125,0.725,0.725,0.6625
2,GTFT(0.1),0.05,self,Memory-1(GTFT 0.1),2000000000057,2.3,2.425,0.6,0.575,0.4
2,GTFT(0.1),0.05,self,Memory-1(GTFT 0.1),2000000000058,2.7875,2.4125,0.6,0.675,0.3125
2,GTFT(0.1),0.05,self,Memory-1(GTFT 0.1),2000000000059,2.5625,2.625,0.7125,0.7,0.525
2,Pavlov,0.0,common_field,Tit For Tat,2000000000040,3.0,3.0,1.0,1.0,1.0
2,Pavlov,0.0,common_field,Tit For Tat,2000000000041,3.0,3.0,1.0,1.0,1.0
2,Pavlov,0.0,common_field,Tit For Tat,2000000000042,3.0,3.0,1.0,1.0,1.0
2,Pavlov,0.0,common_field,Tit For Tat,2000000000043,3.0,3.0,1.0,1.0,1.0
2,Pavlov,0.0,common_field,Tit For Tat,2000000000044,3.0,3.0,1.0,1.0,1.0
2,Pavlov,0.0,common_field,Tit For Tat,2000000000045,3.0,3.0,1.0,1.0,1.0
2,Pavlov,0.0,common_field,Tit For Tat,2000000000046,3.0,3.0,1.0,1.0,1.0
2,Pavlov,0.0,common_field,Tit For Tat,2000000000047,3.0,3.0,1.0,1.0,1.0
2,Pavlov,0.0,common_field,Tit For Tat,2000000000048,3.0,3.0,1.0,1.0,1.0
2,Pavlov,0.0,common_field,Tit For Tat,2000000000049,3.0,3.0,1.0,1.0,1.0
2,Pavlov,0.0,common_field,Tit For Tat,2000000000050,3.0,3.0,1.0,1.0,1.0
2,Pavlov,0.0,common_field,Tit For Tat,2000000000051,3.0,3.0,1.0,1.0,1.0
2,Pavlov,0.0,common_field,Tit For Tat,2000000000052,3.0,3.0,1.0,1.0,1.0
2,Pavlov,0.0,common_field,Tit For Tat,2000000000053,3.0,3.0,1.0,1.0,1.0
2,Pavlov,0.0,common_field,Tit For Tat,2000000000054,3.0,3.0,1.0,1.0,1.0
2,Pavlov,0.0,common_field,Tit For Tat,2000000000055,3.0,3.0,1.0,1.0,1.0
2,Pavlov,0.0,common_field,Tit For Tat,2000000000056,3.0,3.0,1.0,1.0,1.0
2,Pavlov,0.0,common_field,Tit For Tat,2000000000057,3.0,3.0,1.0,1.0,1.0
2,Pavlov,0.0,common_field,Tit For Tat,2000000000058,3.0,3.0,1.0,1.0,1.0
2,Pavlov,0.0,common_field,Tit For Tat,2000000000059,3.0,3.0,1.0,1.0,1.0
2,Pavlov,0.0,common_field,Always Defect,2000000000040,0.5,3.0,0.5,0.0,0.0
2,Pavlov,0.0,common_field,Always Defect,2000000000041,0.5,3.0,0.5,0.0,0.0
2,Pavlov,0.0,common_field,Always Defect,2000000000042,0.5,3.0,0.5,0.0,0.0
2,Pavlov,0.0,common_field,Always Defect,2000000000043,0.5,3.0,0.5,0.0,0.0
2,Pavlov,0.0,common_field,Always Defect,2000000000044,0.5,3.0,0.5,0.0,0.0
2,Pavlov,0.0,common_field,Always Defect,2000000000045,0.5,3.0,0.5,0.0,0.0
2,Pavlov,0.0,common_field,Always Defect,2000000000046,0.5,3.0,0.5,0.0,0.0
2,Pavlov,0.0,common_field,Always Defect,2000000000047,0.5,3.0,0.5,0.0,0.0
2,Pavlov,0.0,common_field,Always Defect,2000000000048,0.5,3.0,0.5,0.0,0.0
2,Pavlov,0.0,common_field,Always Defect,2000000000049,0.5,3.0,0.5,0.0,0.0
2,Pavlov,0.0,common_field,Always Defect,2000000000050,0.5,3.0,0.5,0.0,0.0
2,Pavlov,0.0,common_field,Always Defect,2000000000051,0.5,3.0,0.5,0.0,0.0
2,Pavlov,0.0,common_field,Always Defect,2000000000052,0.5,3.0,0.5,0.0,0.0
2,Pavlov,0.0,common_field,Always Defect,2000000000053,0.5,3.0,0.5,0.0,0.0
2,Pavlov,0.0,common_field,Always Defect,2000000000054,0.5,3.0,0.5,0.0,0.0
2,Pavlov,0.0,common_field,Always Defect,2000000000055,0.5,3.0,0.5,0.0,0.0
2,Pavlov,0.0,common_field,Always Defect,2000000000056,0.5,3.0,0.5,0.0,0.0
2,Pavlov,0.0,common_field,Always Defect,2000000000057,0.5,3.0,0.5,0.0,0.0
2,Pavlov,0.0,common_field,Always Defect,2000000000058,0.5,3.0,0.5,0.0,0.0
2,Pavlov,0.0,common_field,Always Defect,2000000000059,0.5,3.0,0.5,0.0,0.0
2,Pavlov,0.0,common_field,Grudger,2000000000040,3.0,3.0,1.0,1.0,1.0
2,Pavlov,0.0,common_field,Grudger,2000000000041,3.0,3.0,1.0,1.0,1.0
2,Pavlov,0.0,common_field,Grudger,2000000000042,3.0,3.0,1.0,1.0,1.0
2,Pavlov,0.0,common_field,Grudger,2000000000043,3.0,3.0,1.0,1.0,1.0
2,Pavlov,0.0,common_field,Grudger,2000000000044,3.0,3.0,1.0,1.0,1.0
2,Pavlov,0.0,common_field,Grudger,2000000000045,3.0,3.0,1.0,1.0,1.0
2,Pavlov,0.0,common_field,Grudger,2000000000046,3.0,3.0,1.0,1.0,1.0
2,Pavlov,0.0,common_field,Grudger,2000000000047,3.0,3.0,1.0,1.0,1.0
2,Pavlov,0.0,common_field,Grudger,2000000000048,3.0,3.0,1.0,1.0,1.0
2,Pavlov,0.0,common_field,Grudger,2000000000049,3.0,3.0,1.0,1.0,1.0
2,Pavlov,0.0,common_field,Grudger,2000000000050,3.0,3.0,1.0,1.0,1.0
2,Pavlov,0.0,common_field,Grudger,2000000000051,3.0,3.0,1.0,1.0,1.0
2,Pavlov,0.0,common_field,Grudger,2000000000052,3.0,3.0,1.0,1.0,1.0
2,Pavlov,0.0,common_field,Grudger,2000000000053,3.0,3.0,1.0,1.0,1.0
2,Pavlov,0.0,common_field,Grudger,2000000000054,3.0,3.0,1.0,1.0,1.0
2,Pavlov,0.0,common_field,Grudger,2000000000055,3.0,3.0,1.0,1.0,1.0
2,Pavlov,0.0,common_field,Grudger,2000000000056,3.0,3.0,1.0,1.0,1.0
2,Pavlov,0.0,common_field,Grudger,2000000000057,3.0,3.0,1.0,1.0,1.0
2,Pavlov,0.0,common_field,Grudger,2000000000058,3.0,3.0,1.0,1.0,1.0
2,Pavlov,0.0,common_field,Grudger,2000000000059,3.0,3.0,1.0,1.0,1.0
2,Pavlov,0.0,common_field,Joss (0.9),2000000000040,2.2625,2.3875,0.5625,0.5375,0.325
2,Pavlov,0.0,common_field,Joss (0.9),2000000000041,2.3625,2.3625,0.575,0.575,0.3625
2,Pavlov,0.0,common_field,Joss (0.9),2000000000042,2.15,2.275,0.4875,0.4625,0.2125
2,Pavlov,0.0,common_field,Joss (0.9),2000000000043,2.0,2.125,0.3875,0.3625,0.0625
2,Pavlov,0.0,common_field,Joss (0.9),2000000000044,1.95,2.1375,0.3875,0.35,0.0625
2,Pavlov,0.0,common_field,Joss (0.9),2000000000045,1.9625,2.2125,0.425,0.375,0.1125
2,Pavlov,0.0,common_field,Joss (0.9),2000000000046,1.9125,2.1,0.3625,0.325,0.025
2,Pavlov,0.0,common_field,Joss (0.9),2000000000047,1.9375,2.125,0.375,0.3375,0.0375
2,Pavlov,0.0,common_field,Joss (0.9),2000000000048,2.0375,2.1625,0.4125,0.3875,0.1
2,Pavlov,0.0,common_field,Joss (0.9),2000000000049,1.9375,2.125,0.375,0.3375,0.0375
2,Pavlov,0.0,common_field,Joss (0.9),2000000000050,2.025,2.025,0.35,0.35,0.025
2,Pavlov,0.0,common_field,Joss (0.9),2000000000051,2.15,2.275,0.4875,0.4625,0.2125
2,Pavlov,0.0,common_field,Joss (0.9),2000000000052,2.15,2.2125,0.4625,0.45,0.1875
2,Pavlov,0.0,common_field,Joss (0.9),2000000000053,1.9625,2.0875,0.3625,0.3375,0.025
2,Pavlov,0.0,common_field,Joss (0.9),2000000000054,2.0,2.0625,0.3625,0.35,0.0375
2,Pavlov,0.0,common_field,Joss (0.9),2000000000055,1.9375,2.0625,0.35,0.325,0.0125
2,Pavlov,0.0,common_field,Joss (0.9),2000000000056,1.8875,2.1375,0.375,0.325,0.0375
2,Pavlov,0.0,common_field,Joss (0.9),2000000000057,1.875,2.125,0.3625,0.3125,0.0125
2,Pavlov,0.0,common_field,Joss (0.9),2000000000058,2.025,2.0875,0.375,0.3625,0.05
2,Pavlov,0.0,common_field,Joss (0.9),2000000000059,1.9875,2.175,0.4125,0.375,0.1
2,Pavlov,0.0,common_field,Random (0.5),2000000000040,2.0625,2.3125,0.4875,0.4375,0.2
2,Pavlov,0.0,common_field,Random (0.5),2000000000041,2.525,2.025,0.45,0.55,0.225
2,Pavlov,0.0,common_field,Random (0.5),2000000000042,2.15,2.4,0.55,0.5,0.3
2,Pavlov,0.0,common_field,Random (0.5),2000000000043,2.3375,2.4625,0.6125,0.5875,0.4
2,Pavlov,0.0,common_field,Random (0.5),2000000000044,2.1875,2.3125,0.5125,0.4875,0.25
2,Pavlov,0.0,common_field,Random (0.5),2000000000045,2.2,2.325,0.525,0.5,0.275
2,Pavlov,0.0,common_field,Random (0.5),2000000000046,2.275,2.4,0.575,0.55,0.35
2,Pavlov,0.0,common_field,Random (0.5),2000000000047,1.8625,2.55,0.5625,0.425,0.275
2,Pavlov,0.0,common_field,Random (0.5),2000000000048,2.2875,2.1,0.4375,0.475,0.175
2,Pavlov,0.0,common_field,Random (0.5),2000000000049,1.8375,2.5875,0.575,0.425,0.2875
2,Pavlov,0.0,common_field,Random (0.5),2000000000050,2.4375,2.3125,0.5625,0.5875,0.35
2,Pavlov,0.0,common_field,Random (0.5),2000000000051,2.6125,2.05,0.475,0.5875,0.2625
2,Pavlov,0.0,common_field,Random (0.5),2000000000052,2.425,2.2375,0.525,0.5625,0.3
2,Pavlov,0.0,common_field,Random (0.5),2000000000053,2.3125,2.3125,0.5375,0.5375,0.3
2,Pavlov,0.0,common_field,Random (0.5),2000000000054,2.6375,1.825,0.375,0.5375,0.1375
2,Pavlov,0.0,common_field,Random (0.5),2000000000055,2.5875,2.025,0.4625,0.575,0.25
2,Pavlov,0.0,common_field,Random (0.5),2000000000056,2.1,2.2875,0.4875,0.45,0.2125
2,Pavlov,0.0,common_field,Random (0.5),2000000000057,2.0625,2.4375,0.55,0.475,0.2875
2,Pavlov,0.0,common_field,Random (0.5),2000000000058,2.0,2.4375,0.5375,0.45,0.2625
2,Pavlov,0.0,common_field,Random (0.5),2000000000059,2.3375,2.025,0.4125,0.475,0.15
2,Pavlov,0.0,common_field,Tester,2000000000040,0.525,3.025,0.5125,0.0125,0.0125
2,Pavlov,0.0,common_field,Tester,2000000000041,0.525,3.025,0.5125,0.0125,0.0125
2,Pavlov,0.0,common_field,Tester,2000000000042,0.525,3.025,0.5125,0.0125,0.0125
2,Pavlov,0.0,common_field,Tester,2000000000043,0.525,3.025,0.5125,0.0125,0.0125
2,Pavlov,0.0,common_field,Tester,2000000000044,0.525,3.025,0.5125,0.0125,0.0125
2,Pavlov,0.0,common_field,Tester,2000000000045,0.525,3.025,0.5125,0.0125,0.0125
2,Pavlov,0.0,common_field,Tester,2000000000046,0.525,3.025,0.5125,0.0125,0.0125
2,Pavlov,0.0,common_field,Tester,2000000000047,0.525,3.025,0.5125,0.0125,0.0125
2,Pavlov,0.0,common_field,Tester,2000000000048,0.525,3.025,0.5125,0.0125,0.0125
2,Pavlov,0.0,common_field,Tester,2000000000049,0.525,3.025,0.5125,0.0125,0.0125
2,Pavlov,0.0,common_field,Tester,2000000000050,0.525,3.025,0.5125,0.0125,0.0125
2,Pavlov,0.0,common_field,Tester,2000000000051,0.525,3.025,0.5125,0.0125,0.0125
2,Pavlov,0.0,common_field,Tester,2000000000052,0.525,3.025,0.5125,0.0125,0.0125
2,Pavlov,0.0,common_field,Tester,2000000000053,0.525,3.025,0.5125,0.0125,0.0125
2,Pavlov,0.0,common_field,Tester,2000000000054,0.525,3.025,0.5125,0.0125,0.0125
2,Pavlov,0.0,common_field,Tester,2000000000055,0.525,3.025,0.5125,0.0125,0.0125
2,Pavlov,0.0,common_field,Tester,2000000000056,0.525,3.025,0.5125,0.0125,0.0125
2,Pavlov,0.0,common_field,Tester,2000000000057,0.525,3.025,0.5125,0.0125,0.0125
2,Pavlov,0.0,common_field,Tester,2000000000058,0.525,3.025,0.5125,0.0125,0.0125
2,Pavlov,0.0,common_field,Tester,2000000000059,0.525,3.025,0.5125,0.0125,0.0125
2,Pavlov,0.0,common_field,Pavlov (Win-Stay Lose-Shift),2000000000040,3.0,3.0,1.0,1.0,1.0
2,Pavlov,0.0,common_field,Pavlov (Win-Stay Lose-Shift),2000000000041,3.0,3.0,1.0,1.0,1.0
2,Pavlov,0.0,common_field,Pavlov (Win-Stay Lose-Shift),2000000000042,3.0,3.0,1.0,1.0,1.0
2,Pavlov,0.0,common_field,Pavlov (Win-Stay Lose-Shift),2000000000043,3.0,3.0,1.0,1.0,1.0
2,Pavlov,0.0,common_field,Pavlov (Win-Stay Lose-Shift),2000000000044,3.0,3.0,1.0,1.0,1.0
2,Pavlov,0.0,common_field,Pavlov (Win-Stay Lose-Shift),2000000000045,3.0,3.0,1.0,1.0,1.0
2,Pavlov,0.0,common_field,Pavlov (Win-Stay Lose-Shift),2000000000046,3.0,3.0,1.0,1.0,1.0
2,Pavlov,0.0,common_field,Pavlov (Win-Stay Lose-Shift),2000000000047,3.0,3.0,1.0,1.0,1.0
2,Pavlov,0.0,common_field,Pavlov (Win-Stay Lose-Shift),2000000000048,3.0,3.0,1.0,1.0,1.0
2,Pavlov,0.0,common_field,Pavlov (Win-Stay Lose-Shift),2000000000049,3.0,3.0,1.0,1.0,1.0
2,Pavlov,0.0,common_field,Pavlov (Win-Stay Lose-Shift),2000000000050,3.0,3.0,1.0,1.0,1.0
2,Pavlov,0.0,common_field,Pavlov (Win-Stay Lose-Shift),2000000000051,3.0,3.0,1.0,1.0,1.0
2,Pavlov,0.0,common_field,Pavlov (Win-Stay Lose-Shift),2000000000052,3.0,3.0,1.0,1.0,1.0
2,Pavlov,0.0,common_field,Pavlov (Win-Stay Lose-Shift),2000000000053,3.0,3.0,1.0,1.0,1.0
2,Pavlov,0.0,common_field,Pavlov (Win-Stay Lose-Shift),2000000000054,3.0,3.0,1.0,1.0,1.0
2,Pavlov,0.0,common_field,Pavlov (Win-Stay Lose-Shift),2000000000055,3.0,3.0,1.0,1.0,1.0
2,Pavlov,0.0,common_field,Pavlov (Win-Stay Lose-Shift),2000000000056,3.0,3.0,1.0,1.0,1.0
2,Pavlov,0.0,common_field,Pavlov (Win-Stay Lose-Shift),2000000000057,3.0,3.0,1.0,1.0,1.0
2,Pavlov,0.0,common_field,Pavlov (Win-Stay Lose-Shift),2000000000058,3.0,3.0,1.0,1.0,1.0
2,Pavlov,0.0,common_field,Pavlov (Win-Stay Lose-Shift),2000000000059,3.0,3.0,1.0,1.0,1.0
2,Pavlov,0.0,ALLC,Memory-1(ALLC),2000000000040,3.0,3.0,1.0,1.0,1.0
2,Pavlov,0.0,ALLC,Memory-1(ALLC),2000000000041,3.0,3.0,1.0,1.0,1.0
2,Pavlov,0.0,ALLC,Memory-1(ALLC),2000000000042,3.0,3.0,1.0,1.0,1.0
2,Pavlov,0.0,ALLC,Memory-1(ALLC),2000000000043,3.0,3.0,1.0,1.0,1.0
2,Pavlov,0.0,ALLC,Memory-1(ALLC),2000000000044,3.0,3.0,1.0,1.0,1.0
2,Pavlov,0.0,ALLC,Memory-1(ALLC),2000000000045,3.0,3.0,1.0,1.0,1.0
2,Pavlov,0.0,ALLC,Memory-1(ALLC),2000000000046,3.0,3.0,1.0,1.0,1.0
2,Pavlov,0.0,ALLC,Memory-1(ALLC),2000000000047,3.0,3.0,1.0,1.0,1.0
2,Pavlov,0.0,ALLC,Memory-1(ALLC),2000000000048,3.0,3.0,1.0,1.0,1.0
2,Pavlov,0.0,ALLC,Memory-1(ALLC),2000000000049,3.0,3.0,1.0,1.0,1.0
2,Pavlov,0.0,ALLC,Memory-1(ALLC),2000000000050,3.0,3.0,1.0,1.0,1.0
2,Pavlov,0.0,ALLC,Memory-1(ALLC),2000000000051,3.0,3.0,1.0,1.0,1.0
2,Pavlov,0.0,ALLC,Memory-1(ALLC),2000000000052,3.0,3.0,1.0,1.0,1.0
2,Pavlov,0.0,ALLC,Memory-1(ALLC),2000000000053,3.0,3.0,1.0,1.0,1.0
2,Pavlov,0.0,ALLC,Memory-1(ALLC),2000000000054,3.0,3.0,1.0,1.0,1.0
2,Pavlov,0.0,ALLC,Memory-1(ALLC),2000000000055,3.0,3.0,1.0,1.0,1.0
2,Pavlov,0.0,ALLC,Memory-1(ALLC),2000000000056,3.0,3.0,1.0,1.0,1.0
2,Pavlov,0.0,ALLC,Memory-1(ALLC),2000000000057,3.0,3.0,1.0,1.0,1.0
2,Pavlov,0.0,ALLC,Memory-1(ALLC),2000000000058,3.0,3.0,1.0,1.0,1.0
2,Pavlov,0.0,ALLC,Memory-1(ALLC),2000000000059,3.0,3.0,1.0,1.0,1.0
2,Pavlov,0.0,self,Memory-1(Pavlov),2000000000040,3.0,3.0,1.0,1.0,1.0
2,Pavlov,0.0,self,Memory-1(Pavlov),2000000000041,3.0,3.0,1.0,1.0,1.0
2,Pavlov,0.0,self,Memory-1(Pavlov),2000000000042,3.0,3.0,1.0,1.0,1.0
2,Pavlov,0.0,self,Memory-1(Pavlov),2000000000043,3.0,3.0,1.0,1.0,1.0
2,Pavlov,0.0,self,Memory-1(Pavlov),2000000000044,3.0,3.0,1.0,1.0,1.0
2,Pavlov,0.0,self,Memory-1(Pavlov),2000000000045,3.0,3.0,1.0,1.0,1.0
2,Pavlov,0.0,self,Memory-1(Pavlov),2000000000046,3.0,3.0,1.0,1.0,1.0
2,Pavlov,0.0,self,Memory-1(Pavlov),2000000000047,3.0,3.0,1.0,1.0,1.0
2,Pavlov,0.0,self,Memory-1(Pavlov),2000000000048,3.0,3.0,1.0,1.0,1.0
2,Pavlov,0.0,self,Memory-1(Pavlov),2000000000049,3.0,3.0,1.0,1.0,1.0
2,Pavlov,0.0,self,Memory-1(Pavlov),2000000000050,3.0,3.0,1.0,1.0,1.0
2,Pavlov,0.0,self,Memory-1(Pavlov),2000000000051,3.0,3.0,1.0,1.0,1.0
2,Pavlov,0.0,self,Memory-1(Pavlov),2000000000052,3.0,3.0,1.0,1.0,1.0
2,Pavlov,0.0,self,Memory-1(Pavlov),2000000000053,3.0,3.0,1.0,1.0,1.0
2,Pavlov,0.0,self,Memory-1(Pavlov),2000000000054,3.0,3.0,1.0,1.0,1.0
2,Pavlov,0.0,self,Memory-1(Pavlov),2000000000055,3.0,3.0,1.0,1.0,1.0
2,Pavlov,0.0,self,Memory-1(Pavlov),2000000000056,3.0,3.0,1.0,1.0,1.0
2,Pavlov,0.0,self,Memory-1(Pavlov),2000000000057,3.0,3.0,1.0,1.0,1.0
2,Pavlov,0.0,self,Memory-1(Pavlov),2000000000058,3.0,3.0,1.0,1.0,1.0
2,Pavlov,0.0,self,Memory-1(Pavlov),2000000000059,3.0,3.0,1.0,1.0,1.0
2,Pavlov,0.05,common_field,Tit For Tat,2000000000040,2.175,2.1125,0.425,0.4375,0.15
2,Pavlov,0.05,common_field,Tit For Tat,2000000000041,2.2125,2.0875,0.4125,0.4375,0.125
2,Pavlov,0.05,common_field,Tit For Tat,2000000000042,2.6125,2.3625,0.6375,0.6875,0.5
2,Pavlov,0.05,common_field,Tit For Tat,2000000000043,2.525,2.3375,0.6,0.6375,0.425
2,Pavlov,0.05,common_field,Tit For Tat,2000000000044,2.1875,2.3125,0.525,0.5,0.2875
2,Pavlov,0.05,common_field,Tit For Tat,2000000000045,2.1875,2.125,0.425,0.4375,0.1375
2,Pavlov,0.05,common_field,Tit For Tat,2000000000046,2.3125,2.125,0.4625,0.5,0.225
2,Pavlov,0.05,common_field,Tit For Tat,2000000000047,2.325,2.2,0.4875,0.5125,0.2375
2,Pavlov,0.05,common_field,Tit For Tat,2000000000048,2.2,2.325,0.525,0.5,0.275
2,Pavlov,0.05,common_field,Tit For Tat,2000000000049,2.45,2.5125,0.6625,0.65,0.4875
2,Pavlov,0.05,common_field,Tit For Tat,2000000000050,2.175,2.2375,0.475,0.4625,0.2
2,Pavlov,0.05,common_field,Tit For Tat,2000000000051,2.3375,2.275,0.5375,0.55,0.325
2,Pavlov,0.05,common_field,Tit For Tat,2000000000052,2.3125,2.0,0.4125,0.475,0.175
2,Pavlov,0.05,common_field,Tit For Tat,2000000000053,2.375,2.25,0.5375,0.5625,0.3375
2,Pavlov,0.05,common_field,Tit For Tat,2000000000054,2.4875,2.3,0.575,0.6125,0.3875
2,Pavlov,0.05,common_field,Tit For Tat,2000000000055,2.1875,2.1875,0.4625,0.4625,0.2
2,Pavlov,0.05,common_field,Tit For Tat,2000000000056,2.15,2.15,0.4375,0.4375,0.1625
2,Pavlov,0.05,common_field,Tit For Tat,2000000000057,2.3875,2.45,0.6125,0.6,0.4
2,Pavlov,0.05,common_field,Tit For Tat,2000000000058,2.225,2.1,0.425,0.45,0.15
2,Pavlov,0.05,common_field,Tit For Tat,2000000000059,2.2375,2.05,0.4125,0.45,0.15
2,Pavlov,0.05,common_field,Always Defect,2000000000040,0.675,2.925,0.5,0.05,0.025
2,Pavlov,0.05,common_field,Always Defect,2000000000041,0.7,2.95,0.5125,0.0625,0.0375
2,Pavlov,0.05,common_field,Always Defect,2000000000042,0.625,3.0,0.5125,0.0375,0.0125
2,Pavlov,0.05,common_field,Always Defect,2000000000043,0.7375,2.925,0.5,0.0625,0.0125
2,Pavlov,0.05,common_field,Always Defect,2000000000044,0.725,2.9125,0.5,0.0625,0.025
2,Pavlov,0.05,common_field,Always Defect,2000000000045,0.575,3.0125,0.5125,0.025,0.0125
2,Pavlov,0.05,common_field,Always Defect,2000000000046,0.625,2.9375,0.5,0.0375,0.025
2,Pavlov,0.05,common_field,Always Defect,2000000000047,0.5875,3.025,0.525,0.0375,0.0375
2,Pavlov,0.05,common_field,Always Defect,2000000000048,0.7,2.95,0.5,0.05,0.0
2,Pavlov,0.05,common_field,Always Defect,2000000000049,0.5625,2.9375,0.4875,0.0125,0.0
2,Pavlov,0.05,common_field,Always Defect,2000000000050,0.725,2.9125,0.5,0.0625,0.025
2,Pavlov,0.05,common_field,Always Defect,2000000000051,0.7125,2.8375,0.475,0.05,0.0125
2,Pavlov,0.05,common_field,Always Defect,2000000000052,0.8125,2.9375,0.525,0.1,0.0625
2,Pavlov,0.05,common_field,Always Defect,2000000000053,0.725,2.9125,0.5,0.0625,0.025
2,Pavlov,0.05,common_field,Always Defect,2000000000054,0.825,2.825,0.4875,0.0875,0.0375
2,Pavlov,0.05,common_field,Always Defect,2000000000055,0.7125,2.9625,0.5125,0.0625,0.025
2,Pavlov,0.05,common_field,Always Defect,2000000000056,0.6875,2.875,0.4875,0.05,0.025
2,Pavlov,0.05,common_field,Always Defect,2000000000057,0.7,2.95,0.5125,0.0625,0.0375
2,Pavlov,0.05,common_field,Always Defect,2000000000058,0.65,2.9,0.4875,0.0375,0.0125
2,Pavlov,0.05,common_field,Always Defect,2000000000059,0.6375,3.0125,0.525,0.05,0.0375
2,Pavlov,0.05,common_field,Grudger,2000000000040,0.8625,2.8625,0.5125,0.1125,0.075
2,Pavlov,0.05,common_field,Grudger,2000000000041,0.8625,2.8625,0.5125,0.1125,0.075
2,Pavlov,0.05,common_field,Grudger,2000000000042,0.9125,2.9125,0.5375,0.1375,0.1
2,Pavlov,0.05,common_field,Grudger,2000000000043,1.025,2.8375,0.525,0.1625,0.1
2,Pavlov,0.05,common_field,Grudger,2000000000044,0.8875,2.8875,0.525,0.125,0.0875
2,Pavlov,0.05,common_field,Grudger,2000000000045,0.725,2.85,0.4875,0.0625,0.0375
2,Pavlov,0.05,common_field,Grudger,2000000000046,0.8875,2.8875,0.525,0.125,0.0875
2,Pavlov,0.05,common_field,Grudger,2000000000047,1.1125,2.8,0.5375,0.2,0.15
2,Pavlov,0.05,common_field,Grudger,2000000000048,1.3,2.8625,0.5875,0.275,0.2125
2,Pavlov,0.05,common_field,Grudger,2000000000049,1.0375,2.85,0.55,0.1875,0.1625
2,Pavlov,0.05,common_field,Grudger,2000000000050,0.75,2.875,0.4875,0.0625,0.0125
2,Pavlov,0.05,common_field,Grudger,2000000000051,0.825,2.95,0.5375,0.1125,0.0875
2,Pavlov,0.05,common_field,Grudger,2000000000052,0.9,2.9,0.525,0.125,0.075
2,Pavlov,0.05,common_field,Grudger,2000000000053,1.2625,2.825,0.575,0.2625,0.2125
2,Pavlov,0.05,common_field,Grudger,2000000000054,0.975,2.7875,0.5,0.1375,0.075
2,Pavlov,0.05,common_field,Grudger,2000000000055,1.05,2.925,0.5625,0.1875,0.1375
2,Pavlov,0.05,common_field,Grudger,2000000000056,0.9125,2.9125,0.5375,0.1375,0.1
2,Pavlov,0.05,common_field,Grudger,2000000000057,0.7875,2.85,0.4875,0.075,0.025
2,Pavlov,0.05,common_field,Grudger,2000000000058,0.675,2.925,0.5,0.05,0.025
2,Pavlov,0.05,common_field,Grudger,2000000000059,1.0875,2.775,0.525,0.1875,0.1375
2,Pavlov,0.05,common_field,Joss (0.9),2000000000040,2.1,2.1,0.4,0.4,0.1
2,Pavlov,0.05,common_field,Joss (0.9),2000000000041,2.125,2.0625,0.375,0.3875,0.05
2,Pavlov,0.05,common_field,Joss (0.9),2000000000042,2.3875,2.3875,0.5875,0.5875,0.375
2,Pavlov,0.05,common_field,Joss (0.9),2000000000043,2.2125,2.2125,0.475,0.475,0.2125
2,Pavlov,0.05,common_field,Joss (0.9),2000000000044,2.125,2.25,0.475,0.45,0.2
2,Pavlov,0.05,common_field,Joss (0.9),2000000000045,2.125,1.9375,0.3375,0.375,0.0375
2,Pavlov,0.05,common_field,Joss (0.9),2000000000046,2.0875,2.2125,0.45,0.425,0.1625
2,Pavlov,0.05,common_field,Joss (0.9),2000000000047,2.0625,2.25,0.45,0.4125,0.1375
2,Pavlov,0.05,common_field,Joss (0.9),2000000000048,1.95,2.325,0.4625,0.3875,0.1375
2,Pavlov,0.05,common_field,Joss (0.9),2000000000049,2.1,2.2875,0.4875,0.45,0.2125
2,Pavlov,0.05,common_field,Joss (0.9),2000000000050,1.7875,2.225,0.3875,0.3,0.025
2,Pavlov,0.05,common_field,Joss (0.9),2000000000051,1.9875,2.3,0.475,0.4125,0.1875
2,Pavlov,0.05,common_field,Joss (0.9),2000000000052,2.25,2.375,0.55,0.525,0.3
2,Pavlov,0.05,common_field,Joss (0.9),2000000000053,1.9125,2.1625,0.3875,0.3375,0.05
2,Pavlov,0.05,common_field,Joss (0.9),2000000000054,2.0625,2.1875,0.425,0.4,0.1125
2,Pavlov,0.05,common_field,Joss (0.9),2000000000055,2.225,2.1625,0.4625,0.475,0.2125
2,Pavlov,0.05,common_field,Joss (0.9),2000000000056,2.0125,2.2625,0.45,0.4,0.1375
2,Pavlov,0.05,common_field,Joss (0.9),2000000000057,2.0375,2.1625,0.4125,0.3875,0.1
2,Pavlov,0.05,common_field,Joss (0.9),2000000000058,1.6875,2.1875,0.3625,0.2625,0.0
2,Pavlov,0.05,common_field,Joss (0.9),2000000000059,2.1375,2.2,0.4625,0.45,0.2
2,Pavlov,0.05,common_field,Random (0.5),2000000000040,2.0875,2.3375,0.5125,0.4625,0.25
2,Pavlov,0.05,common_field,Random (0.5),2000000000041,2.1875,2.5625,0.6125,0.5375,0.35
2,Pavlov,0.05,common_field,Random (0.5),2000000000042,2.3125,2.375,0.5625,0.55,0.325
2,Pavlov,0.05,common_field,Random (0.5),2000000000043,2.175,2.425,0.5625,0.5125,0.3125
2,Pavlov,0.05,common_field,Random (0.5),2000000000044,1.95,2.575,0.5875,0.4625,0.3125
2,Pavlov,0.05,common_field,Random (0.5),2000000000045,2.1375,2.575,0.6125,0.525,0.35
2,Pavlov,0.05,common_field,Random (0.5),2000000000046,2.2,2.3875,0.55,0.5125,0.3
2,Pavlov,0.05,common_field,Random (0.5),2000000000047,2.225,2.225,0.475,0.475,0.2
2,Pavlov,0.05,common_field,Random (0.5),2000000000048,2.2625,2.2,0.475,0.4875,0.2125
2,Pavlov,0.05,common_field,Random (0.5),2000000000049,2.0625,2.4375,0.5375,0.4625,0.25
2,Pavlov,0.05,common_field,Random (0.5),2000000000050,2.3375,2.15,0.475,0.5125,0.2375
2,Pavlov,0.05,common_field,Random (0.5),2000000000051,2.125,2.5,0.6,0.525,0.375
2,Pavlov,0.05,common_field,Random (0.5),2000000000052,2.5125,2.2,0.5125,0.575,0.275
2,Pavlov,0.05,common_field,Random (0.5),2000000000053,2.7875,1.9125,0.45,0.625,0.2625
2,Pavlov,0.05,common_field,Random (0.5),2000000000054,2.55,2.05,0.45,0.55,0.2
2,Pavlov,0.05,common_field,Random (0.5),2000000000055,2.3375,2.4625,0.6,0.575,0.3625
2,Pavlov,0.05,common_field,Random (0.5),2000000000056,2.5125,1.95,0.4125,0.525,0.175
2,Pavlov,0.05,common_field,Random (0.5),2000000000057,1.8625,2.4875,0.525,0.4,0.2125
2,Pavlov,0.05,common_field,Random (0.5),2000000000058,2.1125,2.3625,0.525,0.475,0.2625
2,Pavlov,0.05,common_field,Random (0.5),2000000000059,2.4375,2.1875,0.5,0.55,0.2625
2,Pavlov,0.05,common_field,Tester,2000000000040,0.7,2.95,0.5125,0.0625,0.0375
2,Pavlov,0.05,common_field,Tester,2000000000041,0.7625,2.8875,0.5,0.075,0.0375
2,Pavlov,0.05,common_field,Tester,2000000000042,0.6625,2.9125,0.5,0.05,0.0375
2,Pavlov,0.05,common_field,Tester,2000000000043,0.725,2.9125,0.5125,0.075,0.0625
2,Pavlov,0.05,common_field,Tester,2000000000044,0.7375,2.925,0.5125,0.075,0.05
2,Pavlov,0.05,common_field,Tester,2000000000045,0.625,2.9375,0.5,0.0375,0.025
2,Pavlov,0.05,common_field,Tester,2000000000046,0.6625,2.975,0.5125,0.05,0.025
2,Pavlov,0.05,common_field,Tester,2000000000047,0.7,2.8875,0.4875,0.05,0.0125
2,Pavlov,0.05,common_field,Tester,2000000000048,0.675,2.925,0.5125,0.0625,0.0625
2,Pavlov,0.05,common_field,Tester,2000000000049,0.55,3.05,0.525,0.025,0.025
2,Pavlov,0.05,common_field,Tester,2000000000050,2.7375,2.7375,0.825,0.825,0.7375
2,Pavlov,0.05,common_field,Tester,2000000000051,0.6625,3.0375,0.5375,0.0625,0.05
2,Pavlov,0.05,common_field,Tester,2000000000052,0.9125,2.7875,0.4875,0.1125,0.05
2,Pavlov,0.05,common_field,Tester,2000000000053,0.7375,2.925,0.5125,0.075,0.05
2,Pavlov,0.05,common_field,Tester,2000000000054,0.8125,2.9375,0.525,0.1,0.0625
2,Pavlov,0.05,common_field,Tester,2000000000055,0.75,2.875,0.5,0.075,0.05
2,Pavlov,0.05,common_field,Tester,2000000000056,0.6875,3.0,0.525,0.0625,0.0375
2,Pavlov,0.05,common_field,Tester,2000000000057,0.7625,2.8875,0.5,0.075,0.0375
2,Pavlov,0.05,common_field,Tester,2000000000058,2.1875,2.3125,0.525,0.5,0.2875
2,Pavlov,0.05,common_field,Tester,2000000000059,0.7375,2.8625,0.4875,0.0625,0.025
2,Pavlov,0.05,common_field,Pavlov (Win-Stay Lose-Shift),2000000000040,2.75,2.9375,0.925,0.8875,0.875
2,Pavlov,0.05,common_field,Pavlov (Win-Stay Lose-Shift),2000000000041,2.6875,2.75,0.8375,0.825,0.775
2,Pavlov,0.05,common_field,Pavlov (Win-Stay Lose-Shift),2000000000042,2.8625,2.6125,0.8125,0.8625,0.775
2,Pavlov,0.05,common_field,Pavlov (Win-Stay Lose-Shift),2000000000043,2.6875,2.875,0.8875,0.85,0.825
2,Pavlov,0.05,common_field,Pavlov (Win-Stay Lose-Shift),2000000000044,2.8625,2.675,0.8375,0.875,0.8
2,Pavlov,0.05,common_field,Pavlov (Win-Stay Lose-Shift),2000000000045,2.875,2.625,0.825,0.875,0.8
2,Pavlov,0.05,common_field,Pavlov (Win-Stay Lose-Shift),2000000000046,2.775,2.65,0.8125,0.8375,0.7625
2,Pavlov,0.05,common_field,Pavlov (Win-Stay Lose-Shift),2000000000047,2.8125,2.875,0.9125,0.9,0.875
2,Pavlov,0.05,common_field,Pavlov (Win-Stay Lose-Shift),2000000000048,2.8375,2.775,0.875,0.8875,0.8375
2,Pavlov,0.05,common_field,Pavlov (Win-Stay Lose-Shift),2000000000049,2.9375,2.75,0.8875,0.925,0.875
2,Pavlov,0.05,common_field,Pavlov (Win-Stay Lose-Shift),2000000000050,2.725,2.9125,0.9125,0.875,0.8625
2,Pavlov,0.05,common_field,Pavlov (Win-Stay Lose-Shift),2000000000051,2.7125,2.8375,0.875,0.85,0.8125
2,Pavlov,0.05,common_field,Pavlov (Win-Stay Lose-Shift),2000000000052,2.575,2.825,0.85,0.8,0.775
2,Pavlov,0.05,common_field,Pavlov (Win-Stay Lose-Shift),2000000000053,2.725,2.85,0.8875,0.8625,0.8375
2,Pavlov,0.05,common_field,Pavlov (Win-Stay Lose-Shift),2000000000054,2.6,2.725,0.8125,0.7875,0.7375
2,Pavlov,0.05,common_field,Pavlov (Win-Stay Lose-Shift),2000000000055,2.7375,2.675,0.8125,0.825,0.75
2,Pavlov,0.05,common_field,Pavlov (Win-Stay Lose-Shift),2000000000056,2.75,2.8125,0.875,0.8625,0.825
2,Pavlov,0.05,common_field,Pavlov (Win-Stay Lose-Shift),2000000000057,2.65,2.8375,0.8625,0.825,0.7875
2,Pavlov,0.05,common_field,Pavlov (Win-Stay Lose-Shift),2000000000058,2.8125,2.625,0.8125,0.85,0.775
2,Pavlov,0.05,common_field,Pavlov (Win-Stay Lose-Shift),2000000000059,2.7125,2.8375,0.875,0.85,0.8125
2,Pavlov,0.05,ALLC,Memory-1(ALLC),2000000000040,4.2625,0.95,0.2875,0.95,0.25
2,Pavlov,0.05,ALLC,Memory-1(ALLC),2000000000041,3.625,1.75,0.5375,0.9125,0.4875
2,Pavlov,0.05,ALLC,Memory-1(ALLC),2000000000042,3.85,1.6,0.525,0.975,0.525
2,Pavlov,0.05,ALLC,Memory-1(ALLC),2000000000043,3.425,2.175,0.7,0.95,0.675
2,Pavlov,0.05,ALLC,Memory-1(ALLC),2000000000044,3.6,1.85,0.575,0.925,0.525
2,Pavlov,0.05,ALLC,Memory-1(ALLC),2000000000045,3.925,1.3,0.3875,0.9125,0.3375
2,Pavlov,0.05,ALLC,Memory-1(ALLC),2000000000046,4.0875,1.275,0.4125,0.975,0.4
2,Pavlov,0.05,ALLC,Memory-1(ALLC),2000000000047,4.15,1.15,0.3625,0.9625,0.3375
2,Pavlov,0.05,ALLC,Memory-1(ALLC),2000000000048,3.825,1.6375,0.5125,0.95,0.4625
2,Pavlov,0.05,ALLC,Memory-1(ALLC),2000000000049,4.3625,0.8625,0.275,0.975,0.2625
2,Pavlov,0.05,ALLC,Memory-1(ALLC),2000000000050,3.7875,1.6625,0.525,0.95,0.4875
2,Pavlov,0.05,ALLC,Memory-1(ALLC),2000000000051,3.2375,2.425,0.7875,0.95,0.775
2,Pavlov,0.05,ALLC,Memory-1(ALLC),2000000000052,4.0,1.375,0.4375,0.9625,0.4125
2,Pavlov,0.05,ALLC,Memory-1(ALLC),2000000000053,3.175,2.55,0.8125,0.9375,0.7625
2,Pavlov,0.05,ALLC,Memory-1(ALLC),2000000000054,3.2625,2.325,0.7375,0.925,0.7
2,Pavlov,0.05,ALLC,Memory-1(ALLC),2000000000055,3.5,2.125,0.6875,0.9625,0.6625
2,Pavlov,0.05,ALLC,Memory-1(ALLC),2000000000056,4.45,0.6375,0.1875,0.95,0.1625
2,Pavlov,0.05,ALLC,Memory-1(ALLC),2000000000057,3.4875,1.9875,0.625,0.925,0.5875
2,Pavlov,0.05,ALLC,Memory-1(ALLC),2000000000058,3.9875,1.3,0.4125,0.95,0.4
2,Pavlov,0.05,ALLC,Memory-1(ALLC),2000000000059,3.4125,2.1,0.6625,0.925,0.625
2,Pavlov,0.05,self,Memory-1(Pavlov),2000000000040,2.7125,3.025,0.95,0.8875,0.8875
2,Pavlov,0.05,self,Memory-1(Pavlov),2000000000041,2.5625,2.75,0.8125,0.775,0.725
2,Pavlov,0.05,self,Memory-1(Pavlov),2000000000042,2.9125,2.6,0.825,0.8875,0.8125
2,Pavlov,0.05,self,Memory-1(Pavlov),2000000000043,2.75,2.875,0.9,0.875,0.85
2,Pavlov,0.05,self,Memory-1(Pavlov),2000000000044,2.625,2.75,0.825,0.8,0.75
2,Pavlov,0.05,self,Memory-1(Pavlov),2000000000045,2.6875,2.75,0.8375,0.825,0.775
2,Pavlov,0.05,self,Memory-1(Pavlov),2000000000046,2.875,2.5625,0.8,0.8625,0.775
2,Pavlov,0.05,self,Memory-1(Pavlov),2000000000047,2.9,2.8375,0.9125,0.925,0.8875
2,Pavlov,0.05,self,Memory-1(Pavlov),2000000000048,2.75,2.8125,0.875,0.8625,0.825
2,Pavlov,0.05,self,Memory-1(Pavlov),2000000000049,2.9625,2.7125,0.875,0.925,0.8625
2,Pavlov,0.05,self,Memory-1(Pavlov),2000000000050,2.8375,2.8375,0.9,0.9,0.8625
2,Pavlov,0.05,self,Memory-1(Pavlov),2000000000051,2.8375,2.8375,0.9,0.9,0.8625
2,Pavlov,0.05,self,Memory-1(Pavlov),2000000000052,2.85,2.7875,0.8875,0.9,0.8625
2,Pavlov,0.05,self,Memory-1(Pavlov),2000000000053,2.6875,2.8125,0.8625,0.8375,0.8
2,Pavlov,0.05,self,Memory-1(Pavlov),2000000000054,2.8,2.6125,0.8,0.8375,0.75
2,Pavlov,0.05,self,Memory-1(Pavlov),2000000000055,2.775,2.7125,0.8375,0.85,0.7875
2,Pavlov,0.05,self,Memory-1(Pavlov),2000000000056,2.875,2.8125,0.9,0.9125,0.875
2,Pavlov,0.05,self,Memory-1(Pavlov),2000000000057,2.5875,2.8375,0.85,0.8,0.7625
2,Pavlov,0.05,self,Memory-1(Pavlov),2000000000058,2.8375,2.5875,0.8,0.85,0.7625
2,Pavlov,0.05,self,Memory-1(Pavlov),2000000000059,2.5875,2.8375,0.85,0.8,0.7625
2,ALLD,0.0,common_field,Tit For Tat,2000000000040,1.05,0.9875,0.0,0.0125,0.0
2,ALLD,0.0,common_field,Tit For Tat,2000000000041,1.05,0.9875,0.0,0.0125,0.0
2,ALLD,0.0,common_field,Tit For Tat,2000000000042,1.05,0.9875,0.0,0.0125,0.0
2,ALLD,0.0,common_field,Tit For Tat,2000000000043,1.05,0.9875,0.0,0.0125,0.0
2,ALLD,0.0,common_field,Tit For Tat,2000000000044,1.05,0.9875,0.0,0.0125,0.0
2,ALLD,0.0,common_field,Tit For Tat,2000000000045,1.05,0.9875,0.0,0.0125,0.0
2,ALLD,0.0,common_field,Tit For Tat,2000000000046,1.05,0.9875,0.0,0.0125,0.0
2,ALLD,0.0,common_field,Tit For Tat,2000000000047,1.05,0.9875,0.0,0.0125,0.0
2,ALLD,0.0,common_field,Tit For Tat,2000000000048,1.05,0.9875,0.0,0.0125,0.0
2,ALLD,0.0,common_field,Tit For Tat,2000000000049,1.05,0.9875,0.0,0.0125,0.0
2,ALLD,0.0,common_field,Tit For Tat,2000000000050,1.05,0.9875,0.0,0.0125,0.0
2,ALLD,0.0,common_field,Tit For Tat,2000000000051,1.05,0.9875,0.0,0.0125,0.0
2,ALLD,0.0,common_field,Tit For Tat,2000000000052,1.05,0.9875,0.0,0.0125,0.0
2,ALLD,0.0,common_field,Tit For Tat,2000000000053,1.05,0.9875,0.0,0.0125,0.0
2,ALLD,0.0,common_field,Tit For Tat,2000000000054,1.05,0.9875,0.0,0.0125,0.0
2,ALLD,0.0,common_field,Tit For Tat,2000000000055,1.05,0.9875,0.0,0.0125,0.0
2,ALLD,0.0,common_field,Tit For Tat,2000000000056,1.05,0.9875,0.0,0.0125,0.0
2,ALLD,0.0,common_field,Tit For Tat,2000000000057,1.05,0.9875,0.0,0.0125,0.0
2,ALLD,0.0,common_field,Tit For Tat,2000000000058,1.05,0.9875,0.0,0.0125,0.0
2,ALLD,0.0,common_field,Tit For Tat,2000000000059,1.05,0.9875,0.0,0.0125,0.0
2,ALLD,0.0,common_field,Always Defect,2000000000040,1.0,1.0,0.0,0.0,0.0
2,ALLD,0.0,common_field,Always Defect,2000000000041,1.0,1.0,0.0,0.0,0.0
2,ALLD,0.0,common_field,Always Defect,2000000000042,1.0,1.0,0.0,0.0,0.0
2,ALLD,0.0,common_field,Always Defect,2000000000043,1.0,1.0,0.0,0.0,0.0
2,ALLD,0.0,common_field,Always Defect,2000000000044,1.0,1.0,0.0,0.0,0.0
2,ALLD,0.0,common_field,Always Defect,2000000000045,1.0,1.0,0.0,0.0,0.0
2,ALLD,0.0,common_field,Always Defect,2000000000046,1.0,1.0,0.0,0.0,0.0
2,ALLD,0.0,common_field,Always Defect,2000000000047,1.0,1.0,0.0,0.0,0.0
2,ALLD,0.0,common_field,Always Defect,2000000000048,1.0,1.0,0.0,0.0,0.0
2,ALLD,0.0,common_field,Always Defect,2000000000049,1.0,1.0,0.0,0.0,0.0
2,ALLD,0.0,common_field,Always Defect,2000000000050,1.0,1.0,0.0,0.0,0.0
2,ALLD,0.0,common_field,Always Defect,2000000000051,1.0,1.0,0.0,0.0,0.0
2,ALLD,0.0,common_field,Always Defect,2000000000052,1.0,1.0,0.0,0.0,0.0
2,ALLD,0.0,common_field,Always Defect,2000000000053,1.0,1.0,0.0,0.0,0.0
2,ALLD,0.0,common_field,Always Defect,2000000000054,1.0,1.0,0.0,0.0,0.0
2,ALLD,0.0,common_field,Always Defect,2000000000055,1.0,1.0,0.0,0.0,0.0
2,ALLD,0.0,common_field,Always Defect,2000000000056,1.0,1.0,0.0,0.0,0.0
2,ALLD,0.0,common_field,Always Defect,2000000000057,1.0,1.0,0.0,0.0,0.0
2,ALLD,0.0,common_field,Always Defect,2000000000058,1.0,1.0,0.0,0.0,0.0
2,ALLD,0.0,common_field,Always Defect,2000000000059,1.0,1.0,0.0,0.0,0.0
2,ALLD,0.0,common_field,Grudger,2000000000040,1.05,0.9875,0.0,0.0125,0.0
2,ALLD,0.0,common_field,Grudger,2000000000041,1.05,0.9875,0.0,0.0125,0.0
2,ALLD,0.0,common_field,Grudger,2000000000042,1.05,0.9875,0.0,0.0125,0.0
2,ALLD,0.0,common_field,Grudger,2000000000043,1.05,0.9875,0.0,0.0125,0.0
2,ALLD,0.0,common_field,Grudger,2000000000044,1.05,0.9875,0.0,0.0125,0.0
2,ALLD,0.0,common_field,Grudger,2000000000045,1.05,0.9875,0.0,0.0125,0.0
2,ALLD,0.0,common_field,Grudger,2000000000046,1.05,0.9875,0.0,0.0125,0.0
2,ALLD,0.0,common_field,Grudger,2000000000047,1.05,0.9875,0.0,0.0125,0.0
2,ALLD,0.0,common_field,Grudger,2000000000048,1.05,0.9875,0.0,0.0125,0.0
2,ALLD,0.0,common_field,Grudger,2000000000049,1.05,0.9875,0.0,0.0125,0.0
2,ALLD,0.0,common_field,Grudger,2000000000050,1.05,0.9875,0.0,0.0125,0.0
2,ALLD,0.0,common_field,Grudger,2000000000051,1.05,0.9875,0.0,0.0125,0.0
2,ALLD,0.0,common_field,Grudger,2000000000052,1.05,0.9875,0.0,0.0125,0.0
2,ALLD,0.0,common_field,Grudger,2000000000053,1.05,0.9875,0.0,0.0125,0.0
2,ALLD,0.0,common_field,Grudger,2000000000054,1.05,0.9875,0.0,0.0125,0.0
2,ALLD,0.0,common_field,Grudger,2000000000055,1.05,0.9875,0.0,0.0125,0.0
2,ALLD,0.0,common_field,Grudger,2000000000056,1.05,0.9875,0.0,0.0125,0.0
2,ALLD,0.0,common_field,Grudger,2000000000057,1.05,0.9875,0.0,0.0125,0.0
2,ALLD,0.0,common_field,Grudger,2000000000058,1.05,0.9875,0.0,0.0125,0.0
2,ALLD,0.0,common_field,Grudger,2000000000059,1.05,0.9875,0.0,0.0125,0.0
2,ALLD,0.0,common_field,Joss (0.9),2000000000040,1.05,0.9875,0.0,0.0125,0.0
2,ALLD,0.0,common_field,Joss (0.9),2000000000041,1.05,0.9875,0.0,0.0125,0.0
2,ALLD,0.0,common_field,Joss (0.9),2000000000042,1.05,0.9875,0.0,0.0125,0.0
2,ALLD,0.0,common_field,Joss (0.9),2000000000043,1.05,0.9875,0.0,0.0125,0.0
2,ALLD,0.0,common_field,Joss (0.9),2000000000044,1.05,0.9875,0.0,0.0125,0.0
2,ALLD,0.0,common_field,Joss (0.9),2000000000045,1.05,0.9875,0.0,0.0125,0.0
2,ALLD,0.0,common_field,Joss (0.9),2000000000046,1.05,0.9875,0.0,0.0125,0.0
2,ALLD,0.0,common_field,Joss (0.9),2000000000047,1.05,0.9875,0.0,0.0125,0.0
2,ALLD,0.0,common_field,Joss (0.9),2000000000048,1.05,0.9875,0.0,0.0125,0.0
2,ALLD,0.0,common_field,Joss (0.9),2000000000049,1.05,0.9875,0.0,0.0125,0.0
2,ALLD,0.0,common_field,Joss (0.9),2000000000050,1.05,0.9875,0.0,0.0125,0.0
2,ALLD,0.0,common_field,Joss (0.9),2000000000051,1.05,0.9875,0.0,0.0125,0.0
2,ALLD,0.0,common_field,Joss (0.9),2000000000052,1.05,0.9875,0.0,0.0125,0.0
2,ALLD,0.0,common_field,Joss (0.9),2000000000053,1.05,0.9875,0.0,0.0125,0.0
2,ALLD,0.0,common_field,Joss (0.9),2000000000054,1.05,0.9875,0.0,0.0125,0.0
2,ALLD,0.0,common_field,Joss (0.9),2000000000055,1.05,0.9875,0.0,0.0125,0.0
2,ALLD,0.0,common_field,Joss (0.9),2000000000056,1.05,0.9875,0.0,0.0125,0.0
2,ALLD,0.0,common_field,Joss (0.9),2000000000057,1.05,0.9875,0.0,0.0125,0.0
2,ALLD,0.0,common_field,Joss (0.9),2000000000058,1.05,0.9875,0.0,0.0125,0.0
2,ALLD,0.0,common_field,Joss (0.9),2000000000059,1.05,0.9875,0.0,0.0125,0.0
2,ALLD,0.0,common_field,Random (0.5),2000000000040,2.75,0.5625,0.0,0.4375,0.0
2,ALLD,0.0,common_field,Random (0.5),2000000000041,3.2,0.45,0.0,0.55,0.0
2,ALLD,0.0,common_field,Random (0.5),2000000000042,3.0,0.5,0.0,0.5,0.0
2,ALLD,0.0,common_field,Random (0.5),2000000000043,3.35,0.4125,0.0,0.5875,0.0
2,ALLD,0.0,common_field,Random (0.5),2000000000044,2.95,0.5125,0.0,0.4875,0.0
2,ALLD,0.0,common_field,Random (0.5),2000000000045,3.0,0.5,0.0,0.5,0.0
2,ALLD,0.0,common_field,Random (0.5),2000000000046,3.2,0.45,0.0,0.55,0.0
2,ALLD,0.0,common_field,Random (0.5),2000000000047,2.7,0.575,0.0,0.425,0.0
2,ALLD,0.0,common_field,Random (0.5),2000000000048,2.9,0.525,0.0,0.475,0.0
2,ALLD,0.0,common_field,Random (0.5),2000000000049,2.7,0.575,0.0,0.425,0.0
2,ALLD,0.0,common_field,Random (0.5),2000000000050,3.35,0.4125,0.0,0.5875,0.0
2,ALLD,0.0,common_field,Random (0.5),2000000000051,3.35,0.4125,0.0,0.5875,0.0
2,ALLD,0.0,common_field,Random (0.5),2000000000052,3.25,0.4375,0.0,0.5625,0.0
2,ALLD,0.0,common_field,Random (0.5),2000000000053,3.15,0.4625,0.0,0.5375,0.0
2,ALLD,0.0,common_field,Random (0.5),2000000000054,3.15,0.4625,0.0,0.5375,0.0
2,ALLD,0.0,common_field,Random (0.5),2000000000055,3.3,0.425,0.0,0.575,0.0
2,ALLD,0.0,common_field,Random (0.5),2000000000056,2.8,0.55,0.0,0.45,0.0
2,ALLD,0.0,common_field,Random (0.5),2000000000057,2.9,0.525,0.0,0.475,0.0
2,ALLD,0.0,common_field,Random (0.5),2000000000058,2.8,0.55,0.0,0.45,0.0
2,ALLD,0.0,common_field,Random (0.5),2000000000059,2.9,0.525,0.0,0.475,0.0
2,ALLD,0.0,common_field,Tester,2000000000040,1.1,0.975,0.0,0.025,0.0
2,ALLD,0.0,common_field,Tester,2000000000041,1.1,0.975,0.0,0.025,0.0
2,ALLD,0.0,common_field,Tester,2000000000042,1.1,0.975,0.0,0.025,0.0
2,ALLD,0.0,common_field,Tester,2000000000043,1.1,0.975,0.0,0.025,0.0
2,ALLD,0.0,common_field,Tester,2000000000044,1.1,0.975,0.0,0.025,0.0
2,ALLD,0.0,common_field,Tester,2000000000045,1.1,0.975,0.0,0.025,0.0
2,ALLD,0.0,common_field,Tester,2000000000046,1.1,0.975,0.0,0.025,0.0
2,ALLD,0.0,common_field,Tester,2000000000047,1.1,0.975,0.0,0.025,0.0
2,ALLD,0.0,common_field,Tester,2000000000048,1.1,0.975,0.0,0.025,0.0
2,ALLD,0.0,common_field,Tester,2000000000049,1.1,0.975,0.0,0.025,0.0
2,ALLD,0.0,common_field,Tester,2000000000050,1.1,0.975,0.0,0.025,0.0
2,ALLD,0.0,common_field,Tester,2000000000051,1.1,0.975,0.0,0.025,0.0
2,ALLD,0.0,common_field,Tester,2000000000052,1.1,0.975,0.0,0.025,0.0
2,ALLD,0.0,common_field,Tester,2000000000053,1.1,0.975,0.0,0.025,0.0
2,ALLD,0.0,common_field,Tester,2000000000054,1.1,0.975,0.0,0.025,0.0
2,ALLD,0.0,common_field,Tester,2000000000055,1.1,0.975,0.0,0.025,0.0
2,ALLD,0.0,common_field,Tester,2000000000056,1.1,0.975,0.0,0.025,0.0
2,ALLD,0.0,common_field,Tester,2000000000057,1.1,0.975,0.0,0.025,0.0
2,ALLD,0.0,common_field,Tester,2000000000058,1.1,0.975,0.0,0.025,0.0
2,ALLD,0.0,common_field,Tester,2000000000059,1.1,0.975,0.0,0.025,0.0
2,ALLD,0.0,common_field,Pavlov (Win-Stay Lose-Shift),2000000000040,3.0,0.5,0.0,0.5,0.0
2,ALLD,0.0,common_field,Pavlov (Win-Stay Lose-Shift),2000000000041,3.0,0.5,0.0,0.5,0.0
2,ALLD,0.0,common_field,Pavlov (Win-Stay Lose-Shift),2000000000042,3.0,0.5,0.0,0.5,0.0
2,ALLD,0.0,common_field,Pavlov (Win-Stay Lose-Shift),2000000000043,3.0,0.5,0.0,0.5,0.0
2,ALLD,0.0,common_field,Pavlov (Win-Stay Lose-Shift),2000000000044,3.0,0.5,0.0,0.5,0.0
2,ALLD,0.0,common_field,Pavlov (Win-Stay Lose-Shift),2000000000045,3.0,0.5,0.0,0.5,0.0
2,ALLD,0.0,common_field,Pavlov (Win-Stay Lose-Shift),2000000000046,3.0,0.5,0.0,0.5,0.0
2,ALLD,0.0,common_field,Pavlov (Win-Stay Lose-Shift),2000000000047,3.0,0.5,0.0,0.5,0.0
2,ALLD,0.0,common_field,Pavlov (Win-Stay Lose-Shift),2000000000048,3.0,0.5,0.0,0.5,0.0
2,ALLD,0.0,common_field,Pavlov (Win-Stay Lose-Shift),2000000000049,3.0,0.5,0.0,0.5,0.0
2,ALLD,0.0,common_field,Pavlov (Win-Stay Lose-Shift),2000000000050,3.0,0.5,0.0,0.5,0.0
2,ALLD,0.0,common_field,Pavlov (Win-Stay Lose-Shift),2000000000051,3.0,0.5,0.0,0.5,0.0
2,ALLD,0.0,common_field,Pavlov (Win-Stay Lose-Shift),2000000000052,3.0,0.5,0.0,0.5,0.0
2,ALLD,0.0,common_field,Pavlov (Win-Stay Lose-Shift),2000000000053,3.0,0.5,0.0,0.5,0.0
2,ALLD,0.0,common_field,Pavlov (Win-Stay Lose-Shift),2000000000054,3.0,0.5,0.0,0.5,0.0
2,ALLD,0.0,common_field,Pavlov (Win-Stay Lose-Shift),2000000000055,3.0,0.5,0.0,0.5,0.0
2,ALLD,0.0,common_field,Pavlov (Win-Stay Lose-Shift),2000000000056,3.0,0.5,0.0,0.5,0.0
2,ALLD,0.0,common_field,Pavlov (Win-Stay Lose-Shift),2000000000057,3.0,0.5,0.0,0.5,0.0
2,ALLD,0.0,common_field,Pavlov (Win-Stay Lose-Shift),2000000000058,3.0,0.5,0.0,0.5,0.0
2,ALLD,0.0,common_field,Pavlov (Win-Stay Lose-Shift),2000000000059,3.0,0.5,0.0,0.5,0.0
2,ALLD,0.0,ALLC,Memory-1(ALLC),2000000000040,5.0,0.0,0.0,1.0,0.0
2,ALLD,0.0,ALLC,Memory-1(ALLC),2000000000041,5.0,0.0,0.0,1.0,0.0
2,ALLD,0.0,ALLC,Memory-1(ALLC),2000000000042,5.0,0.0,0.0,1.0,0.0
2,ALLD,0.0,ALLC,Memory-1(ALLC),2000000000043,5.0,0.0,0.0,1.0,0.0
2,ALLD,0.0,ALLC,Memory-1(ALLC),2000000000044,5.0,0.0,0.0,1.0,0.0
2,ALLD,0.0,ALLC,Memory-1(ALLC),2000000000045,5.0,0.0,0.0,1.0,0.0
2,ALLD,0.0,ALLC,Memory-1(ALLC),2000000000046,5.0,0.0,0.0,1.0,0.0
2,ALLD,0.0,ALLC,Memory-1(ALLC),2000000000047,5.0,0.0,0.0,1.0,0.0
2,ALLD,0.0,ALLC,Memory-1(ALLC),2000000000048,5.0,0.0,0.0,1.0,0.0
2,ALLD,0.0,ALLC,Memory-1(ALLC),2000000000049,5.0,0.0,0.0,1.0,0.0
2,ALLD,0.0,ALLC,Memory-1(ALLC),2000000000050,5.0,0.0,0.0,1.0,0.0
2,ALLD,0.0,ALLC,Memory-1(ALLC),2000000000051,5.0,0.0,0.0,1.0,0.0
2,ALLD,0.0,ALLC,Memory-1(ALLC),2000000000052,5.0,0.0,0.0,1.0,0.0
2,ALLD,0.0,ALLC,Memory-1(ALLC),2000000000053,5.0,0.0,0.0,1.0,0.0
2,ALLD,0.0,ALLC,Memory-1(ALLC),2000000000054,5.0,0.0,0.0,1.0,0.0
2,ALLD,0.0,ALLC,Memory-1(ALLC),2000000000055,5.0,0.0,0.0,1.0,0.0
2,ALLD,0.0,ALLC,Memory-1(ALLC),2000000000056,5.0,0.0,0.0,1.0,0.0
2,ALLD,0.0,ALLC,Memory-1(ALLC),2000000000057,5.0,0.0,0.0,1.0,0.0
2,ALLD,0.0,ALLC,Memory-1(ALLC),2000000000058,5.0,0.0,0.0,1.0,0.0
2,ALLD,0.0,ALLC,Memory-1(ALLC),2000000000059,5.0,0.0,0.0,1.0,0.0
2,ALLD,0.0,self,Memory-1(ALLD),2000000000040,1.0,1.0,0.0,0.0,0.0
2,ALLD,0.0,self,Memory-1(ALLD),2000000000041,1.0,1.0,0.0,0.0,0.0
2,ALLD,0.0,self,Memory-1(ALLD),2000000000042,1.0,1.0,0.0,0.0,0.0
2,ALLD,0.0,self,Memory-1(ALLD),2000000000043,1.0,1.0,0.0,0.0,0.0
2,ALLD,0.0,self,Memory-1(ALLD),2000000000044,1.0,1.0,0.0,0.0,0.0
2,ALLD,0.0,self,Memory-1(ALLD),2000000000045,1.0,1.0,0.0,0.0,0.0
2,ALLD,0.0,self,Memory-1(ALLD),2000000000046,1.0,1.0,0.0,0.0,0.0
2,ALLD,0.0,self,Memory-1(ALLD),2000000000047,1.0,1.0,0.0,0.0,0.0
2,ALLD,0.0,self,Memory-1(ALLD),2000000000048,1.0,1.0,0.0,0.0,0.0
2,ALLD,0.0,self,Memory-1(ALLD),2000000000049,1.0,1.0,0.0,0.0,0.0
2,ALLD,0.0,self,Memory-1(ALLD),2000000000050,1.0,1.0,0.0,0.0,0.0
2,ALLD,0.0,self,Memory-1(ALLD),2000000000051,1.0,1.0,0.0,0.0,0.0
2,ALLD,0.0,self,Memory-1(ALLD),2000000000052,1.0,1.0,0.0,0.0,0.0
2,ALLD,0.0,self,Memory-1(ALLD),2000000000053,1.0,1.0,0.0,0.0,0.0
2,ALLD,0.0,self,Memory-1(ALLD),2000000000054,1.0,1.0,0.0,0.0,0.0
2,ALLD,0.0,self,Memory-1(ALLD),2000000000055,1.0,1.0,0.0,0.0,0.0
2,ALLD,0.0,self,Memory-1(ALLD),2000000000056,1.0,1.0,0.0,0.0,0.0
2,ALLD,0.0,self,Memory-1(ALLD),2000000000057,1.0,1.0,0.0,0.0,0.0
2,ALLD,0.0,self,Memory-1(ALLD),2000000000058,1.0,1.0,0.0,0.0,0.0
2,ALLD,0.0,self,Memory-1(ALLD),2000000000059,1.0,1.0,0.0,0.0,0.0
2,ALLD,0.05,common_field,Tit For Tat,2000000000040,1.2875,0.975,0.0125,0.075,0.0
2,ALLD,0.05,common_field,Tit For Tat,2000000000041,1.45,1.075,0.05,0.125,0.0
2,ALLD,0.05,common_field,Tit For Tat,2000000000042,1.3625,1.2375,0.0875,0.1125,0.0
2,ALLD,0.05,common_field,Tit For Tat,2000000000043,1.375,1.0,0.025,0.1,0.0
2,ALLD,0.05,common_field,Tit For Tat,2000000000044,1.35,1.1,0.05,0.1,0.0
2,ALLD,0.05,common_field,Tit For Tat,2000000000045,1.375,1.1875,0.075,0.1125,0.0
2,ALLD,0.05,common_field,Tit For Tat,2000000000046,1.4625,1.2125,0.0875,0.1375,0.0
2,ALLD,0.05,common_field,Tit For Tat,2000000000047,1.275,1.025,0.025,0.075,0.0
2,ALLD,0.05,common_field,Tit For Tat,2000000000048,1.3625,1.05,0.0375,0.1,0.0
2,ALLD,0.05,common_field,Tit For Tat,2000000000049,1.25,1.125,0.05,0.075,0.0
2,ALLD,0.05,common_field,Tit For Tat,2000000000050,1.2625,1.0125,0.025,0.075,0.0125
2,ALLD,0.05,common_field,Tit For Tat,2000000000051,1.3875,1.075,0.05,0.1125,0.0125
2,ALLD,0.05,common_field,Tit For Tat,2000000000052,1.475,1.0375,0.05,0.1375,0.025
2,ALLD,0.05,common_field,Tit For Tat,2000000000053,1.4,1.025,0.0375,0.1125,0.0125
2,ALLD,0.05,common_field,Tit For Tat,2000000000054,1.575,1.075,0.0625,0.1625,0.0125
2,ALLD,0.05,common_field,Tit For Tat,2000000000055,1.4125,1.1625,0.075,0.125,0.0125
2,ALLD,0.05,common_field,Tit For Tat,2000000000056,1.3625,1.05,0.0375,0.1,0.0
2,ALLD,0.05,common_field,Tit For Tat,2000000000057,1.4375,1.0625,0.05,0.125,0.0125
2,ALLD,0.05,common_field,Tit For Tat,2000000000058,1.4125,1.1625,0.075,0.125,0.0125
2,ALLD,0.05,common_field,Tit For Tat,2000000000059,1.3875,1.075,0.05,0.1125,0.0125
2,ALLD,0.05,common_field,Always Defect,2000000000040,1.1875,1.0,0.0125,0.05,0.0
2,ALLD,0.05,common_field,Always Defect,2000000000041,1.2,1.1375,0.05,0.0625,0.0
2,ALLD,0.05,common_field,Always Defect,2000000000042,1.0625,1.3125,0.0875,0.0375,0.0
2,ALLD,0.05,common_field,Always Defect,2000000000043,1.225,1.0375,0.025,0.0625,0.0
2,ALLD,0.05,common_field,Always Defect,2000000000044,1.2,1.1375,0.05,0.0625,0.0
2,ALLD,0.05,common_field,Always Defect,2000000000045,1.025,1.275,0.075,0.025,0.0
2,ALLD,0.05,common_field,Always Defect,2000000000046,1.0625,1.3125,0.0875,0.0375,0.0
2,ALLD,0.05,common_field,Always Defect,2000000000047,1.125,1.0625,0.025,0.0375,0.0
2,ALLD,0.05,common_field,Always Defect,2000000000048,1.1625,1.1,0.0375,0.05,0.0
2,ALLD,0.05,common_field,Always Defect,2000000000049,1.0,1.1875,0.05,0.0125,0.0
2,ALLD,0.05,common_field,Always Defect,2000000000050,1.2125,1.025,0.025,0.0625,0.0125
2,ALLD,0.05,common_field,Always Defect,2000000000051,1.15,1.15,0.05,0.05,0.0
2,ALLD,0.05,common_field,Always Defect,2000000000052,1.325,1.075,0.05,0.1,0.025
2,ALLD,0.05,common_field,Always Defect,2000000000053,1.2,1.075,0.0375,0.0625,0.0125
2,ALLD,0.05,common_field,Always Defect,2000000000054,1.275,1.15,0.0625,0.0875,0.0125
2,ALLD,0.05,common_field,Always Defect,2000000000055,1.175,1.2375,0.075,0.0625,0.0
2,ALLD,0.05,common_field,Always Defect,2000000000056,1.1625,1.1,0.0375,0.05,0.0
2,ALLD,0.05,common_field,Always Defect,2000000000057,1.2,1.1375,0.05,0.0625,0.0
2,ALLD,0.05,common_field,Always Defect,2000000000058,1.075,1.2625,0.075,0.0375,0.0
2,ALLD,0.05,common_field,Always Defect,2000000000059,1.15,1.15,0.05,0.05,0.0
2,ALLD,0.05,common_field,Grudger,2000000000040,1.2375,0.9875,0.0125,0.0625,0.0
2,ALLD,0.05,common_field,Grudger,2000000000041,1.25,1.125,0.05,0.075,0.0
2,ALLD,0.05,common_field,Grudger,2000000000042,1.1125,1.3,0.0875,0.05,0.0
2,ALLD,0.05,common_field,Grudger,2000000000043,1.275,1.025,0.025,0.075,0.0
2,ALLD,0.05,common_field,Grudger,2000000000044,1.25,1.125,0.05,0.075,0.0
2,ALLD,0.05,common_field,Grudger,2000000000045,1.075,1.2625,0.075,0.0375,0.0
2,ALLD,0.05,common_field,Grudger,2000000000046,1.1125,1.3,0.0875,0.05,0.0
2,ALLD,0.05,common_field,Grudger,2000000000047,1.175,1.05,0.025,0.05,0.0
2,ALLD,0.05,common_field,Grudger,2000000000048,1.2125,1.0875,0.0375,0.0625,0.0
2,ALLD,0.05,common_field,Grudger,2000000000049,1.05,1.175,0.05,0.025,0.0
2,ALLD,0.05,common_field,Grudger,2000000000050,1.1625,1.0375,0.025,0.05,0.0125
2,ALLD,0.05,common_field,Grudger,2000000000051,1.2,1.1375,0.05,0.0625,0.0
2,ALLD,0.05,common_field,Grudger,2000000000052,1.375,1.0625,0.05,0.1125,0.025
2,ALLD,0.05,common_field,Grudger,2000000000053,1.25,1.0625,0.0375,0.075,0.0125
2,ALLD,0.05,common_field,Grudger,2000000000054,1.325,1.1375,0.0625,0.1,0.0125
2,ALLD,0.05,common_field,Grudger,2000000000055,1.225,1.225,0.075,0.075,0.0
2,ALLD,0.05,common_field,Grudger,2000000000056,1.2125,1.0875,0.0375,0.0625,0.0
2,ALLD,0.05,common_field,Grudger,2000000000057,1.25,1.125,0.05,0.075,0.0
2,ALLD,0.05,common_field,Grudger,2000000000058,1.1625,1.225,0.075,0.0625,0.0125
2,ALLD,0.05,common_field,Grudger,2000000000059,1.2,1.1375,0.05,0.0625,0.0
2,ALLD,0.05,common_field,Joss (0.9),2000000000040,1.2875,0.975,0.0125,0.075,0.0
2,ALLD,0.05,common_field,Joss (0.9),2000000000041,1.45,1.075,0.05,0.125,0.0
2,ALLD,0.05,common_field,Joss (0.9),2000000000042,1.4125,1.225,0.0875,0.125,0.0
2,ALLD,0.05,common_field,Joss (0.9),2000000000043,1.375,1.0,0.025,0.1,0.0
2,ALLD,0.05,common_field,Joss (0.9),2000000000044,1.3875,1.075,0.05,0.1125,0.0125
2,ALLD,0.05,common_field,Joss (0.9),2000000000045,1.375,1.1875,0.075,0.1125,0.0
2,ALLD,0.05,common_field,Joss (0.9),2000000000046,1.4625,1.2125,0.0875,0.1375,0.0
2,ALLD,0.05,common_field,Joss (0.9),2000000000047,1.225,1.0375,0.025,0.0625,0.0
2,ALLD,0.05,common_field,Joss (0.9),2000000000048,1.3625,1.05,0.0375,0.1,0.0
2,ALLD,0.05,common_field,Joss (0.9),2000000000049,1.25,1.125,0.05,0.075,0.0
2,ALLD,0.05,common_field,Joss (0.9),2000000000050,1.2625,1.0125,0.025,0.075,0.0125
2,ALLD,0.05,common_field,Joss (0.9),2000000000051,1.3875,1.075,0.05,0.1125,0.0125
2,ALLD,0.05,common_field,Joss (0.9),2000000000052,1.5875,1.025,0.05,0.1625,0.0125
2,ALLD,0.05,common_field,Joss (0.9),2000000000053,1.4125,1.0375,0.0375,0.1125,0.0
2,ALLD,0.05,common_field,Joss (0.9),2000000000054,1.5625,1.0625,0.0625,0.1625,0.025
2,ALLD,0.05,common_field,Joss (0.9),2000000000055,1.35,1.1625,0.075,0.1125,0.025
2,ALLD,0.05,common_field,Joss (0.9),2000000000056,1.2125,1.0875,0.0375,0.0625,0.0
2,ALLD,0.05,common_field,Joss (0.9),2000000000057,1.4375,1.0625,0.05,0.125,0.0125
2,ALLD,0.05,common_field,Joss (0.9),2000000000058,1.3625,1.175,0.075,0.1125,0.0125
2,ALLD,0.05,common_field,Joss (0.9),2000000000059,1.4375,1.0625,0.05,0.125,0.0125
2,ALLD,0.05,common_field,Random (0.5),2000000000040,2.8375,0.5875,0.0125,0.4625,0.0
2,ALLD,0.05,common_field,Random (0.5),2000000000041,3.0625,0.625,0.05,0.5375,0.0375
2,ALLD,0.05,common_field,Random (0.5),2000000000042,3.05,0.7375,0.0875,0.55,0.0625
2,ALLD,0.05,common_field,Random (0.5),2000000000043,3.0125,0.575,0.025,0.5125,0.0125
2,ALLD,0.05,common_field,Random (0.5),2000000000044,2.7875,0.725,0.05,0.4625,0.0125
2,ALLD,0.05,common_field,Random (0.5),2000000000045,2.975,0.725,0.075,0.525,0.05
2,ALLD,0.05,common_field,Random (0.5),2000000000046,2.9375,0.8125,0.0875,0.5125,0.025
2,ALLD,0.05,common_field,Random (0.5),2000000000047,2.875,0.625,0.025,0.475,0.0
2,ALLD,0.05,common_field,Random (0.5),2000000000048,2.8875,0.6375,0.0375,0.4875,0.025
2,ALLD,0.05,common_field,Random (0.5),2000000000049,2.7625,0.7,0.05,0.4625,0.0375
2,ALLD,0.05,common_field,Random (0.5),2000000000050,3.0125,0.575,0.025,0.5125,0.0125
2,ALLD,0.05,common_field,Random (0.5),2000000000051,3.0125,0.6375,0.05,0.525,0.0375
2,ALLD,0.05,common_field,Random (0.5),2000000000052,3.2375,0.6125,0.05,0.575,0.0125
2,ALLD,0.05,common_field,Random (0.5),2000000000053,3.425,0.4875,0.0375,0.625,0.0375
2,ALLD,0.05,common_field,Random (0.5),2000000000054,3.1125,0.675,0.0625,0.55,0.025
2,ALLD,0.05,common_field,Random (0.5),2000000000055,3.1625,0.6625,0.075,0.575,0.0625
2,ALLD,0.05,common_field,Random (0.5),2000000000056,3.05,0.6125,0.0375,0.525,0.0125
2,ALLD,0.05,common_field,Random (0.5),2000000000057,2.525,0.775,0.05,0.4,0.025
2,ALLD,0.05,common_field,Random (0.5),2000000000058,2.775,0.775,0.075,0.475,0.05
2,ALLD,0.05,common_field,Random (0.5),2000000000059,3.1375,0.6375,0.05,0.55,0.0125
2,ALLD,0.05,common_field,Tester,2000000000040,1.3375,0.9625,0.0125,0.0875,0.0
2,ALLD,0.05,common_field,Tester,2000000000041,1.5,1.0625,0.05,0.1375,0.0
2,ALLD,0.05,common_field,Tester,2000000000042,1.4125,1.225,0.0875,0.125,0.0
2,ALLD,0.05,common_field,Tester,2000000000043,1.425,0.9875,0.025,0.1125,0.0
2,ALLD,0.05,common_field,Tester,2000000000044,1.4,1.0875,0.05,0.1125,0.0
2,ALLD,0.05,common_field,Tester,2000000000045,1.4125,1.1625,0.075,0.125,0.0125
2,ALLD,0.05,common_field,Tester,2000000000046,1.5125,1.2,0.0875,0.15,0.0
2,ALLD,0.05,common_field,Tester,2000000000047,1.325,1.0125,0.025,0.0875,0.0
2,ALLD,0.05,common_field,Tester,2000000000048,1.4125,1.0375,0.0375,0.1125,0.0
2,ALLD,0.05,common_field,Tester,2000000000049,1.3,1.1125,0.05,0.0875,0.0
2,ALLD,0.05,common_field,Tester,2000000000050,1.3125,1.0,0.025,0.0875,0.0125
2,ALLD,0.05,common_field,Tester,2000000000051,1.4375,1.0625,0.05,0.125,0.0125
2,ALLD,0.05,common_field,Tester,2000000000052,1.425,1.05,0.05,0.125,0.025
2,ALLD,0.05,common_field,Tester,2000000000053,1.45,1.0125,0.0375,0.125,0.0125
2,ALLD,0.05,common_field,Tester,2000000000054,1.625,1.0625,0.0625,0.175,0.0125
2,ALLD,0.05,common_field,Tester,2000000000055,1.4625,1.15,0.075,0.1375,0.0125
2,ALLD,0.05,common_field,Tester,2000000000056,1.4125,1.0375,0.0375,0.1125,0.0
2,ALLD,0.05,common_field,Tester,2000000000057,1.4875,1.05,0.05,0.1375,0.0125
2,ALLD,0.05,common_field,Tester,2000000000058,1.4125,1.1625,0.075,0.125,0.0125
2,ALLD,0.05,common_field,Tester,2000000000059,1.4375,1.0625,0.05,0.125,0.0125
2,ALLD,0.05,common_field,Pavlov (Win-Stay Lose-Shift),2000000000040,3.025,0.525,0.0125,0.5125,0.0125
2,ALLD,0.05,common_field,Pavlov (Win-Stay Lose-Shift),2000000000041,2.925,0.675,0.05,0.5,0.025
2,ALLD,0.05,common_field,Pavlov (Win-Stay Lose-Shift),2000000000042,2.8375,0.8375,0.0875,0.4875,0.025
2,ALLD,0.05,common_field,Pavlov (Win-Stay Lose-Shift),2000000000043,3.025,0.5875,0.025,0.5125,0.0
2,ALLD,0.05,common_field,Pavlov (Win-Stay Lose-Shift),2000000000044,2.975,0.6625,0.05,0.5125,0.025
2,ALLD,0.05,common_field,Pavlov (Win-Stay Lose-Shift),2000000000045,2.85,0.7875,0.075,0.4875,0.025
2,ALLD,0.05,common_field,Pavlov (Win-Stay Lose-Shift),2000000000046,2.8625,0.8,0.0875,0.5,0.05
2,ALLD,0.05,common_field,Pavlov (Win-Stay Lose-Shift),2000000000047,2.9125,0.6,0.025,0.4875,0.0125
2,ALLD,0.05,common_field,Pavlov (Win-Stay Lose-Shift),2000000000048,3.0125,0.6375,0.0375,0.5125,0.0
2,ALLD,0.05,common_field,Pavlov (Win-Stay Lose-Shift),2000000000049,3.0125,0.6375,0.05,0.525,0.0375
2,ALLD,0.05,common_field,Pavlov (Win-Stay Lose-Shift),2000000000050,2.925,0.6125,0.025,0.4875,0.0
2,ALLD,0.05,common_field,Pavlov (Win-Stay Lose-Shift),2000000000051,3.0125,0.6375,0.05,0.525,0.0375
2,ALLD,0.05,common_field,Pavlov (Win-Stay Lose-Shift),2000000000052,3.0125,0.6375,0.05,0.525,0.0375
2,ALLD,0.05,common_field,Pavlov (Win-Stay Lose-Shift),2000000000053,2.8625,0.675,0.0375,0.475,0.0
2,ALLD,0.05,common_field,Pavlov (Win-Stay Lose-Shift),2000000000054,3.0375,0.6625,0.0625,0.5375,0.05
2,ALLD,0.05,common_field,Pavlov (Win-Stay Lose-Shift),2000000000055,2.9,0.775,0.075,0.5,0.025
2,ALLD,0.05,common_field,Pavlov (Win-Stay Lose-Shift),2000000000056,3.025,0.5875,0.0375,0.525,0.0375
2,ALLD,0.05,common_field,Pavlov (Win-Stay Lose-Shift),2000000000057,2.925,0.675,0.05,0.5,0.025
2,ALLD,0.05,common_field,Pavlov (Win-Stay Lose-Shift),2000000000058,2.975,0.725,0.075,0.525,0.05
2,ALLD,0.05,common_field,Pavlov (Win-Stay Lose-Shift),2000000000059,2.8375,0.7125,0.05,0.475,0.0125
2,ALLD,0.05,ALLC,Memory-1(ALLC),2000000000040,4.775,0.0875,0.0125,0.95,0.0125
2,ALLD,0.05,ALLC,Memory-1(ALLC),2000000000041,4.55,0.2375,0.05,0.9125,0.05
2,ALLD,0.05,ALLC,Memory-1(ALLC),2000000000042,4.7375,0.3,0.0875,0.975,0.075
2,ALLD,0.05,ALLC,Memory-1(ALLC),2000000000043,4.75,0.125,0.025,0.95,0.025
2,ALLD,0.05,ALLC,Memory-1(ALLC),2000000000044,4.6,0.225,0.05,0.925,0.05
2,ALLD,0.05,ALLC,Memory-1(ALLC),2000000000045,4.525,0.3375,0.075,0.9125,0.05
2,ALLD,0.05,ALLC,Memory-1(ALLC),2000000000046,4.725,0.2875,0.0875,0.975,0.0875
2,ALLD,0.05,ALLC,Memory-1(ALLC),2000000000047,4.8,0.1125,0.025,0.9625,0.025
2,ALLD,0.05,ALLC,Memory-1(ALLC),2000000000048,4.725,0.1625,0.0375,0.95,0.0375
2,ALLD,0.05,ALLC,Memory-1(ALLC),2000000000049,4.8,0.175,0.05,0.975,0.05
2,ALLD,0.05,ALLC,Memory-1(ALLC),2000000000050,4.75,0.125,0.025,0.95,0.025
2,ALLD,0.05,ALLC,Memory-1(ALLC),2000000000051,4.7125,0.2125,0.05,0.95,0.0375
2,ALLD,0.05,ALLC,Memory-1(ALLC),2000000000052,4.7625,0.2,0.05,0.9625,0.0375
2,ALLD,0.05,ALLC,Memory-1(ALLC),2000000000053,4.675,0.175,0.0375,0.9375,0.0375
2,ALLD,0.05,ALLC,Memory-1(ALLC),2000000000054,4.575,0.2625,0.0625,0.925,0.0625
2,ALLD,0.05,ALLC,Memory-1(ALLC),2000000000055,4.7,0.2625,0.075,0.9625,0.075
2,ALLD,0.05,ALLC,Memory-1(ALLC),2000000000056,4.7375,0.175,0.0375,0.95,0.025
2,ALLD,0.05,ALLC,Memory-1(ALLC),2000000000057,4.6,0.225,0.05,0.925,0.05
2,ALLD,0.05,ALLC,Memory-1(ALLC),2000000000058,4.65,0.275,0.075,0.95,0.075
2,ALLD,0.05,ALLC,Memory-1(ALLC),2000000000059,4.6,0.225,0.05,0.925,0.05
2,ALLD,0.05,self,Memory-1(ALLD),2000000000040,1.1875,1.0,0.0125,0.05,0.0
2,ALLD,0.05,self,Memory-1(ALLD),2000000000041,1.3,1.1125,0.05,0.0875,0.0
2,ALLD,0.05,self,Memory-1(ALLD),2000000000042,1.0,1.3125,0.0875,0.025,0.0125
2,ALLD,0.05,self,Memory-1(ALLD),2000000000043,1.175,1.05,0.025,0.05,0.0
2,ALLD,0.05,self,Memory-1(ALLD),2000000000044,1.25,1.125,0.05,0.075,0.0
2,ALLD,0.05,self,Memory-1(ALLD),2000000000045,1.25,1.1875,0.075,0.0875,0.025
2,ALLD,0.05,self,Memory-1(ALLD),2000000000046,1.0125,1.325,0.0875,0.025,0.0
2,ALLD,0.05,self,Memory-1(ALLD),2000000000047,1.125,1.0625,0.025,0.0375,0.0
2,ALLD,0.05,self,Memory-1(ALLD),2000000000048,1.1625,1.1,0.0375,0.05,0.0
2,ALLD,0.05,self,Memory-1(ALLD),2000000000049,1.05,1.175,0.05,0.025,0.0
2,ALLD,0.05,self,Memory-1(ALLD),2000000000050,1.175,1.05,0.025,0.05,0.0
2,ALLD,0.05,self,Memory-1(ALLD),2000000000051,1.1375,1.1375,0.05,0.05,0.0125
2,ALLD,0.05,self,Memory-1(ALLD),2000000000052,1.0875,1.15,0.05,0.0375,0.0125
2,ALLD,0.05,self,Memory-1(ALLD),2000000000053,1.2125,1.0875,0.0375,0.0625,0.0
2,ALLD,0.05,self,Memory-1(ALLD),2000000000054,1.2375,1.175,0.0625,0.075,0.0
2,ALLD,0.05,self,Memory-1(ALLD),2000000000055,1.075,1.2625,0.075,0.0375,0.0
2,ALLD,0.05,self,Memory-1(ALLD),2000000000056,1.15,1.0875,0.0375,0.05,0.0125
2,ALLD,0.05,self,Memory-1(ALLD),2000000000057,1.25,1.125,0.05,0.075,0.0
2,ALLD,0.05,self,Memory-1(ALLD),2000000000058,1.125,1.25,0.075,0.05,0.0
2,ALLD,0.05,self,Memory-1(ALLD),2000000000059,1.25,1.125,0.05,0.075,0.0
3,TFT,0.0,common_field,Tit For Tat,2000000000060,3.0,3.0,1.0,1.0,1.0
3,TFT,0.0,common_field,Tit For Tat,2000000000061,3.0,3.0,1.0,1.0,1.0
3,TFT,0.0,common_field,Tit For Tat,2000000000062,3.0,3.0,1.0,1.0,1.0
3,TFT,0.0,common_field,Tit For Tat,2000000000063,3.0,3.0,1.0,1.0,1.0
3,TFT,0.0,common_field,Tit For Tat,2000000000064,3.0,3.0,1.0,1.0,1.0
3,TFT,0.0,common_field,Tit For Tat,2000000000065,3.0,3.0,1.0,1.0,1.0
3,TFT,0.0,common_field,Tit For Tat,2000000000066,3.0,3.0,1.0,1.0,1.0
3,TFT,0.0,common_field,Tit For Tat,2000000000067,3.0,3.0,1.0,1.0,1.0
3,TFT,0.0,common_field,Tit For Tat,2000000000068,3.0,3.0,1.0,1.0,1.0
3,TFT,0.0,common_field,Tit For Tat,2000000000069,3.0,3.0,1.0,1.0,1.0
3,TFT,0.0,common_field,Tit For Tat,2000000000070,3.0,3.0,1.0,1.0,1.0
3,TFT,0.0,common_field,Tit For Tat,2000000000071,3.0,3.0,1.0,1.0,1.0
3,TFT,0.0,common_field,Tit For Tat,2000000000072,3.0,3.0,1.0,1.0,1.0
3,TFT,0.0,common_field,Tit For Tat,2000000000073,3.0,3.0,1.0,1.0,1.0
3,TFT,0.0,common_field,Tit For Tat,2000000000074,3.0,3.0,1.0,1.0,1.0
3,TFT,0.0,common_field,Tit For Tat,2000000000075,3.0,3.0,1.0,1.0,1.0
3,TFT,0.0,common_field,Tit For Tat,2000000000076,3.0,3.0,1.0,1.0,1.0
3,TFT,0.0,common_field,Tit For Tat,2000000000077,3.0,3.0,1.0,1.0,1.0
3,TFT,0.0,common_field,Tit For Tat,2000000000078,3.0,3.0,1.0,1.0,1.0
3,TFT,0.0,common_field,Tit For Tat,2000000000079,3.0,3.0,1.0,1.0,1.0
3,TFT,0.0,common_field,Always Defect,2000000000060,0.9875,1.05,0.0125,0.0,0.0
3,TFT,0.0,common_field,Always Defect,2000000000061,0.9875,1.05,0.0125,0.0,0.0
3,TFT,0.0,common_field,Always Defect,2000000000062,0.9875,1.05,0.0125,0.0,0.0
3,TFT,0.0,common_field,Always Defect,2000000000063,0.9875,1.05,0.0125,0.0,0.0
3,TFT,0.0,common_field,Always Defect,2000000000064,0.9875,1.05,0.0125,0.0,0.0
3,TFT,0.0,common_field,Always Defect,2000000000065,0.9875,1.05,0.0125,0.0,0.0
3,TFT,0.0,common_field,Always Defect,2000000000066,0.9875,1.05,0.0125,0.0,0.0
3,TFT,0.0,common_field,Always Defect,2000000000067,0.9875,1.05,0.0125,0.0,0.0
3,TFT,0.0,common_field,Always Defect,2000000000068,0.9875,1.05,0.0125,0.0,0.0
3,TFT,0.0,common_field,Always Defect,2000000000069,0.9875,1.05,0.0125,0.0,0.0
3,TFT,0.0,common_field,Always Defect,2000000000070,0.9875,1.05,0.0125,0.0,0.0
3,TFT,0.0,common_field,Always Defect,2000000000071,0.9875,1.05,0.0125,0.0,0.0
3,TFT,0.0,common_field,Always Defect,2000000000072,0.9875,1.05,0.0125,0.0,0.0
3,TFT,0.0,common_field,Always Defect,2000000000073,0.9875,1.05,0.0125,0.0,0.0
3,TFT,0.0,common_field,Always Defect,2000000000074,0.9875,1.05,0.0125,0.0,0.0
3,TFT,0.0,common_field,Always Defect,2000000000075,0.9875,1.05,0.0125,0.0,0.0
3,TFT,0.0,common_field,Always Defect,2000000000076,0.9875,1.05,0.0125,0.0,0.0
3,TFT,0.0,common_field,Always Defect,2000000000077,0.9875,1.05,0.0125,0.0,0.0
3,TFT,0.0,common_field,Always Defect,2000000000078,0.9875,1.05,0.0125,0.0,0.0
3,TFT,0.0,common_field,Always Defect,2000000000079,0.9875,1.05,0.0125,0.0,0.0
3,TFT,0.0,common_field,Grudger,2000000000060,3.0,3.0,1.0,1.0,1.0
3,TFT,0.0,common_field,Grudger,2000000000061,3.0,3.0,1.0,1.0,1.0
3,TFT,0.0,common_field,Grudger,2000000000062,3.0,3.0,1.0,1.0,1.0
3,TFT,0.0,common_field,Grudger,2000000000063,3.0,3.0,1.0,1.0,1.0
3,TFT,0.0,common_field,Grudger,2000000000064,3.0,3.0,1.0,1.0,1.0
3,TFT,0.0,common_field,Grudger,2000000000065,3.0,3.0,1.0,1.0,1.0
3,TFT,0.0,common_field,Grudger,2000000000066,3.0,3.0,1.0,1.0,1.0
3,TFT,0.0,common_field,Grudger,2000000000067,3.0,3.0,1.0,1.0,1.0
3,TFT,0.0,common_field,Grudger,2000000000068,3.0,3.0,1.0,1.0,1.0
3,TFT,0.0,common_field,Grudger,2000000000069,3.0,3.0,1.0,1.0,1.0
3,TFT,0.0,common_field,Grudger,2000000000070,3.0,3.0,1.0,1.0,1.0
3,TFT,0.0,common_field,Grudger,2000000000071,3.0,3.0,1.0,1.0,1.0
3,TFT,0.0,common_field,Grudger,2000000000072,3.0,3.0,1.0,1.0,1.0
3,TFT,0.0,common_field,Grudger,2000000000073,3.0,3.0,1.0,1.0,1.0
3,TFT,0.0,common_field,Grudger,2000000000074,3.0,3.0,1.0,1.0,1.0
3,TFT,0.0,common_field,Grudger,2000000000075,3.0,3.0,1.0,1.0,1.0
3,TFT,0.0,common_field,Grudger,2000000000076,3.0,3.0,1.0,1.0,1.0
3,TFT,0.0,common_field,Grudger,2000000000077,3.0,3.0,1.0,1.0,1.0
3,TFT,0.0,common_field,Grudger,2000000000078,3.0,3.0,1.0,1.0,1.0
3,TFT,0.0,common_field,Grudger,2000000000079,3.0,3.0,1.0,1.0,1.0
3,TFT,0.0,common_field,Joss (0.9),2000000000060,1.1,1.1625,0.0625,0.05,0.0375
3,TFT,0.0,common_field,Joss (0.9),2000000000061,2.0125,2.075,0.4,0.3875,0.1375
3,TFT,0.0,common_field,Joss (0.9),2000000000062,1.475,1.5375,0.2125,0.2,0.1125
3,TFT,0.0,common_field,Joss (0.9),2000000000063,1.05,1.1125,0.0375,0.025,0.0125
3,TFT,0.0,common_field,Joss (0.9),2000000000064,1.125,1.1875,0.075,0.0625,0.05
3,TFT,0.0,common_field,Joss (0.9),2000000000065,1.325,1.3875,0.1625,0.15,0.1125
3,TFT,0.0,common_field,Joss (0.9),2000000000066,1.225,1.2875,0.1,0.0875,0.025
3,TFT,0.0,common_field,Joss (0.9),2000000000067,1.1625,1.225,0.075,0.0625,0.0125
3,TFT,0.0,common_field,Joss (0.9),2000000000068,1.1375,1.2,0.075,0.0625,0.0375
3,TFT,0.0,common_field,Joss (0.9),2000000000069,2.0875,2.15,0.4625,0.45,0.25
3,TFT,0.0,common_field,Joss (0.9),2000000000070,1.4,1.4625,0.175,0.1625,0.075
3,TFT,0.0,common_field,Joss (0.9),2000000000071,1.2625,1.325,0.1125,0.1,0.025
3,TFT,0.0,common_field,Joss (0.9),2000000000072,1.7,1.7625,0.35,0.3375,0.3
3,TFT,0.0,common_field,Joss (0.9),2000000000073,1.7875,1.85,0.3625,0.35,0.25
3,TFT,0.0,common_field,Joss (0.9),2000000000074,1.0375,1.1,0.0375,0.025,0.025
3,TFT,0.0,common_field,Joss (0.9),2000000000075,1.875,1.9375,0.375,0.3625,0.2
3,TFT,0.0,common_field,Joss (0.9),2000000000076,1.4125,1.475,0.175,0.1625,0.0625
3,TFT,0.0,common_field,Joss (0.9),2000000000077,2.4875,2.55,0.55,0.5375,0.1125
3,TFT,0.0,common_field,Joss (0.9),2000000000078,1.975,2.0375,0.4875,0.475,0.4375
3,TFT,0.0,common_field,Joss (0.9),2000000000079,1.1875,1.25,0.1,0.0875,0.0625
3,TFT,0.0,common_field,Random (0.5),2000000000060,2.35,2.35,0.5375,0.5375,0.2625
3,TFT,0.0,common_field,Random (0.5),2000000000061,2.3375,2.3375,0.5375,0.5375,0.275
3,TFT,0.0,common_field,Random (0.5),2000000000062,2.2875,2.2875,0.5125,0.5125,0.25
3,TFT,0.0,common_field,Random (0.5),2000000000063,2.2375,2.3,0.525,0.5125,0.2875
3,TFT,0.0,common_field,Random (0.5),2000000000064,2.4375,2.4375,0.5875,0.5875,0.325
3,TFT,0.0,common_field,Random (0.5),2000000000065,2.425,2.425,0.575,0.575,0.3
3,TFT,0.0,common_field,Random (0.5),2000000000066,2.1375,2.2,0.4375,0.425,0.125
3,TFT,0.0,common_field,Random (0.5),2000000000067,1.9875,2.05,0.3875,0.375,0.125
3,TFT,0.0,common_field,Random (0.5),2000000000068,2.25,2.3125,0.5,0.4875,0.2
3,TFT,0.0,common_field,Random (0.5),2000000000069,2.3125,2.375,0.5625,0.55,0.325
3,TFT,0.0,common_field,Random (0.5),2000000000070,2.2875,2.2875,0.525,0.525,0.2875
3,TFT,0.0,common_field,Random (0.5),2000000000071,2.3375,2.3375,0.5375,0.5375,0.275
3,TFT,0.0,common_field,Random (0.5),2000000000072,2.2,2.2,0.4625,0.4625,0.1875
3,TFT,0.0,common_field,Random (0.5),2000000000073,2.1625,2.225,0.4875,0.475,0.25
3,TFT,0.0,common_field,Random (0.5),2000000000074,2.325,2.3875,0.5625,0.55,0.3125
3,TFT,0.0,common_field,Random (0.5),2000000000075,2.0625,2.0625,0.425,0.425,0.2125
3,TFT,0.0,common_field,Random (0.5),2000000000076,2.2375,2.2375,0.5,0.5,0.2625
3,TFT,0.0,common_field,Random (0.5),2000000000077,2.125,2.1875,0.45,0.4375,0.175
3,TFT,0.0,common_field,Random (0.5),2000000000078,2.4375,2.5,0.6125,0.6,0.35
3,TFT,0.0,common_field,Random (0.5),2000000000079,2.125,2.1875,0.4625,0.45,0.2125
3,TFT,0.0,common_field,Tester,2000000000060,1.0125,1.075,0.025,0.0125,0.0125
3,TFT,0.0,common_field,Tester,2000000000061,1.0125,1.075,0.025,0.0125,0.0125
3,TFT,0.0,common_field,Tester,2000000000062,1.0125,1.075,0.025,0.0125,0.0125
3,TFT,0.0,common_field,Tester,2000000000063,1.0125,1.075,0.025,0.0125,0.0125
3,TFT,0.0,common_field,Tester,2000000000064,1.0125,1.075,0.025,0.0125,0.0125
3,TFT,0.0,common_field,Tester,2000000000065,1.0125,1.075,0.025,0.0125,0.0125
3,TFT,0.0,common_field,Tester,2000000000066,1.0125,1.075,0.025,0.0125,0.0125
3,TFT,0.0,common_field,Tester,2000000000067,1.0125,1.075,0.025,0.0125,0.0125
3,TFT,0.0,common_field,Tester,2000000000068,1.0125,1.075,0.025,0.0125,0.0125
3,TFT,0.0,common_field,Tester,2000000000069,1.0125,1.075,0.025,0.0125,0.0125
3,TFT,0.0,common_field,Tester,2000000000070,1.0125,1.075,0.025,0.0125,0.0125
3,TFT,0.0,common_field,Tester,2000000000071,1.0125,1.075,0.025,0.0125,0.0125
3,TFT,0.0,common_field,Tester,2000000000072,1.0125,1.075,0.025,0.0125,0.0125
3,TFT,0.0,common_field,Tester,2000000000073,1.0125,1.075,0.025,0.0125,0.0125
3,TFT,0.0,common_field,Tester,2000000000074,1.0125,1.075,0.025,0.0125,0.0125
3,TFT,0.0,common_field,Tester,2000000000075,1.0125,1.075,0.025,0.0125,0.0125
3,TFT,0.0,common_field,Tester,2000000000076,1.0125,1.075,0.025,0.0125,0.0125
3,TFT,0.0,common_field,Tester,2000000000077,1.0125,1.075,0.025,0.0125,0.0125
3,TFT,0.0,common_field,Tester,2000000000078,1.0125,1.075,0.025,0.0125,0.0125
3,TFT,0.0,common_field,Tester,2000000000079,1.0125,1.075,0.025,0.0125,0.0125
3,TFT,0.0,common_field,Pavlov (Win-Stay Lose-Shift),2000000000060,3.0,3.0,1.0,1.0,1.0
3,TFT,0.0,common_field,Pavlov (Win-Stay Lose-Shift),2000000000061,3.0,3.0,1.0,1.0,1.0
3,TFT,0.0,common_field,Pavlov (Win-Stay Lose-Shift),2000000000062,3.0,3.0,1.0,1.0,1.0
3,TFT,0.0,common_field,Pavlov (Win-Stay Lose-Shift),2000000000063,3.0,3.0,1.0,1.0,1.0
3,TFT,0.0,common_field,Pavlov (Win-Stay Lose-Shift),2000000000064,3.0,3.0,1.0,1.0,1.0
3,TFT,0.0,common_field,Pavlov (Win-Stay Lose-Shift),2000000000065,3.0,3.0,1.0,1.0,1.0
3,TFT,0.0,common_field,Pavlov (Win-Stay Lose-Shift),2000000000066,3.0,3.0,1.0,1.0,1.0
3,TFT,0.0,common_field,Pavlov (Win-Stay Lose-Shift),2000000000067,3.0,3.0,1.0,1.0,1.0
3,TFT,0.0,common_field,Pavlov (Win-Stay Lose-Shift),2000000000068,3.0,3.0,1.0,1.0,1.0
3,TFT,0.0,common_field,Pavlov (Win-Stay Lose-Shift),2000000000069,3.0,3.0,1.0,1.0,1.0
3,TFT,0.0,common_field,Pavlov (Win-Stay Lose-Shift),2000000000070,3.0,3.0,1.0,1.0,1.0
3,TFT,0.0,common_field,Pavlov (Win-Stay Lose-Shift),2000000000071,3.0,3.0,1.0,1.0,1.0
3,TFT,0.0,common_field,Pavlov (Win-Stay Lose-Shift),2000000000072,3.0,3.0,1.0,1.0,1.0
3,TFT,0.0,common_field,Pavlov (Win-Stay Lose-Shift),2000000000073,3.0,3.0,1.0,1.0,1.0
3,TFT,0.0,common_field,Pavlov (Win-Stay Lose-Shift),2000000000074,3.0,3.0,1.0,1.0,1.0
3,TFT,0.0,common_field,Pavlov (Win-Stay Lose-Shift),2000000000075,3.0,3.0,1.0,1.0,1.0
3,TFT,0.0,common_field,Pavlov (Win-Stay Lose-Shift),2000000000076,3.0,3.0,1.0,1.0,1.0
3,TFT,0.0,common_field,Pavlov (Win-Stay Lose-Shift),2000000000077,3.0,3.0,1.0,1.0,1.0
3,TFT,0.0,common_field,Pavlov (Win-Stay Lose-Shift),2000000000078,3.0,3.0,1.0,1.0,1.0
3,TFT,0.0,common_field,Pavlov (Win-Stay Lose-Shift),2000000000079,3.0,3.0,1.0,1.0,1.0
3,TFT,0.0,ALLC,Memory-1(ALLC),2000000000060,3.0,3.0,1.0,1.0,1.0
3,TFT,0.0,ALLC,Memory-1(ALLC),2000000000061,3.0,3.0,1.0,1.0,1.0
3,TFT,0.0,ALLC,Memory-1(ALLC),2000000000062,3.0,3.0,1.0,1.0,1.0
3,TFT,0.0,ALLC,Memory-1(ALLC),2000000000063,3.0,3.0,1.0,1.0,1.0
3,TFT,0.0,ALLC,Memory-1(ALLC),2000000000064,3.0,3.0,1.0,1.0,1.0
3,TFT,0.0,ALLC,Memory-1(ALLC),2000000000065,3.0,3.0,1.0,1.0,1.0
3,TFT,0.0,ALLC,Memory-1(ALLC),2000000000066,3.0,3.0,1.0,1.0,1.0
3,TFT,0.0,ALLC,Memory-1(ALLC),2000000000067,3.0,3.0,1.0,1.0,1.0
3,TFT,0.0,ALLC,Memory-1(ALLC),2000000000068,3.0,3.0,1.0,1.0,1.0
3,TFT,0.0,ALLC,Memory-1(ALLC),2000000000069,3.0,3.0,1.0,1.0,1.0
3,TFT,0.0,ALLC,Memory-1(ALLC),2000000000070,3.0,3.0,1.0,1.0,1.0
3,TFT,0.0,ALLC,Memory-1(ALLC),2000000000071,3.0,3.0,1.0,1.0,1.0
3,TFT,0.0,ALLC,Memory-1(ALLC),2000000000072,3.0,3.0,1.0,1.0,1.0
3,TFT,0.0,ALLC,Memory-1(ALLC),2000000000073,3.0,3.0,1.0,1.0,1.0
3,TFT,0.0,ALLC,Memory-1(ALLC),2000000000074,3.0,3.0,1.0,1.0,1.0
3,TFT,0.0,ALLC,Memory-1(ALLC),2000000000075,3.0,3.0,1.0,1.0,1.0
3,TFT,0.0,ALLC,Memory-1(ALLC),2000000000076,3.0,3.0,1.0,1.0,1.0
3,TFT,0.0,ALLC,Memory-1(ALLC),2000000000077,3.0,3.0,1.0,1.0,1.0
3,TFT,0.0,ALLC,Memory-1(ALLC),2000000000078,3.0,3.0,1.0,1.0,1.0
3,TFT,0.0,ALLC,Memory-1(ALLC),2000000000079,3.0,3.0,1.0,1.0,1.0
3,TFT,0.0,self,Memory-1(TFT),2000000000060,3.0,3.0,1.0,1.0,1.0
3,TFT,0.0,self,Memory-1(TFT),2000000000061,3.0,3.0,1.0,1.0,1.0
3,TFT,0.0,self,Memory-1(TFT),2000000000062,3.0,3.0,1.0,1.0,1.0
3,TFT,0.0,self,Memory-1(TFT),2000000000063,3.0,3.0,1.0,1.0,1.0
3,TFT,0.0,self,Memory-1(TFT),2000000000064,3.0,3.0,1.0,1.0,1.0
3,TFT,0.0,self,Memory-1(TFT),2000000000065,3.0,3.0,1.0,1.0,1.0
3,TFT,0.0,self,Memory-1(TFT),2000000000066,3.0,3.0,1.0,1.0,1.0
3,TFT,0.0,self,Memory-1(TFT),2000000000067,3.0,3.0,1.0,1.0,1.0
3,TFT,0.0,self,Memory-1(TFT),2000000000068,3.0,3.0,1.0,1.0,1.0
3,TFT,0.0,self,Memory-1(TFT),2000000000069,3.0,3.0,1.0,1.0,1.0
3,TFT,0.0,self,Memory-1(TFT),2000000000070,3.0,3.0,1.0,1.0,1.0
3,TFT,0.0,self,Memory-1(TFT),2000000000071,3.0,3.0,1.0,1.0,1.0
3,TFT,0.0,self,Memory-1(TFT),2000000000072,3.0,3.0,1.0,1.0,1.0
3,TFT,0.0,self,Memory-1(TFT),2000000000073,3.0,3.0,1.0,1.0,1.0
3,TFT,0.0,self,Memory-1(TFT),2000000000074,3.0,3.0,1.0,1.0,1.0
3,TFT,0.0,self,Memory-1(TFT),2000000000075,3.0,3.0,1.0,1.0,1.0
3,TFT,0.0,self,Memory-1(TFT),2000000000076,3.0,3.0,1.0,1.0,1.0
3,TFT,0.0,self,Memory-1(TFT),2000000000077,3.0,3.0,1.0,1.0,1.0
3,TFT,0.0,self,Memory-1(TFT),2000000000078,3.0,3.0,1.0,1.0,1.0
3,TFT,0.0,self,Memory-1(TFT),2000000000079,3.0,3.0,1.0,1.0,1.0
3,TFT,0.05,common_field,Tit For Tat,2000000000060,2.225,2.35,0.475,0.45,0.1
3,TFT,0.05,common_field,Tit For Tat,2000000000061,2.075,2.2625,0.4625,0.425,0.1625
3,TFT,0.05,common_field,Tit For Tat,2000000000062,1.8,1.7375,0.2875,0.3,0.1125
3,TFT,0.05,common_field,Tit For Tat,2000000000063,2.125,2.125,0.3875,0.3875,0.0375
3,TFT,0.05,common_field,Tit For Tat,2000000000064,2.2875,2.1625,0.4625,0.4875,0.2
3,TFT,0.05,common_field,Tit For Tat,2000000000065,2.7375,2.675,0.725,0.7375,0.4875
3,TFT,0.05,common_field,Tit For Tat,2000000000066,2.3,2.175,0.5,0.525,0.3
3,TFT,0.05,common_field,Tit For Tat,2000000000067,2.1125,2.05,0.3875,0.4,0.1
3,TFT,0.05,common_field,Tit For Tat,2000000000068,1.9,2.025,0.375,0.35,0.125
3,TFT,0.05,common_field,Tit For Tat,2000000000069,2.1125,1.925,0.325,0.3625,0.0125
3,TFT,0.05,common_field,Tit For Tat,2000000000070,2.0125,2.0125,0.35,0.35,0.0375
3,TFT,0.05,common_field,Tit For Tat,2000000000071,2.45,2.45,0.575,0.575,0.275
3,TFT,0.05,common_field,Tit For Tat,2000000000072,2.6,2.6,0.6625,0.6625,0.3875
3,TFT,0.05,common_field,Tit For Tat,2000000000073,2.7375,2.55,0.675,0.7125,0.4375
3,TFT,0.05,common_field,Tit For Tat,2000000000074,2.5125,2.45,0.6,0.6125,0.3375
3,TFT,0.05,common_field,Tit For Tat,2000000000075,2.0625,2.1875,0.425,0.4,0.1125
3,TFT,0.05,common_field,Tit For Tat,2000000000076,1.9875,1.8625,0.3125,0.3375,0.05
3,TFT,0.05,common_field,Tit For Tat,2000000000077,2.4625,2.4625,0.575,0.575,0.2625
3,TFT,0.05,common_field,Tit For Tat,2000000000078,1.775,1.9,0.35,0.325,0.175
3,TFT,0.05,common_field,Tit For Tat,2000000000079,2.0,1.9375,0.3625,0.375,0.1375
3,TFT,0.05,common_field,Always Defect,2000000000060,1.125,1.4375,0.125,0.0625,0.0
3,TFT,0.05,common_field,Always Defect,2000000000061,1.0875,1.4,0.1125,0.05,0.0
3,TFT,0.05,common_field,Always Defect,2000000000062,1.1875,1.5,0.15,0.0875,0.0125
3,TFT,0.05,common_field,Always Defect,2000000000063,1.075,1.5125,0.15,0.0625,0.025
3,TFT,0.05,common_field,Always Defect,2000000000064,1.175,1.4875,0.15,0.0875,0.025
3,TFT,0.05,common_field,Always Defect,2000000000065,1.1125,1.4875,0.1375,0.0625,0.0
3,TFT,0.05,common_field,Always Defect,2000000000066,1.1125,1.4875,0.1375,0.0625,0.0
3,TFT,0.05,common_field,Always Defect,2000000000067,1.0125,1.2625,0.075,0.025,0.0125
3,TFT,0.05,common_field,Always Defect,2000000000068,1.1375,1.45,0.1375,0.075,0.025
3,TFT,0.05,common_field,Always Defect,2000000000069,1.025,1.275,0.075,0.025,0.0
3,TFT,0.05,common_field,Always Defect,2000000000070,1.05,1.3625,0.1,0.0375,0.0
3,TFT,0.05,common_field,Always Defect,2000000000071,1.25,1.4375,0.1375,0.1,0.0125
3,TFT,0.05,common_field,Always Defect,2000000000072,1.075,1.45,0.125,0.05,0.0
3,TFT,0.05,common_field,Always Defect,2000000000073,1.1,1.475,0.1375,0.0625,0.0125
3,TFT,0.05,common_field,Always Defect,2000000000074,1.025,1.275,0.075,0.025,0.0
3,TFT,0.05,common_field,Always Defect,2000000000075,1.05,1.175,0.05,0.025,0.0
3,TFT,0.05,common_field,Always Defect,2000000000076,1.0625,1.3125,0.0875,0.0375,0.0
3,TFT,0.05,common_field,Always Defect,2000000000077,1.0375,1.4125,0.1125,0.0375,0.0
3,TFT,0.05,common_field,Always Defect,2000000000078,1.225,1.5375,0.1625,0.1,0.0125
3,TFT,0.05,common_field,Always Defect,2000000000079,0.9875,1.425,0.1125,0.025,0.0
3,TFT,0.05,common_field,Grudger,2000000000060,1.3,1.6125,0.2125,0.15,0.0875
3,TFT,0.05,common_field,Grudger,2000000000061,1.325,1.7625,0.275,0.1875,0.15
3,TFT,0.05,common_field,Grudger,2000000000062,1.2,1.5125,0.15,0.0875,0.0
3,TFT,0.05,common_field,Grudger,2000000000063,1.1,1.5375,0.1625,0.075,0.0375
3,TFT,0.05,common_field,Grudger,2000000000064,1.2125,1.525,0.1625,0.1,0.025
3,TFT,0.05,common_field,Grudger,2000000000065,1.35,1.6,0.2125,0.1625,0.0875
3,TFT,0.05,common_field,Grudger,2000000000066,1.35,1.6,0.2125,0.1625,0.0875
3,TFT,0.05,common_field,Grudger,2000000000067,1.275,1.4,0.1625,0.1375,0.1125
3,TFT,0.05,common_field,Grudger,2000000000068,1.15,1.4625,0.1375,0.075,0.0125
3,TFT,0.05,common_field,Grudger,2000000000069,1.1125,1.2375,0.075,0.05,0.0125
3,TFT,0.05,common_field,Grudger,2000000000070,1.125,1.4375,0.1375,0.075,0.0375
3,TFT,0.05,common_field,Grudger,2000000000071,1.3375,1.4,0.1375,0.125,0.025
3,TFT,0.05,common_field,Grudger,2000000000072,1.15,1.525,0.1625,0.0875,0.0375
3,TFT,0.05,common_field,Grudger,2000000000073,1.1875,1.4375,0.1375,0.0875,0.025
3,TFT,0.05,common_field,Grudger,2000000000074,1.2875,1.4125,0.1625,0.1375,0.1
3,TFT,0.05,common_field,Grudger,2000000000075,1.275,1.4,0.1625,0.1375,0.1125
3,TFT,0.05,common_field,Grudger,2000000000076,1.225,1.35,0.125,0.1,0.05
3,TFT,0.05,common_field,Grudger,2000000000077,1.5375,1.9125,0.3625,0.2875,0.25
3,TFT,0.05,common_field,Grudger,2000000000078,1.4375,1.625,0.225,0.1875,0.0875
3,TFT,0.05,common_field,Grudger,2000000000079,1.3,1.6125,0.225,0.1625,0.125
3,TFT,0.05,common_field,Joss (0.9),2000000000060,2.4125,2.725,0.7125,0.65,0.475
3,TFT,0.05,common_field,Joss (0.9),2000000000061,2.2125,2.15,0.4125,0.425,0.075
3,TFT,0.05,common_field,Joss (0.9),2000000000062,1.85,1.9125,0.3625,0.35,0.1875
3,TFT,0.05,common_field,Joss (0.9),2000000000063,2.6,2.725,0.7,0.675,0.4
3,TFT,0.05,common_field,Joss (0.9),2000000000064,1.975,1.975,0.375,0.375,0.15
3,TFT,0.05,common_field,Joss (0.9),2000000000065,2.6125,2.6125,0.7375,0.7375,0.6
3,TFT,0.05,common_field,Joss (0.9),2000000000066,2.325,2.3875,0.525,0.5125,0.2
3,TFT,0.05,common_field,Joss (0.9),2000000000067,1.4,1.525,0.1875,0.1625,0.0625
3,TFT,0.05,common_field,Joss (0.9),2000000000068,1.75,1.8125,0.3,0.2875,0.1
3,TFT,0.05,common_field,Joss (0.9),2000000000069,1.475,1.6,0.2125,0.1875,0.0625
3,TFT,0.05,common_field,Joss (0.9),2000000000070,1.8125,2.125,0.425,0.3625,0.2125
3,TFT,0.05,common_field,Joss (0.9),2000000000071,1.8125,1.8125,0.3,0.3,0.0875
3,TFT,0.05,common_field,Joss (0.9),2000000000072,1.75,1.75,0.3,0.3,0.15
3,TFT,0.05,common_field,Joss (0.9),2000000000073,2.2375,2.05,0.4125,0.45,0.15
3,TFT,0.05,common_field,Joss (0.9),2000000000074,2.4875,2.675,0.625,0.5875,0.2375
3,TFT,0.05,common_field,Joss (0.9),2000000000075,1.85,1.975,0.35,0.325,0.1
3,TFT,0.05,common_field,Joss (0.9),2000000000076,2.1625,2.2875,0.475,0.45,0.1625
3,TFT,0.05,common_field,Joss (0.9),2000000000077,2.225,2.1625,0.4875,0.5,0.2875
3,TFT,0.05,common_field,Joss (0.9),2000000000078,2.4375,2.5625,0.6875,0.6625,0.525
3,TFT,0.05,common_field,Joss (0.9),2000000000079,1.9875,1.9875,0.35,0.35,0.0625
3,TFT,0.05,common_field,Random (0.5),2000000000060,2.35,2.1625,0.5,0.5375,0.3
3,TFT,0.05,common_field,Random (0.5),2000000000061,2.075,2.1375,0.4375,0.425,0.1875
3,TFT,0.05,common_field,Random (0.5),2000000000062,2.2125,2.275,0.525,0.5125,0.3125
3,TFT,0.05,common_field,Random (0.5),2000000000063,1.95,2.2,0.4625,0.4125,0.2375
3,TFT,0.05,common_field,Random (0.5),2000000000064,2.2375,2.05,0.45,0.4875,0.2625
3,TFT,0.05,common_field,Random (0.5),2000000000065,2.1625,2.2875,0.525,0.5,0.3125
3,TFT,0.05,common_field,Random (0.5),2000000000066,2.35,2.4125,0.5875,0.575,0.3625
3,TFT,0.05,common_field,Random (0.5),2000000000067,1.95,2.075,0.4,0.375,0.15
3,TFT,0.05,common_field,Random (0.5),2000000000068,2.35,2.225,0.5125,0.5375,0.2875
3,TFT,0.05,common_field,Random (0.5),2000000000069,2.1,2.225,0.45,0.425,0.15
3,TFT,0.05,common_field,Random (0.5),2000000000070,2.225,2.35,0.525,0.5,0.25
3,TFT,0.05,common_field,Random (0.5),2000000000071,2.1875,2.1875,0.475,0.475,0.2375
3,TFT,0.05,common_field,Random (0.5),2000000000072,2.525,2.2125,0.5125,0.575,0.2625
3,TFT,0.05,common_field,Random (0.5),2000000000073,2.2,1.95,0.425,0.475,0.275
3,TFT,0.05,common_field,Random (0.5),2000000000074,2.2375,2.3,0.5125,0.5,0.25
3,TFT,0.05,common_field,Random (0.5),2000000000075,2.025,2.025,0.3875,0.3875,0.1375
3,TFT,0.05,common_field,Random (0.5),2000000000076,2.2,2.2,0.45,0.45,0.15
3,TFT,0.05,common_field,Random (0.5),2000000000077,2.1625,2.1625,0.4375,0.4375,0.15
3,TFT,0.05,common_field,Random (0.5),2000000000078,2.075,2.2,0.4875,0.4625,0.2875
3,TFT,0.05,common_field,Random (0.5),2000000000079,2.1,2.0375,0.4125,0.425,0.1875
3,TFT,0.05,common_field,Tester,2000000000060,1.15,1.4625,0.1375,0.075,0.0125
3,TFT,0.05,common_field,Tester,2000000000061,1.1125,1.425,0.125,0.0625,0.0125
3,TFT,0.05,common_field,Tester,2000000000062,2.5125,2.6375,0.7125,0.6875,0.525
3,TFT,0.05,common_field,Tester,2000000000063,1.0875,1.525,0.1625,0.075,0.05
3,TFT,0.05,common_field,Tester,2000000000064,1.2125,1.525,0.1625,0.1,0.025
3,TFT,0.05,common_field,Tester,2000000000065,1.1375,1.5125,0.15,0.075,0.0125
3,TFT,0.05,common_field,Tester,2000000000066,1.1375,1.5125,0.15,0.075,0.0125
3,TFT,0.05,common_field,Tester,2000000000067,1.0375,1.2875,0.0875,0.0375,0.025
3,TFT,0.05,common_field,Tester,2000000000068,2.525,2.4625,0.625,0.6375,0.4
3,TFT,0.05,common_field,Tester,2000000000069,2.5875,2.7125,0.675,0.65,0.3375
3,TFT,0.05,common_field,Tester,2000000000070,1.075,1.3875,0.1125,0.05,0.0125
3,TFT,0.05,common_field,Tester,2000000000071,2.1875,2.125,0.425,0.4375,0.1375
3,TFT,0.05,common_field,Tester,2000000000072,1.1,1.475,0.1375,0.0625,0.0125
3,TFT,0.05,common_field,Tester,2000000000073,1.8125,1.9375,0.325,0.3,0.0625
3,TFT,0.05,common_field,Tester,2000000000074,1.05,1.3,0.0875,0.0375,0.0125
3,TFT,0.05,common_field,Tester,2000000000075,1.075,1.2,0.0625,0.0375,0.0125
3,TFT,0.05,common_field,Tester,2000000000076,1.0875,1.3375,0.1,0.05,0.0125
3,TFT,0.05,common_field,Tester,2000000000077,1.0625,1.4375,0.125,0.05,0.0125
3,TFT,0.05,common_field,Tester,2000000000078,1.25,1.5625,0.175,0.1125,0.025
3,TFT,0.05,common_field,Tester,2000000000079,1.0125,1.45,0.125,0.0375,0.0125
3,TFT,0.05,common_field,Pavlov (Win-Stay Lose-Shift),2000000000060,2.2125,2.2125,0.475,0.475,0.2125
3,TFT,0.05,common_field,Pavlov (Win-Stay Lose-Shift),2000000000061,1.9375,2.125,0.375,0.3375,0.0375
3,TFT,0.05,common_field,Pavlov (Win-Stay Lose-Shift),2000000000062,2.4625,2.4625,0.6375,0.6375,0.45
3,TFT,0.05,common_field,Pavlov (Win-Stay Lose-Shift),2000000000063,2.2875,2.1625,0.475,0.5,0.2375
3,TFT,0.05,common_field,Pavlov (Win-Stay Lose-Shift),2000000000064,2.35,2.35,0.55,0.55,0.3
3,TFT,0.05,common_field,Pavlov (Win-Stay Lose-Shift),2000000000065,2.1,2.1,0.4125,0.4125,0.1375
3,TFT,0.05,common_field,Pavlov (Win-Stay Lose-Shift),2000000000066,2.6125,2.425,0.65,0.6875,0.4875
3,TFT,0.05,common_field,Pavlov (Win-Stay Lose-Shift),2000000000067,2.1375,2.1375,0.4125,0.4125,0.1
3,TFT,0.05,common_field,Pavlov (Win-Stay Lose-Shift),2000000000068,2.425,2.425,0.625,0.625,0.45
3,TFT,0.05,common_field,Pavlov (Win-Stay Lose-Shift),2000000000069,2.375,2.375,0.575,0.575,0.35
3,TFT,0.05,common_field,Pavlov (Win-Stay Lose-Shift),2000000000070,2.3,2.3625,0.5625,0.55,0.3375
3,TFT,0.05,common_field,Pavlov (Win-Stay Lose-Shift),2000000000071,2.225,2.35,0.5375,0.5125,0.2875
3,TFT,0.05,common_field,Pavlov (Win-Stay Lose-Shift),2000000000072,2.1375,2.1375,0.425,0.425,0.1375
3,TFT,0.05,common_field,Pavlov (Win-Stay Lose-Shift),2000000000073,2.3125,2.4375,0.575,0.55,0.3125
3,TFT,0.05,common_field,Pavlov (Win-Stay Lose-Shift),2000000000074,2.3,2.1125,0.45,0.4875,0.2
3,TFT,0.05,common_field,Pavlov (Win-Stay Lose-Shift),2000000000075,2.0875,2.0875,0.4,0.4,0.1125
3,TFT,0.05,common_field,Pavlov (Win-Stay Lose-Shift),2000000000076,2.475,2.475,0.6375,0.6375,0.4375
3,TFT,0.05,common_field,Pavlov (Win-Stay Lose-Shift),2000000000077,2.1625,2.4125,0.5375,0.4875,0.25
3,TFT,0.05,common_field,Pavlov (Win-Stay Lose-Shift),2000000000078,2.2375,2.3,0.525,0.5125,0.2875
3,TFT,0.05,common_field,Pavlov (Win-Stay Lose-Shift),2000000000079,2.2875,2.1625,0.475,0.5,0.2375
3,TFT,0.05,ALLC,Memory-1(ALLC),2000000000060,3.0625,2.6875,0.85,0.925,0.7875
3,TFT,0.05,ALLC,Memory-1(ALLC),2000000000061,3.1,2.725,0.875,0.95,0.825
3,TFT,0.05,ALLC,Memory-1(ALLC),2000000000062,3.025,2.775,0.875,0.925,0.8
3,TFT,0.05,ALLC,Memory-1(ALLC),2000000000063,3.0625,2.6875,0.85,0.925,0.7875
3,TFT,0.05,ALLC,Memory-1(ALLC),2000000000064,3.0875,2.7125,0.8625,0.9375,0.8
3,TFT,0.05,ALLC,Memory-1(ALLC),2000000000065,3.0375,2.725,0.875,0.9375,0.8375
3,TFT,0.05,ALLC,Memory-1(ALLC),2000000000066,3.0375,2.85,0.925,0.9625,0.8875
3,TFT,0.05,ALLC,Memory-1(ALLC),2000000000067,3.025,2.8375,0.9125,0.95,0.8625
3,TFT,0.05,ALLC,Memory-1(ALLC),2000000000068,3.0625,2.8125,0.9125,0.9625,0.875
3,TFT,0.05,ALLC,Memory-1(ALLC),2000000000069,3.025,2.8375,0.9125,0.95,0.8625
3,TFT,0.05,ALLC,Memory-1(ALLC),2000000000070,2.925,2.925,0.9375,0.9375,0.8875
3,TFT,0.05,ALLC,Memory-1(ALLC),2000000000071,3.025,2.7125,0.85,0.9125,0.775
3,TFT,0.05,ALLC,Memory-1(ALLC),2000000000072,3.1125,2.675,0.85,0.9375,0.7875
3,TFT,0.05,ALLC,Memory-1(ALLC),2000000000073,3.0625,2.75,0.875,0.9375,0.8125
3,TFT,0.05,ALLC,Memory-1(ALLC),2000000000074,3.1125,2.8,0.925,0.9875,0.9125
3,TFT,0.05,ALLC,Memory-1(ALLC),2000000000075,2.9875,2.925,0.95,0.9625,0.9125
3,TFT,0.05,ALLC,Memory-1(ALLC),2000000000076,2.975,2.7875,0.875,0.9125,0.8
3,TFT,0.05,ALLC,Memory-1(ALLC),2000000000077,3.0125,2.7,0.8375,0.9,0.75
3,TFT,0.05,ALLC,Memory-1(ALLC),2000000000078,3.05,2.675,0.85,0.925,0.8
3,TFT,0.05,ALLC,Memory-1(ALLC),2000000000079,3.0625,2.8125,0.9125,0.9625,0.875
3,TFT,0.05,self,Memory-1(TFT),2000000000060,2.5,2.5,0.6125,0.6125,0.3375
3,TFT,0.05,self,Memory-1(TFT),2000000000061,2.4125,2.475,0.5625,0.55,0.225
3,TFT,0.05,self,Memory-1(TFT),2000000000062,2.6875,2.5,0.675,0.7125,0.4875
3,TFT,0.05,self,Memory-1(TFT),2000000000063,2.3875,2.45,0.6625,0.65,0.55
3,TFT,0.05,self,Memory-1(TFT),2000000000064,2.1875,2.0625,0.4625,0.4875,0.3
3,TFT,0.05,self,Memory-1(TFT),2000000000065,2.625,2.625,0.675,0.675,0.4
3,TFT,0.05,self,Memory-1(TFT),2000000000066,2.25,2.1875,0.5,0.5125,0.3
3,TFT,0.05,self,Memory-1(TFT),2000000000067,2.125,2.125,0.45,0.45,0.225
3,TFT,0.05,self,Memory-1(TFT),2000000000068,2.4375,2.5,0.525,0.5125,0.0875
3,TFT,0.05,self,Memory-1(TFT),2000000000069,2.05,1.8625,0.3375,0.375,0.1125
3,TFT,0.05,self,Memory-1(TFT),2000000000070,2.5875,2.7125,0.725,0.7,0.4875
3,TFT,0.05,self,Memory-1(TFT),2000000000071,2.55,2.4875,0.575,0.5875,0.225
3,TFT,0.05,self,Memory-1(TFT),2000000000072,2.0375,2.1,0.4375,0.425,0.225
3,TFT,0.05,self,Memory-1(TFT),2000000000073,2.1625,1.975,0.3875,0.425,0.15
3,TFT,0.05,self,Memory-1(TFT),2000000000074,2.4375,2.3125,0.5,0.525,0.1625
3,TFT,0.05,self,Memory-1(TFT),2000000000075,2.65,2.5875,0.6125,0.625,0.2375
3,TFT,0.05,self,Memory-1(TFT),2000000000076,2.325,2.1375,0.4625,0.5,0.2125
3,TFT,0.05,self,Memory-1(TFT),2000000000077,2.4625,2.3375,0.55,0.575,0.2875
3,TFT,0.05,self,Memory-1(TFT),2000000000078,2.5125,2.5125,0.65,0.65,0.4375
3,TFT,0.05,self,Memory-1(TFT),2000000000079,2.175,2.175,0.45,0.45,0.175
3,GTFT(0.1),0.0,common_field,Tit For Tat,2000000000060,3.0,3.0,1.0,1.0,1.0
3,GTFT(0.1),0.0,common_field,Tit For Tat,2000000000061,3.0,3.0,1.0,1.0,1.0
3,GTFT(0.1),0.0,common_field,Tit For Tat,2000000000062,3.0,3.0,1.0,1.0,1.0
3,GTFT(0.1),0.0,common_field,Tit For Tat,2000000000063,3.0,3.0,1.0,1.0,1.0
3,GTFT(0.1),0.0,common_field,Tit For Tat,2000000000064,3.0,3.0,1.0,1.0,1.0
3,GTFT(0.1),0.0,common_field,Tit For Tat,2000000000065,3.0,3.0,1.0,1.0,1.0
3,GTFT(0.1),0.0,common_field,Tit For Tat,2000000000066,3.0,3.0,1.0,1.0,1.0
3,GTFT(0.1),0.0,common_field,Tit For Tat,2000000000067,3.0,3.0,1.0,1.0,1.0
3,GTFT(0.1),0.0,common_field,Tit For Tat,2000000000068,3.0,3.0,1.0,1.0,1.0
3,GTFT(0.1),0.0,common_field,Tit For Tat,2000000000069,3.0,3.0,1.0,1.0,1.0
3,GTFT(0.1),0.0,common_field,Tit For Tat,2000000000070,3.0,3.0,1.0,1.0,1.0
3,GTFT(0.1),0.0,common_field,Tit For Tat,2000000000071,3.0,3.0,1.0,1.0,1.0
3,GTFT(0.1),0.0,common_field,Tit For Tat,2000000000072,3.0,3.0,1.0,1.0,1.0
3,GTFT(0.1),0.0,common_field,Tit For Tat,2000000000073,3.0,3.0,1.0,1.0,1.0
3,GTFT(0.1),0.0,common_field,Tit For Tat,2000000000074,3.0,3.0,1.0,1.0,1.0
3,GTFT(0.1),0.0,common_field,Tit For Tat,2000000000075,3.0,3.0,1.0,1.0,1.0
3,GTFT(0.1),0.0,common_field,Tit For Tat,2000000000076,3.0,3.0,1.0,1.0,1.0
3,GTFT(0.1),0.0,common_field,Tit For Tat,2000000000077,3.0,3.0,1.0,1.0,1.0
3,GTFT(0.1),0.0,common_field,Tit For Tat,2000000000078,3.0,3.0,1.0,1.0,1.0
3,GTFT(0.1),0.0,common_field,Tit For Tat,2000000000079,3.0,3.0,1.0,1.0,1.0
3,GTFT(0.1),0.0,common_field,Always Defect,2000000000060,0.9,1.4,0.1,0.0,0.0
3,GTFT(0.1),0.0,common_field,Always Defect,2000000000061,0.9,1.4,0.1,0.0,0.0
3,GTFT(0.1),0.0,common_field,Always Defect,2000000000062,0.875,1.5,0.125,0.0,0.0
3,GTFT(0.1),0.0,common_field,Always Defect,2000000000063,0.9125,1.35,0.0875,0.0,0.0
3,GTFT(0.1),0.0,common_field,Always Defect,2000000000064,0.8875,1.45,0.1125,0.0,0.0
3,GTFT(0.1),0.0,common_field,Always Defect,2000000000065,0.8375,1.65,0.1625,0.0,0.0
3,GTFT(0.1),0.0,common_field,Always Defect,2000000000066,0.85,1.6,0.15,0.0,0.0
3,GTFT(0.1),0.0,common_field,Always Defect,2000000000067,0.875,1.5,0.125,0.0,0.0
3,GTFT(0.1),0.0,common_field,Always Defect,2000000000068,0.9375,1.25,0.0625,0.0,0.0
3,GTFT(0.1),0.0,common_field,Always Defect,2000000000069,0.85,1.6,0.15,0.0,0.0
3,GTFT(0.1),0.0,common_field,Always Defect,2000000000070,0.9375,1.25,0.0625,0.0,0.0
3,GTFT(0.1),0.0,common_field,Always Defect,2000000000071,0.9375,1.25,0.0625,0.0,0.0
3,GTFT(0.1),0.0,common_field,Always Defect,2000000000072,0.8625,1.55,0.1375,0.0,0.0
3,GTFT(0.1),0.0,common_field,Always Defect,2000000000073,0.8875,1.45,0.1125,0.0,0.0
3,GTFT(0.1),0.0,common_field,Always Defect,2000000000074,0.85,1.6,0.15,0.0,0.0
3,GTFT(0.1),0.0,common_field,Always Defect,2000000000075,0.925,1.3,0.075,0.0,0.0
3,GTFT(0.1),0.0,common_field,Always Defect,2000000000076,0.9,1.4,0.1,0.0,0.0
3,GTFT(0.1),0.0,common_field,Always Defect,2000000000077,0.875,1.5,0.125,0.0,0.0
3,GTFT(0.1),0.0,common_field,Always Defect,2000000000078,0.8625,1.55,0.1375,0.0,0.0
3,GTFT(0.1),0.0,common_field,Always Defect,2000000000079,0.8375,1.65,0.1625,0.0,0.0
3,GTFT(0.1),0.0,common_field,Grudger,2000000000060,3.0,3.0,1.0,1.0,1.0
3,GTFT(0.1),0.0,common_field,Grudger,2000000000061,3.0,3.0,1.0,1.0,1.0
3,GTFT(0.1),0.0,common_field,Grudger,2000000000062,3.0,3.0,1.0,1.0,1.0
3,GTFT(0.1),0.0,common_field,Grudger,2000000000063,3.0,3.0,1.0,1.0,1.0
3,GTFT(0.1),0.0,common_field,Grudger,2000000000064,3.0,3.0,1.0,1.0,1.0
3,GTFT(0.1),0.0,common_field,Grudger,2000000000065,3.0,3.0,1.0,1.0,1.0
3,GTFT(0.1),0.0,common_field,Grudger,2000000000066,3.0,3.0,1.0,1.0,1.0
3,GTFT(0.1),0.0,common_field,Grudger,2000000000067,3.0,3.0,1.0,1.0,1.0
3,GTFT(0.1),0.0,common_field,Grudger,2000000000068,3.0,3.0,1.0,1.0,1.0
3,GTFT(0.1),0.0,common_field,Grudger,2000000000069,3.0,3.0,1.0,1.0,1.0
3,GTFT(0.1),0.0,common_field,Grudger,2000000000070,3.0,3.0,1.0,1.0,1.0
3,GTFT(0.1),0.0,common_field,Grudger,2000000000071,3.0,3.0,1.0,1.0,1.0
3,GTFT(0.1),0.0,common_field,Grudger,2000000000072,3.0,3.0,1.0,1.0,1.0
3,GTFT(0.1),0.0,common_field,Grudger,2000000000073,3.0,3.0,1.0,1.0,1.0
3,GTFT(0.1),0.0,common_field,Grudger,2000000000074,3.0,3.0,1.0,1.0,1.0
3,GTFT(0.1),0.0,common_field,Grudger,2000000000075,3.0,3.0,1.0,1.0,1.0
3,GTFT(0.1),0.0,common_field,Grudger,2000000000076,3.0,3.0,1.0,1.0,1.0
3,GTFT(0.1),0.0,common_field,Grudger,2000000000077,3.0,3.0,1.0,1.0,1.0
3,GTFT(0.1),0.0,common_field,Grudger,2000000000078,3.0,3.0,1.0,1.0,1.0
3,GTFT(0.1),0.0,common_field,Grudger,2000000000079,3.0,3.0,1.0,1.0,1.0
3,GTFT(0.1),0.0,common_field,Joss (0.9),2000000000060,2.0,2.3125,0.475,0.4125,0.175
3,GTFT(0.1),0.0,common_field,Joss (0.9),2000000000061,2.475,2.725,0.625,0.575,0.2
3,GTFT(0.1),0.0,common_field,Joss (0.9),2000000000062,1.975,2.2875,0.5,0.4375,0.275
3,GTFT(0.1),0.0,common_field,Joss (0.9),2000000000063,1.8875,2.1375,0.4,0.35,0.1125
3,GTFT(0.1),0.0,common_field,Joss (0.9),2000000000064,2.4125,2.6625,0.625,0.575,0.2625
3,GTFT(0.1),0.0,common_field,Joss (0.9),2000000000065,2.525,2.775,0.675,0.625,0.3
3,GTFT(0.1),0.0,common_field,Joss (0.9),2000000000066,1.975,2.35,0.4625,0.3875,0.1125
3,GTFT(0.1),0.0,common_field,Joss (0.9),2000000000067,2.075,2.3875,0.5125,0.45,0.2125
3,GTFT(0.1),0.0,common_field,Joss (0.9),2000000000068,1.5125,1.7625,0.275,0.225,0.1125
3,GTFT(0.1),0.0,common_field,Joss (0.9),2000000000069,2.525,2.7125,0.65,0.6125,0.275
3,GTFT(0.1),0.0,common_field,Joss (0.9),2000000000070,1.775,2.025,0.3625,0.3125,0.1125
3,GTFT(0.1),0.0,common_field,Joss (0.9),2000000000071,2.25,2.5625,0.55,0.4875,0.15
3,GTFT(0.1),0.0,common_field,Joss (0.9),2000000000072,2.125,2.5,0.6125,0.5375,0.4125
3,GTFT(0.1),0.0,common_field,Joss (0.9),2000000000073,2.6375,2.825,0.7875,0.75,0.575
3,GTFT(0.1),0.0,common_field,Joss (0.9),2000000000074,2.1625,2.475,0.5875,0.525,0.35
3,GTFT(0.1),0.0,common_field,Joss (0.9),2000000000075,1.8875,2.075,0.4125,0.375,0.2
3,GTFT(0.1),0.0,common_field,Joss (0.9),2000000000076,1.9875,2.3,0.5,0.4375,0.2625
3,GTFT(0.1),0.0,common_field,Joss (0.9),2000000000077,2.2,2.3875,0.6125,0.575,0.4875
3,GTFT(0.1),0.0,common_field,Joss (0.9),2000000000078,2.3875,2.6375,0.6875,0.6375,0.475
3,GTFT(0.1),0.0,common_field,Joss (0.9),2000000000079,2.5125,2.7625,0.7625,0.7125,0.575
3,GTFT(0.1),0.0,common_field,Random (0.5),2000000000060,2.2375,2.55,0.6,0.5375,0.3125
3,GTFT(0.1),0.0,common_field,Random (0.5),2000000000061,2.2875,2.4125,0.5625,0.5375,0.3
3,GTFT(0.1),0.0,common_field,Random (0.5),2000000000062,2.25,2.4375,0.55,0.5125,0.25
3,GTFT(0.1),0.0,common_field,Random (0.5),2000000000063,2.175,2.4875,0.575,0.5125,0.3
3,GTFT(0.1),0.0,common_field,Random (0.5),2000000000064,2.375,2.625,0.6375,0.5875,0.3375
3,GTFT(0.1),0.0,common_field,Random (0.5),2000000000065,2.375,2.5,0.6,0.575,0.325
3,GTFT(0.1),0.0,common_field,Random (0.5),2000000000066,1.9875,2.55,0.5375,0.425,0.175
3,GTFT(0.1),0.0,common_field,Random (0.5),2000000000067,1.925,2.3,0.45,0.375,0.125
3,GTFT(0.1),0.0,common_field,Random (0.5),2000000000068,2.225,2.35,0.5125,0.4875,0.2125
3,GTFT(0.1),0.0,common_field,Random (0.5),2000000000069,2.25,2.5625,0.6125,0.55,0.3375
3,GTFT(0.1),0.0,common_field,Random (0.5),2000000000070,2.225,2.4125,0.5625,0.525,0.3125
3,GTFT(0.1),0.0,common_field,Random (0.5),2000000000071,2.2875,2.4125,0.5625,0.5375,0.3
3,GTFT(0.1),0.0,common_field,Random (0.5),2000000000072,2.075,2.3875,0.525,0.4625,0.25
3,GTFT(0.1),0.0,common_field,Random (0.5),2000000000073,2.0375,2.475,0.5625,0.475,0.3
3,GTFT(0.1),0.0,common_field,Random (0.5),2000000000074,2.225,2.6625,0.6375,0.55,0.3375
3,GTFT(0.1),0.0,common_field,Random (0.5),2000000000075,2.025,2.2125,0.4625,0.425,0.2125
3,GTFT(0.1),0.0,common_field,Random (0.5),2000000000076,2.1625,2.4125,0.55,0.5,0.2875
3,GTFT(0.1),0.0,common_field,Random (0.5),2000000000077,2.0375,2.4125,0.5125,0.4375,0.2
3,GTFT(0.1),0.0,common_field,Random (0.5),2000000000078,2.3625,2.6125,0.65,0.6,0.3875
3,GTFT(0.1),0.0,common_field,Random (0.5),2000000000079,2.025,2.4625,0.5375,0.45,0.2375
3,GTFT(0.1),0.0,common_field,Tester,2000000000060,0.925,1.425,0.1125,0.0125,0.0125
3,GTFT(0.1),0.0,common_field,Tester,2000000000061,0.925,1.425,0.1125,0.0125,0.0125
3,GTFT(0.1),0.0,common_field,Tester,2000000000062,0.9125,1.475,0.125,0.0125,0.0125
3,GTFT(0.1),0.0,common_field,Tester,2000000000063,0.9375,1.375,0.1,0.0125,0.0125
3,GTFT(0.1),0.0,common_field,Tester,2000000000064,0.925,1.425,0.1125,0.0125,0.0125
3,GTFT(0.1),0.0,common_field,Tester,2000000000065,0.8625,1.675,0.175,0.0125,0.0125
3,GTFT(0.1),0.0,common_field,Tester,2000000000066,0.875,1.625,0.1625,0.0125,0.0125
3,GTFT(0.1),0.0,common_field,Tester,2000000000067,0.9,1.525,0.1375,0.0125,0.0125
3,GTFT(0.1),0.0,common_field,Tester,2000000000068,0.975,1.225,0.0625,0.0125,0.0125
3,GTFT(0.1),0.0,common_field,Tester,2000000000069,0.875,1.625,0.1625,0.0125,0.0125
3,GTFT(0.1),0.0,common_field,Tester,2000000000070,0.9625,1.275,0.075,0.0125,0.0125
3,GTFT(0.1),0.0,common_field,Tester,2000000000071,0.9625,1.275,0.075,0.0125,0.0125
3,GTFT(0.1),0.0,common_field,Tester,2000000000072,0.8875,1.575,0.15,0.0125,0.0125
3,GTFT(0.1),0.0,common_field,Tester,2000000000073,0.9125,1.475,0.125,0.0125,0.0125
3,GTFT(0.1),0.0,common_field,Tester,2000000000074,0.875,1.625,0.1625,0.0125,0.0125
3,GTFT(0.1),0.0,common_field,Tester,2000000000075,0.95,1.325,0.0875,0.0125,0.0125
3,GTFT(0.1),0.0,common_field,Tester,2000000000076,0.925,1.425,0.1125,0.0125,0.0125
3,GTFT(0.1),0.0,common_field,Tester,2000000000077,0.9,1.525,0.1375,0.0125,0.0125
3,GTFT(0.1),0.0,common_field,Tester,2000000000078,0.8875,1.575,0.15,0.0125,0.0125
3,GTFT(0.1),0.0,common_field,Tester,2000000000079,0.8625,1.675,0.175,0.0125,0.0125
3,GTFT(0.1),0.0,common_field,Pavlov (Win-Stay Lose-Shift),2000000000060,3.0,3.0,1.0,1.0,1.0
3,GTFT(0.1),0.0,common_field,Pavlov (Win-Stay Lose-Shift),2000000000061,3.0,3.0,1.0,1.0,1.0
3,GTFT(0.1),0.0,common_field,Pavlov (Win-Stay Lose-Shift),2000000000062,3.0,3.0,1.0,1.0,1.0
3,GTFT(0.1),0.0,common_field,Pavlov (Win-Stay Lose-Shift),2000000000063,3.0,3.0,1.0,1.0,1.0
3,GTFT(0.1),0.0,common_field,Pavlov (Win-Stay Lose-Shift),2000000000064,3.0,3.0,1.0,1.0,1.0
3,GTFT(0.1),0.0,common_field,Pavlov (Win-Stay Lose-Shift),2000000000065,3.0,3.0,1.0,1.0,1.0
3,GTFT(0.1),0.0,common_field,Pavlov (Win-Stay Lose-Shift),2000000000066,3.0,3.0,1.0,1.0,1.0
3,GTFT(0.1),0.0,common_field,Pavlov (Win-Stay Lose-Shift),2000000000067,3.0,3.0,1.0,1.0,1.0
3,GTFT(0.1),0.0,common_field,Pavlov (Win-Stay Lose-Shift),2000000000068,3.0,3.0,1.0,1.0,1.0
3,GTFT(0.1),0.0,common_field,Pavlov (Win-Stay Lose-Shift),2000000000069,3.0,3.0,1.0,1.0,1.0
3,GTFT(0.1),0.0,common_field,Pavlov (Win-Stay Lose-Shift),2000000000070,3.0,3.0,1.0,1.0,1.0
3,GTFT(0.1),0.0,common_field,Pavlov (Win-Stay Lose-Shift),2000000000071,3.0,3.0,1.0,1.0,1.0
3,GTFT(0.1),0.0,common_field,Pavlov (Win-Stay Lose-Shift),2000000000072,3.0,3.0,1.0,1.0,1.0
3,GTFT(0.1),0.0,common_field,Pavlov (Win-Stay Lose-Shift),2000000000073,3.0,3.0,1.0,1.0,1.0
3,GTFT(0.1),0.0,common_field,Pavlov (Win-Stay Lose-Shift),2000000000074,3.0,3.0,1.0,1.0,1.0
3,GTFT(0.1),0.0,common_field,Pavlov (Win-Stay Lose-Shift),2000000000075,3.0,3.0,1.0,1.0,1.0
3,GTFT(0.1),0.0,common_field,Pavlov (Win-Stay Lose-Shift),2000000000076,3.0,3.0,1.0,1.0,1.0
3,GTFT(0.1),0.0,common_field,Pavlov (Win-Stay Lose-Shift),2000000000077,3.0,3.0,1.0,1.0,1.0
3,GTFT(0.1),0.0,common_field,Pavlov (Win-Stay Lose-Shift),2000000000078,3.0,3.0,1.0,1.0,1.0
3,GTFT(0.1),0.0,common_field,Pavlov (Win-Stay Lose-Shift),2000000000079,3.0,3.0,1.0,1.0,1.0
3,GTFT(0.1),0.0,ALLC,Memory-1(ALLC),2000000000060,3.0,3.0,1.0,1.0,1.0
3,GTFT(0.1),0.0,ALLC,Memory-1(ALLC),2000000000061,3.0,3.0,1.0,1.0,1.0
3,GTFT(0.1),0.0,ALLC,Memory-1(ALLC),2000000000062,3.0,3.0,1.0,1.0,1.0
3,GTFT(0.1),0.0,ALLC,Memory-1(ALLC),2000000000063,3.0,3.0,1.0,1.0,1.0
3,GTFT(0.1),0.0,ALLC,Memory-1(ALLC),2000000000064,3.0,3.0,1.0,1.0,1.0
3,GTFT(0.1),0.0,ALLC,Memory-1(ALLC),2000000000065,3.0,3.0,1.0,1.0,1.0
3,GTFT(0.1),0.0,ALLC,Memory-1(ALLC),2000000000066,3.0,3.0,1.0,1.0,1.0
3,GTFT(0.1),0.0,ALLC,Memory-1(ALLC),2000000000067,3.0,3.0,1.0,1.0,1.0
3,GTFT(0.1),0.0,ALLC,Memory-1(ALLC),2000000000068,3.0,3.0,1.0,1.0,1.0
3,GTFT(0.1),0.0,ALLC,Memory-1(ALLC),2000000000069,3.0,3.0,1.0,1.0,1.0
3,GTFT(0.1),0.0,ALLC,Memory-1(ALLC),2000000000070,3.0,3.0,1.0,1.0,1.0
3,GTFT(0.1),0.0,ALLC,Memory-1(ALLC),2000000000071,3.0,3.0,1.0,1.0,1.0
3,GTFT(0.1),0.0,ALLC,Memory-1(ALLC),2000000000072,3.0,3.0,1.0,1.0,1.0
3,GTFT(0.1),0.0,ALLC,Memory-1(ALLC),2000000000073,3.0,3.0,1.0,1.0,1.0
3,GTFT(0.1),0.0,ALLC,Memory-1(ALLC),2000000000074,3.0,3.0,1.0,1.0,1.0
3,GTFT(0.1),0.0,ALLC,Memory-1(ALLC),2000000000075,3.0,3.0,1.0,1.0,1.0
3,GTFT(0.1),0.0,ALLC,Memory-1(ALLC),2000000000076,3.0,3.0,1.0,1.0,1.0
3,GTFT(0.1),0.0,ALLC,Memory-1(ALLC),2000000000077,3.0,3.0,1.0,1.0,1.0
3,GTFT(0.1),0.0,ALLC,Memory-1(ALLC),2000000000078,3.0,3.0,1.0,1.0,1.0
3,GTFT(0.1),0.0,ALLC,Memory-1(ALLC),2000000000079,3.0,3.0,1.0,1.0,1.0
3,GTFT(0.1),0.0,self,Memory-1(GTFT 0.1),2000000000060,3.0,3.0,1.0,1.0,1.0
3,GTFT(0.1),0.0,self,Memory-1(GTFT 0.1),2000000000061,3.0,3.0,1.0,1.0,1.0
3,GTFT(0.1),0.0,self,Memory-1(GTFT 0.1),2000000000062,3.0,3.0,1.0,1.0,1.0
3,GTFT(0.1),0.0,self,Memory-1(GTFT 0.1),2000000000063,3.0,3.0,1.0,1.0,1.0
3,GTFT(0.1),0.0,self,Memory-1(GTFT 0.1),2000000000064,3.0,3.0,1.0,1.0,1.0
3,GTFT(0.1),0.0,self,Memory-1(GTFT 0.1),2000000000065,3.0,3.0,1.0,1.0,1.0
3,GTFT(0.1),0.0,self,Memory-1(GTFT 0.1),2000000000066,3.0,3.0,1.0,1.0,1.0
3,GTFT(0.1),0.0,self,Memory-1(GTFT 0.1),2000000000067,3.0,3.0,1.0,1.0,1.0
3,GTFT(0.1),0.0,self,Memory-1(GTFT 0.1),2000000000068,3.0,3.0,1.0,1.0,1.0
3,GTFT(0.1),0.0,self,Memory-1(GTFT 0.1),2000000000069,3.0,3.0,1.0,1.0,1.0
3,GTFT(0.1),0.0,self,Memory-1(GTFT 0.1),2000000000070,3.0,3.0,1.0,1.0,1.0
3,GTFT(0.1),0.0,self,Memory-1(GTFT 0.1),2000000000071,3.0,3.0,1.0,1.0,1.0
3,GTFT(0.1),0.0,self,Memory-1(GTFT 0.1),2000000000072,3.0,3.0,1.0,1.0,1.0
3,GTFT(0.1),0.0,self,Memory-1(GTFT 0.1),2000000000073,3.0,3.0,1.0,1.0,1.0
3,GTFT(0.1),0.0,self,Memory-1(GTFT 0.1),2000000000074,3.0,3.0,1.0,1.0,1.0
3,GTFT(0.1),0.0,self,Memory-1(GTFT 0.1),2000000000075,3.0,3.0,1.0,1.0,1.0
3,GTFT(0.1),0.0,self,Memory-1(GTFT 0.1),2000000000076,3.0,3.0,1.0,1.0,1.0
3,GTFT(0.1),0.0,self,Memory-1(GTFT 0.1),2000000000077,3.0,3.0,1.0,1.0,1.0
3,GTFT(0.1),0.0,self,Memory-1(GTFT 0.1),2000000000078,3.0,3.0,1.0,1.0,1.0
3,GTFT(0.1),0.0,self,Memory-1(GTFT 0.1),2000000000079,3.0,3.0,1.0,1.0,1.0
3,GTFT(0.1),0.05,common_field,Tit For Tat,2000000000060,2.6125,2.675,0.7125,0.7,0.475
3,GTFT(0.1),0.05,common_field,Tit For Tat,2000000000061,2.7375,2.7375,0.7625,0.7625,0.55
3,GTFT(0.1),0.05,common_field,Tit For Tat,2000000000062,2.4125,2.5375,0.5875,0.5625,0.25
3,GTFT(0.1),0.05,common_field,Tit For Tat,2000000000063,2.4625,2.525,0.575,0.5625,0.2125
3,GTFT(0.1),0.05,common_field,Tit For Tat,2000000000064,2.2625,2.2,0.475,0.4875,0.2125
3,GTFT(0.1),0.05,common_field,Tit For Tat,2000000000065,2.65,2.65,0.7,0.7,0.45
3,GTFT(0.1),0.05,common_field,Tit For Tat,2000000000066,2.4,2.525,0.6625,0.6375,0.4875
3,GTFT(0.1),0.05,common_field,Tit For Tat,2000000000067,2.5375,2.6625,0.7,0.675,0.4625
3,GTFT(0.1),0.05,common_field,Tit For Tat,2000000000068,2.3375,2.525,0.6125,0.575,0.35
3,GTFT(0.1),0.05,common_field,Tit For Tat,2000000000069,2.7625,2.7625,0.7625,0.7625,0.525
3,GTFT(0.1),0.05,common_field,Tit For Tat,2000000000070,2.0125,2.1375,0.4125,0.3875,0.125
3,GTFT(0.1),0.05,common_field,Tit For Tat,2000000000071,2.3125,2.5625,0.6125,0.5625,0.325
3,GTFT(0.1),0.05,common_field,Tit For Tat,2000000000072,2.6125,2.8625,0.7625,0.7125,0.475
3,GTFT(0.1),0.05,common_field,Tit For Tat,2000000000073,2.6375,2.575,0.6625,0.675,0.4
3,GTFT(0.1),0.05,common_field,Tit For Tat,2000000000074,2.5625,2.625,0.6625,0.65,0.375
3,GTFT(0.1),0.05,common_field,Tit For Tat,2000000000075,2.825,2.95,0.9,0.875,0.775
3,GTFT(0.1),0.05,common_field,Tit For Tat,2000000000076,2.5125,2.7,0.675,0.6375,0.3625
3,GTFT(0.1),0.05,common_field,Tit For Tat,2000000000077,2.0625,2.125,0.4625,0.45,0.275
3,GTFT(0.1),0.05,common_field,Tit For Tat,2000000000078,1.9375,2.0,0.4,0.3875,0.2125
3,GTFT(0.1),0.05,common_field,Tit For Tat,2000000000079,2.375,2.5,0.6,0.575,0.325
3,GTFT(0.1),0.05,common_field,Always Defect,2000000000060,1.0625,1.6875,0.1875,0.0625,0.0
3,GTFT(0.1),0.05,common_field,Always Defect,2000000000061,0.9625,1.8375,0.225,0.05,0.0125
3,GTFT(0.1),0.05,common_field,Always Defect,2000000000062,1.1875,1.5,0.15,0.0875,0.0125
3,GTFT(0.1),0.05,common_field,Always Defect,2000000000063,1.0125,1.7625,0.2125,0.0625,0.025
3,GTFT(0.1),0.05,common_field,Always Defect,2000000000064,1.125,1.6875,0.2,0.0875,0.025
3,GTFT(0.1),0.05,common_field,Always Defect,2000000000065,1.05,1.675,0.1875,0.0625,0.0125
3,GTFT(0.1),0.05,common_field,Always Defect,2000000000066,1.0125,1.825,0.225,0.0625,0.0125
3,GTFT(0.1),0.05,common_field,Always Defect,2000000000067,0.9375,1.5625,0.15,0.025,0.0125
3,GTFT(0.1),0.05,common_field,Always Defect,2000000000068,1.0375,1.7875,0.225,0.075,0.0375
3,GTFT(0.1),0.05,common_field,Always Defect,2000000000069,0.925,1.675,0.175,0.025,0.0
3,GTFT(0.1),0.05,common_field,Always Defect,2000000000070,0.9875,1.6125,0.1625,0.0375,0.0
3,GTFT(0.1),0.05,common_field,Always Defect,2000000000071,1.1875,1.6875,0.2,0.1,0.0125
3,GTFT(0.1),0.05,common_field,Always Defect,2000000000072,1.0,1.6875,0.1875,0.05,0.0125
3,GTFT(0.1),0.05,common_field,Always Defect,2000000000073,0.9875,1.925,0.25,0.0625,0.0125
3,GTFT(0.1),0.05,common_field,Always Defect,2000000000074,0.9125,1.725,0.1875,0.025,0.0
3,GTFT(0.1),0.05,common_field,Always Defect,2000000000075,0.9375,1.625,0.1625,0.025,0.0
3,GTFT(0.1),0.05,common_field,Always Defect,2000000000076,1.025,1.4625,0.125,0.0375,0.0
3,GTFT(0.1),0.05,common_field,Always Defect,2000000000077,0.9375,1.75,0.2,0.0375,0.0125
3,GTFT(0.1),0.05,common_field,Always Defect,2000000000078,1.2,1.7,0.2,0.1,0.0
3,GTFT(0.1),0.05,common_field,Always Defect,2000000000079,0.8625,1.925,0.2375,0.025,0.0
3,GTFT(0.1),0.05,common_field,Grudger,2000000000060,1.2375,1.8625,0.275,0.15,0.0875
3,GTFT(0.1),0.05,common_field,Grudger,2000000000061,1.2,2.2,0.3875,0.1875,0.1625
3,GTFT(0.1),0.05,common_field,Grudger,2000000000062,1.325,1.6375,0.2125,0.15,0.0625
3,GTFT(0.1),0.05,common_field,Grudger,2000000000063,1.0375,1.7875,0.225,0.075,0.0375
3,GTFT(0.1),0.05,common_field,Grudger,2000000000064,1.1625,1.725,0.2125,0.1,0.025
3,GTFT(0.1),0.05,common_field,Grudger,2000000000065,1.2875,1.7875,0.2625,0.1625,0.1
3,GTFT(0.1),0.05,common_field,Grudger,2000000000066,1.25,1.9375,0.3,0.1625,0.1
3,GTFT(0.1),0.05,common_field,Grudger,2000000000067,1.225,1.6,0.2125,0.1375,0.1125
3,GTFT(0.1),0.05,common_field,Grudger,2000000000068,1.05,1.8,0.225,0.075,0.025
3,GTFT(0.1),0.05,common_field,Grudger,2000000000069,1.025,1.5875,0.1625,0.05,0.0125
3,GTFT(0.1),0.05,common_field,Grudger,2000000000070,1.0625,1.6875,0.2,0.075,0.0375
3,GTFT(0.1),0.05,common_field,Grudger,2000000000071,1.275,1.65,0.2,0.125,0.025
3,GTFT(0.1),0.05,common_field,Grudger,2000000000072,1.075,1.7625,0.225,0.0875,0.05
3,GTFT(0.1),0.05,common_field,Grudger,2000000000073,1.075,1.8875,0.25,0.0875,0.025
3,GTFT(0.1),0.05,common_field,Grudger,2000000000074,1.1875,1.8125,0.2625,0.1375,0.1
3,GTFT(0.1),0.05,common_field,Grudger,2000000000075,1.175,1.8,0.2625,0.1375,0.1125
3,GTFT(0.1),0.05,common_field,Grudger,2000000000076,1.175,1.55,0.175,0.1,0.05
3,GTFT(0.1),0.05,common_field,Grudger,2000000000077,1.325,1.8875,0.3125,0.2,0.1625
3,GTFT(0.1),0.05,common_field,Grudger,2000000000078,1.425,1.7375,0.25,0.1875,0.075
3,GTFT(0.1),0.05,common_field,Grudger,2000000000079,1.2,2.0125,0.325,0.1625,0.125
3,GTFT(0.1),0.05,common_field,Joss (0.9),2000000000060,2.2875,2.4125,0.625,0.6,0.4875
3,GTFT(0.1),0.05,common_field,Joss (0.9),2000000000061,1.8875,2.2625,0.45,0.375,0.1625
3,GTFT(0.1),0.05,common_field,Joss (0.9),2000000000062,2.15,2.2125,0.45,0.4375,0.15
3,GTFT(0.1),0.05,common_field,Joss (0.9),2000000000063,2.525,2.65,0.625,0.6,0.25
3,GTFT(0.1),0.05,common_field,Joss (0.9),2000000000064,2.125,2.375,0.5625,0.5125,0.3625
3,GTFT(0.1),0.05,common_field,Joss (0.9),2000000000065,2.4875,2.675,0.6625,0.625,0.35
3,GTFT(0.1),0.05,common_field,Joss (0.9),2000000000066,2.325,2.575,0.575,0.525,0.2
3,GTFT(0.1),0.05,common_field,Joss (0.9),2000000000067,1.325,1.6375,0.225,0.1625,0.1
3,GTFT(0.1),0.05,common_field,Joss (0.9),2000000000068,1.875,2.125,0.425,0.375,0.2
3,GTFT(0.1),0.05,common_field,Joss (0.9),2000000000069,2.1625,2.4125,0.575,0.525,0.3625
3,GTFT(0.1),0.05,common_field,Joss (0.9),2000000000070,1.95,2.2,0.4125,0.3625,0.0875
3,GTFT(0.1),0.05,common_field,Joss (0.9),2000000000071,2.2875,2.4125,0.575,0.55,0.3375
3,GTFT(0.1),0.05,common_field,Joss (0.9),2000000000072,2.0375,2.35,0.525,0.4625,0.2875
3,GTFT(0.1),0.05,common_field,Joss (0.9),2000000000073,2.45,2.5125,0.6125,0.6,0.3375
3,GTFT(0.1),0.05,common_field,Joss (0.9),2000000000074,2.5125,2.7625,0.7125,0.6625,0.425
3,GTFT(0.1),0.05,common_field,Joss (0.9),2000000000075,2.25,2.5,0.6125,0.5625,0.3875
3,GTFT(0.1),0.05,common_field,Joss (0.9),2000000000076,1.9875,2.2375,0.45,0.4,0.1625
3,GTFT(0.1),0.05,common_field,Joss (0.9),2000000000077,2.1,2.225,0.5125,0.4875,0.3375
3,GTFT(0.1),0.05,common_field,Joss (0.9),2000000000078,2.5625,2.6875,0.7375,0.7125,0.55
3,GTFT(0.1),0.05,common_field,Joss (0.9),2000000000079,2.1,2.4125,0.5625,0.5,0.3375
3,GTFT(0.1),0.05,common_field,Random (0.5),2000000000060,2.25,2.375,0.5625,0.5375,0.3375
3,GTFT(0.1),0.05,common_field,Random (0.5),2000000000061,1.975,2.35,0.5,0.425,0.225
3,GTFT(0.1),0.05,common_field,Random (0.5),2000000000062,2.2125,2.275,0.525,0.5125,0.3125
3,GTFT(0.1),0.05,common_field,Random (0.5),2000000000063,1.925,2.3625,0.5,0.4125,0.225
3,GTFT(0.1),0.05,common_field,Random (0.5),2000000000064,2.2125,2.15,0.475,0.4875,0.2625
3,GTFT(0.1),0.05,common_field,Random (0.5),2000000000065,2.125,2.4375,0.5625,0.5,0.3125
3,GTFT(0.1),0.05,common_field,Random (0.5),2000000000066,2.275,2.5875,0.6375,0.575,0.3875
3,GTFT(0.1),0.05,common_field,Random (0.5),2000000000067,1.875,2.3125,0.4625,0.375,0.1625
3,GTFT(0.1),0.05,common_field,Random (0.5),2000000000068,2.275,2.4,0.5625,0.5375,0.3125
3,GTFT(0.1),0.05,common_field,Random (0.5),2000000000069,2.0625,2.3125,0.475,0.425,0.1625
3,GTFT(0.1),0.05,common_field,Random (0.5),2000000000070,2.15,2.525,0.575,0.5,0.275
3,GTFT(0.1),0.05,common_field,Random (0.5),2000000000071,2.15,2.275,0.5,0.475,0.25
3,GTFT(0.1),0.05,common_field,Random (0.5),2000000000072,2.3875,2.45,0.5875,0.575,0.325
3,GTFT(0.1),0.05,common_field,Random (0.5),2000000000073,2.1125,2.1125,0.475,0.475,0.3125
3,GTFT(0.1),0.05,common_field,Random (0.5),2000000000074,2.1375,2.575,0.5875,0.5,0.275
3,GTFT(0.1),0.05,common_field,Random (0.5),2000000000075,1.925,2.3625,0.475,0.3875,0.15
3,GTFT(0.1),0.05,common_field,Random (0.5),2000000000076,2.1875,2.25,0.4625,0.45,0.15
3,GTFT(0.1),0.05,common_field,Random (0.5),2000000000077,2.125,2.25,0.4625,0.4375,0.1625
3,GTFT(0.1),0.05,common_field,Random (0.5),2000000000078,2.0,2.375,0.5375,0.4625,0.3125
3,GTFT(0.1),0.05,common_field,Random (0.5),2000000000079,1.9875,2.3,0.4875,0.425,0.225
3,GTFT(0.1),0.05,common_field,Tester,2000000000060,1.0875,1.7125,0.2,0.075,0.0125
3,GTFT(0.1),0.05,common_field,Tester,2000000000061,0.9875,1.8625,0.2375,0.0625,0.025
3,GTFT(0.1),0.05,common_field,Tester,2000000000062,1.15,1.525,0.15,0.075,0.0
3,GTFT(0.1),0.05,common_field,Tester,2000000000063,1.025,1.775,0.225,0.075,0.05
3,GTFT(0.1),0.05,common_field,Tester,2000000000064,1.1625,1.725,0.2125,0.1,0.025
3,GTFT(0.1),0.05,common_field,Tester,2000000000065,1.075,1.7,0.2,0.075,0.025
3,GTFT(0.1),0.05,common_field,Tester,2000000000066,1.0375,1.85,0.2375,0.075,0.025
3,GTFT(0.1),0.05,common_field,Tester,2000000000067,0.9625,1.5875,0.1625,0.0375,0.025
3,GTFT(0.1),0.05,common_field,Tester,2000000000068,2.5875,2.65,0.75,0.7375,0.6125
3,GTFT(0.1),0.05,common_field,Tester,2000000000069,2.75,2.75,0.7625,0.7625,0.5375
3,GTFT(0.1),0.05,common_field,Tester,2000000000070,1.0125,1.6375,0.175,0.05,0.0125
3,GTFT(0.1),0.05,common_field,Tester,2000000000071,2.1875,2.5625,0.6,0.525,0.3125
3,GTFT(0.1),0.05,common_field,Tester,2000000000072,1.025,1.7125,0.2,0.0625,0.025
3,GTFT(0.1),0.05,common_field,Tester,2000000000073,2.5125,2.7,0.6875,0.65,0.4
3,GTFT(0.1),0.05,common_field,Tester,2000000000074,0.9375,1.75,0.2,0.0375,0.0125
3,GTFT(0.1),0.05,common_field,Tester,2000000000075,0.9625,1.65,0.175,0.0375,0.0125
3,GTFT(0.1),0.05,common_field,Tester,2000000000076,1.05,1.4875,0.1375,0.05,0.0125
3,GTFT(0.1),0.05,common_field,Tester,2000000000077,0.9625,1.775,0.2125,0.05,0.025
3,GTFT(0.1),0.05,common_field,Tester,2000000000078,1.225,1.725,0.2125,0.1125,0.0125
3,GTFT(0.1),0.05,common_field,Tester,2000000000079,0.8875,1.95,0.25,0.0375,0.0125
3,GTFT(0.1),0.05,common_field,Pavlov (Win-Stay Lose-Shift),2000000000060,2.35,2.5375,0.65,0.6125,0.45
3,GTFT(0.1),0.05,common_field,Pavlov (Win-Stay Lose-Shift),2000000000061,2.4375,2.4375,0.625,0.625,0.4375
3,GTFT(0.1),0.05,common_field,Pavlov (Win-Stay Lose-Shift),2000000000062,1.9875,2.05,0.3625,0.35,0.05
3,GTFT(0.1),0.05,common_field,Pavlov (Win-Stay Lose-Shift),2000000000063,2.3,2.425,0.5875,0.5625,0.3625
3,GTFT(0.1),0.05,common_field,Pavlov (Win-Stay Lose-Shift),2000000000064,2.375,2.6875,0.7,0.6375,0.475
3,GTFT(0.1),0.05,common_field,Pavlov (Win-Stay Lose-Shift),2000000000065,2.1875,2.4375,0.55,0.5,0.2625
3,GTFT(0.1),0.05,common_field,Pavlov (Win-Stay Lose-Shift),2000000000066,2.4875,2.4875,0.65,0.65,0.4625
3,GTFT(0.1),0.05,common_field,Pavlov (Win-Stay Lose-Shift),2000000000067,2.55,2.4875,0.675,0.6875,0.525
3,GTFT(0.1),0.05,common_field,Pavlov (Win-Stay Lose-Shift),2000000000068,2.2,2.5125,0.6,0.5375,0.35
3,GTFT(0.1),0.05,common_field,Pavlov (Win-Stay Lose-Shift),2000000000069,2.3625,2.55,0.65,0.6125,0.4375
3,GTFT(0.1),0.05,common_field,Pavlov (Win-Stay Lose-Shift),2000000000070,2.3375,2.4,0.575,0.5625,0.3375
3,GTFT(0.1),0.05,common_field,Pavlov (Win-Stay Lose-Shift),2000000000071,2.475,2.475,0.6375,0.6375,0.4375
3,GTFT(0.1),0.05,common_field,Pavlov (Win-Stay Lose-Shift),2000000000072,2.05,2.3,0.475,0.425,0.175
3,GTFT(0.1),0.05,common_field,Pavlov (Win-Stay Lose-Shift),2000000000073,2.4125,2.6625,0.7,0.65,0.4875
3,GTFT(0.1),0.05,common_field,Pavlov (Win-Stay Lose-Shift),2000000000074,2.1125,2.175,0.425,0.4125,0.1125
3,GTFT(0.1),0.05,common_field,Pavlov (Win-Stay Lose-Shift),2000000000075,2.6125,2.8,0.825,0.7875,0.7125
3,GTFT(0.1),0.05,common_field,Pavlov (Win-Stay Lose-Shift),2000000000076,2.475,2.475,0.6375,0.6375,0.4375
3,GTFT(0.1),0.05,common_field,Pavlov (Win-Stay Lose-Shift),2000000000077,2.55,2.675,0.7625,0.7375,0.6375
3,GTFT(0.1),0.05,common_field,Pavlov (Win-Stay Lose-Shift),2000000000078,2.4125,2.35,0.5875,0.6,0.4
3,GTFT(0.1),0.05,common_field,Pavlov (Win-Stay Lose-Shift),2000000000079,2.45,2.575,0.6875,0.6625,0.5125
3,GTFT(0.1),0.05,ALLC,Memory-1(ALLC),2000000000060,3.0375,2.725,0.8625,0.925,0.8
3,GTFT(0.1),0.05,ALLC,Memory-1(ALLC),2000000000061,3.075,2.7625,0.8875,0.95,0.8375
3,GTFT(0.1),0.05,ALLC,Memory-1(ALLC),2000000000062,3.025,2.775,0.875,0.925,0.8
3,GTFT(0.1),0.05,ALLC,Memory-1(ALLC),2000000000063,3.0125,2.7625,0.875,0.925,0.8125
3,GTFT(0.1),0.05,ALLC,Memory-1(ALLC),2000000000064,3.0875,2.7125,0.8625,0.9375,0.8
3,GTFT(0.1),0.05,ALLC,Memory-1(ALLC),2000000000065,3.0375,2.725,0.875,0.9375,0.8375
3,GTFT(0.1),0.05,ALLC,Memory-1(ALLC),2000000000066,3.0375,2.85,0.925,0.9625,0.8875
3,GTFT(0.1),0.05,ALLC,Memory-1(ALLC),2000000000067,3.025,2.8375,0.9125,0.95,0.8625
3,GTFT(0.1),0.05,ALLC,Memory-1(ALLC),2000000000068,3.0625,2.8125,0.9125,0.9625,0.875
3,GTFT(0.1),0.05,ALLC,Memory-1(ALLC),2000000000069,3.025,2.8375,0.9125,0.95,0.8625
3,GTFT(0.1),0.05,ALLC,Memory-1(ALLC),2000000000070,2.925,2.925,0.9375,0.9375,0.8875
3,GTFT(0.1),0.05,ALLC,Memory-1(ALLC),2000000000071,3.025,2.7125,0.85,0.9125,0.775
3,GTFT(0.1),0.05,ALLC,Memory-1(ALLC),2000000000072,3.1125,2.675,0.85,0.9375,0.7875
3,GTFT(0.1),0.05,ALLC,Memory-1(ALLC),2000000000073,3.0625,2.75,0.875,0.9375,0.8125
3,GTFT(0.1),0.05,ALLC,Memory-1(ALLC),2000000000074,3.1125,2.8,0.925,0.9875,0.9125
3,GTFT(0.1),0.05,ALLC,Memory-1(ALLC),2000000000075,2.9625,2.9625,0.9625,0.9625,0.925
3,GTFT(0.1),0.05,ALLC,Memory-1(ALLC),2000000000076,2.95,2.825,0.8875,0.9125,0.8125
3,GTFT(0.1),0.05,ALLC,Memory-1(ALLC),2000000000077,2.9875,2.7375,0.85,0.9,0.7625
3,GTFT(0.1),0.05,ALLC,Memory-1(ALLC),2000000000078,3.05,2.675,0.85,0.925,0.8
3,GTFT(0.1),0.05,ALLC,Memory-1(ALLC),2000000000079,3.0625,2.8125,0.9125,0.9625,0.875
3,GTFT(0.1),0.05,self,Memory-1(GTFT 0.1),2000000000060,2.7375,2.7375,0.7625,0.7625,0.55
3,GTFT(0.1),0.05,self,Memory-1(GTFT 0.1),2000000000061,2.5375,2.5375,0.625,0.625,0.3375
3,GTFT(0.1),0.05,self,Memory-1(GTFT 0.1),2000000000062,2.6875,2.5,0.675,0.7125,0.4875
3,GTFT(0.1),0.05,self,Memory-1(GTFT 0.1),2000000000063,2.525,2.7125,0.7,0.6625,0.425
3,GTFT(0.1),0.05,self,Memory-1(GTFT 0.1),2000000000064,2.5625,2.5,0.6375,0.65,0.4
3,GTFT(0.1),0.05,self,Memory-1(GTFT 0.1),2000000000065,2.7125,2.65,0.7375,0.75,0.55
3,GTFT(0.1),0.05,self,Memory-1(GTFT 0.1),2000000000066,2.85,2.725,0.8,0.825,0.65
3,GTFT(0.1),0.05,self,Memory-1(GTFT 0.1),2000000000067,2.775,2.7125,0.7625,0.775,0.5625
3,GTFT(0.1),0.05,self,Memory-1(GTFT 0.1),2000000000068,2.5125,2.45,0.6875,0.7,0.6
3,GTFT(0.1),0.05,self,Memory-1(GTFT 0.1),2000000000069,2.5625,2.75,0.7125,0.675,0.425
3,GTFT(0.1),0.05,self,Memory-1(GTFT 0.1),2000000000070,2.6,2.7875,0.7375,0.7,0.4625
3,GTFT(0.1),0.05,self,Memory-1(GTFT 0.1),2000000000071,2.675,2.675,0.7,0.7,0.425
3,GTFT(0.1),0.05,self,Memory-1(GTFT 0.1),2000000000072,2.675,2.4875,0.625,0.6625,0.35
3,GTFT(0.1),0.05,self,Memory-1(GTFT 0.1),2000000000073,2.775,2.65,0.725,0.75,0.5
3,GTFT(0.1),0.05,self,Memory-1(GTFT 0.1),2000000000074,2.9125,2.85,0.875,0.8875,0.7625
3,GTFT(0.1),0.05,self,Memory-1(GTFT 0.1),2000000000075,2.85,2.9125,0.8875,0.875,0.7625
3,GTFT(0.1),0.05,self,Memory-1(GTFT 0.1),2000000000076,2.15,2.275,0.5,0.475,0.25
3,GTFT(0.1),0.05,self,Memory-1(GTFT 0.1),2000000000077,2.25,2.125,0.5,0.525,0.35
3,GTFT(0.1),0.05,self,Memory-1(GTFT 0.1),2000000000078,2.6625,2.475,0.7,0.7375,0.5875
3,GTFT(0.1),0.05,self,Memory-1(GTFT 0.1),2000000000079,2.725,2.6,0.7375,0.7625,0.5875
3,Pavlov,0.0,common_field,Tit For Tat,2000000000060,3.0,3.0,1.0,1.0,1.0
3,Pavlov,0.0,common_field,Tit For Tat,2000000000061,3.0,3.0,1.0,1.0,1.0
3,Pavlov,0.0,common_field,Tit For Tat,2000000000062,3.0,3.0,1.0,1.0,1.0
3,Pavlov,0.0,common_field,Tit For Tat,2000000000063,3.0,3.0,1.0,1.0,1.0
3,Pavlov,0.0,common_field,Tit For Tat,2000000000064,3.0,3.0,1.0,1.0,1.0
3,Pavlov,0.0,common_field,Tit For Tat,2000000000065,3.0,3.0,1.0,1.0,1.0
3,Pavlov,0.0,common_field,Tit For Tat,2000000000066,3.0,3.0,1.0,1.0,1.0
3,Pavlov,0.0,common_field,Tit For Tat,2000000000067,3.0,3.0,1.0,1.0,1.0
3,Pavlov,0.0,common_field,Tit For Tat,2000000000068,3.0,3.0,1.0,1.0,1.0
3,Pavlov,0.0,common_field,Tit For Tat,2000000000069,3.0,3.0,1.0,1.0,1.0
3,Pavlov,0.0,common_field,Tit For Tat,2000000000070,3.0,3.0,1.0,1.0,1.0
3,Pavlov,0.0,common_field,Tit For Tat,2000000000071,3.0,3.0,1.0,1.0,1.0
3,Pavlov,0.0,common_field,Tit For Tat,2000000000072,3.0,3.0,1.0,1.0,1.0
3,Pavlov,0.0,common_field,Tit For Tat,2000000000073,3.0,3.0,1.0,1.0,1.0
3,Pavlov,0.0,common_field,Tit For Tat,2000000000074,3.0,3.0,1.0,1.0,1.0
3,Pavlov,0.0,common_field,Tit For Tat,2000000000075,3.0,3.0,1.0,1.0,1.0
3,Pavlov,0.0,common_field,Tit For Tat,2000000000076,3.0,3.0,1.0,1.0,1.0
3,Pavlov,0.0,common_field,Tit For Tat,2000000000077,3.0,3.0,1.0,1.0,1.0
3,Pavlov,0.0,common_field,Tit For Tat,2000000000078,3.0,3.0,1.0,1.0,1.0
3,Pavlov,0.0,common_field,Tit For Tat,2000000000079,3.0,3.0,1.0,1.0,1.0
3,Pavlov,0.0,common_field,Always Defect,2000000000060,0.5,3.0,0.5,0.0,0.0
3,Pavlov,0.0,common_field,Always Defect,2000000000061,0.5,3.0,0.5,0.0,0.0
3,Pavlov,0.0,common_field,Always Defect,2000000000062,0.5,3.0,0.5,0.0,0.0
3,Pavlov,0.0,common_field,Always Defect,2000000000063,0.5,3.0,0.5,0.0,0.0
3,Pavlov,0.0,common_field,Always Defect,2000000000064,0.5,3.0,0.5,0.0,0.0
3,Pavlov,0.0,common_field,Always Defect,2000000000065,0.5,3.0,0.5,0.0,0.0
3,Pavlov,0.0,common_field,Always Defect,2000000000066,0.5,3.0,0.5,0.0,0.0
3,Pavlov,0.0,common_field,Always Defect,2000000000067,0.5,3.0,0.5,0.0,0.0
3,Pavlov,0.0,common_field,Always Defect,2000000000068,0.5,3.0,0.5,0.0,0.0
3,Pavlov,0.0,common_field,Always Defect,2000000000069,0.5,3.0,0.5,0.0,0.0
3,Pavlov,0.0,common_field,Always Defect,2000000000070,0.5,3.0,0.5,0.0,0.0
3,Pavlov,0.0,common_field,Always Defect,2000000000071,0.5,3.0,0.5,0.0,0.0
3,Pavlov,0.0,common_field,Always Defect,2000000000072,0.5,3.0,0.5,0.0,0.0
3,Pavlov,0.0,common_field,Always Defect,2000000000073,0.5,3.0,0.5,0.0,0.0
3,Pavlov,0.0,common_field,Always Defect,2000000000074,0.5,3.0,0.5,0.0,0.0
3,Pavlov,0.0,common_field,Always Defect,2000000000075,0.5,3.0,0.5,0.0,0.0
3,Pavlov,0.0,common_field,Always Defect,2000000000076,0.5,3.0,0.5,0.0,0.0
3,Pavlov,0.0,common_field,Always Defect,2000000000077,0.5,3.0,0.5,0.0,0.0
3,Pavlov,0.0,common_field,Always Defect,2000000000078,0.5,3.0,0.5,0.0,0.0
3,Pavlov,0.0,common_field,Always Defect,2000000000079,0.5,3.0,0.5,0.0,0.0
3,Pavlov,0.0,common_field,Grudger,2000000000060,3.0,3.0,1.0,1.0,1.0
3,Pavlov,0.0,common_field,Grudger,2000000000061,3.0,3.0,1.0,1.0,1.0
3,Pavlov,0.0,common_field,Grudger,2000000000062,3.0,3.0,1.0,1.0,1.0
3,Pavlov,0.0,common_field,Grudger,2000000000063,3.0,3.0,1.0,1.0,1.0
3,Pavlov,0.0,common_field,Grudger,2000000000064,3.0,3.0,1.0,1.0,1.0
3,Pavlov,0.0,common_field,Grudger,2000000000065,3.0,3.0,1.0,1.0,1.0
3,Pavlov,0.0,common_field,Grudger,2000000000066,3.0,3.0,1.0,1.0,1.0
3,Pavlov,0.0,common_field,Grudger,2000000000067,3.0,3.0,1.0,1.0,1.0
3,Pavlov,0.0,common_field,Grudger,2000000000068,3.0,3.0,1.0,1.0,1.0
3,Pavlov,0.0,common_field,Grudger,2000000000069,3.0,3.0,1.0,1.0,1.0
3,Pavlov,0.0,common_field,Grudger,2000000000070,3.0,3.0,1.0,1.0,1.0
3,Pavlov,0.0,common_field,Grudger,2000000000071,3.0,3.0,1.0,1.0,1.0
3,Pavlov,0.0,common_field,Grudger,2000000000072,3.0,3.0,1.0,1.0,1.0
3,Pavlov,0.0,common_field,Grudger,2000000000073,3.0,3.0,1.0,1.0,1.0
3,Pavlov,0.0,common_field,Grudger,2000000000074,3.0,3.0,1.0,1.0,1.0
3,Pavlov,0.0,common_field,Grudger,2000000000075,3.0,3.0,1.0,1.0,1.0
3,Pavlov,0.0,common_field,Grudger,2000000000076,3.0,3.0,1.0,1.0,1.0
3,Pavlov,0.0,common_field,Grudger,2000000000077,3.0,3.0,1.0,1.0,1.0
3,Pavlov,0.0,common_field,Grudger,2000000000078,3.0,3.0,1.0,1.0,1.0
3,Pavlov,0.0,common_field,Grudger,2000000000079,3.0,3.0,1.0,1.0,1.0
3,Pavlov,0.0,common_field,Joss (0.9),2000000000060,1.8875,2.1375,0.375,0.325,0.0375
3,Pavlov,0.0,common_field,Joss (0.9),2000000000061,2.075,2.2,0.4375,0.4125,0.1375
3,Pavlov,0.0,common_field,Joss (0.9),2000000000062,1.9625,2.2125,0.425,0.375,0.1125
3,Pavlov,0.0,common_field,Joss (0.9),2000000000063,1.9375,2.0625,0.35,0.325,0.0125
3,Pavlov,0.0,common_field,Joss (0.9),2000000000064,2.025,2.0875,0.375,0.3625,0.05
3,Pavlov,0.0,common_field,Joss (0.9),2000000000065,2.0125,2.2,0.425,0.3875,0.1125
3,Pavlov,0.0,common_field,Joss (0.9),2000000000066,1.85,2.1625,0.375,0.3125,0.025
3,Pavlov,0.0,common_field,Joss (0.9),2000000000067,1.9375,2.0625,0.35,0.325,0.0125
3,Pavlov,0.0,common_field,Joss (0.9),2000000000068,1.825,2.2,0.3875,0.3125,0.0375
3,Pavlov,0.0,common_field,Joss (0.9),2000000000069,2.1875,2.3125,0.5125,0.4875,0.25
3,Pavlov,0.0,common_field,Joss (0.9),2000000000070,1.975,2.1625,0.4,0.3625,0.075
3,Pavlov,0.0,common_field,Joss (0.9),2000000000071,1.9625,2.0875,0.3625,0.3375,0.025
3,Pavlov,0.0,common_field,Joss (0.9),2000000000072,2.0875,2.4625,0.5625,0.4875,0.3
3,Pavlov,0.0,common_field,Joss (0.9),2000000000073,2.1875,2.3125,0.5125,0.4875,0.25
3,Pavlov,0.0,common_field,Joss (0.9),2000000000074,1.9125,2.1,0.3625,0.325,0.025
3,Pavlov,0.0,common_field,Joss (0.9),2000000000075,2.0625,2.3125,0.4875,0.4375,0.2
3,Pavlov,0.0,common_field,Joss (0.9),2000000000076,2.0,2.125,0.3875,0.3625,0.0625
3,Pavlov,0.0,common_field,Joss (0.9),2000000000077,2.125,2.125,0.4125,0.4125,0.1125
3,Pavlov,0.0,common_field,Joss (0.9),2000000000078,2.325,2.5125,0.6375,0.6,0.4375
3,Pavlov,0.0,common_field,Joss (0.9),2000000000079,2.0,2.125,0.3875,0.3625,0.0625
3,Pavlov,0.0,common_field,Random (0.5),2000000000060,2.4375,2.125,0.475,0.5375,0.2375
3,Pavlov,0.0,common_field,Random (0.5),2000000000061,2.2375,2.425,0.575,0.5375,0.3375
3,Pavlov,0.0,common_field,Random (0.5),2000000000062,2.325,2.2,0.4875,0.5125,0.2375
3,Pavlov,0.0,common_field,Random (0.5),2000000000063,2.225,2.35,0.5375,0.5125,0.2875
3,Pavlov,0.0,common_field,Random (0.5),2000000000064,2.7125,1.9,0.425,0.5875,0.2125
3,Pavlov,0.0,common_field,Random (0.5),2000000000065,2.6375,1.95,0.4375,0.575,0.225
3,Pavlov,0.0,common_field,Random (0.5),2000000000066,2.0625,2.25,0.4625,0.425,0.175
3,Pavlov,0.0,common_field,Random (0.5),2000000000067,1.9125,2.2875,0.45,0.375,0.1375
3,Pavlov,0.0,common_field,Random (0.5),2000000000068,2.0625,2.5,0.575,0.4875,0.3125
3,Pavlov,0.0,common_field,Random (0.5),2000000000069,2.45,2.1375,0.4875,0.55,0.2625
3,Pavlov,0.0,common_field,Random (0.5),2000000000070,2.3625,2.175,0.4875,0.525,0.25
3,Pavlov,0.0,common_field,Random (0.5),2000000000071,2.4125,2.1625,0.4875,0.5375,0.25
3,Pavlov,0.0,common_field,Random (0.5),2000000000072,1.95,2.575,0.5875,0.4625,0.3125
3,Pavlov,0.0,common_field,Random (0.5),2000000000073,2.3875,1.95,0.3875,0.475,0.125
3,Pavlov,0.0,common_field,Random (0.5),2000000000074,2.4,2.2125,0.5125,0.55,0.2875
3,Pavlov,0.0,common_field,Random (0.5),2000000000075,1.9125,2.475,0.5375,0.425,0.25
3,Pavlov,0.0,common_field,Random (0.5),2000000000076,2.25,2.25,0.5,0.5,0.25
3,Pavlov,0.0,common_field,Random (0.5),2000000000077,2.2125,2.0875,0.4125,0.4375,0.125
3,Pavlov,0.0,common_field,Random (0.5),2000000000078,2.675,1.9875,0.4625,0.6,0.2625
3,Pavlov,0.0,common_field,Random (0.5),2000000000079,2.025,2.4,0.525,0.45,0.25
3,Pavlov,0.0,common_field,Tester,2000000000060,0.525,3.025,0.5125,0.0125,0.0125
3,Pavlov,0.0,common_field,Tester,2000000000061,0.525,3.025,0.5125,0.0125,0.0125
3,Pavlov,0.0,common_field,Tester,2000000000062,0.525,3.025,0.5125,0.0125,0.0125
3,Pavlov,0.0,common_field,Tester,2000000000063,0.525,3.025,0.5125,0.0125,0.0125
3,Pavlov,0.0,common_field,Tester,2000000000064,0.525,3.025,0.5125,0.0125,0.0125
3,Pavlov,0.0,common_field,Tester,2000000000065,0.525,3.025,0.5125,0.0125,0.0125
3,Pavlov,0.0,common_field,Tester,2000000000066,0.525,3.025,0.5125,0.0125,0.0125
3,Pavlov,0.0,common_field,Tester,2000000000067,0.525,3.025,0.5125,0.0125,0.0125
3,Pavlov,0.0,common_field,Tester,2000000000068,0.525,3.025,0.5125,0.0125,0.0125
3,Pavlov,0.0,common_field,Tester,2000000000069,0.525,3.025,0.5125,0.0125,0.0125
3,Pavlov,0.0,common_field,Tester,2000000000070,0.525,3.025,0.5125,0.0125,0.0125
3,Pavlov,0.0,common_field,Tester,2000000000071,0.525,3.025,0.5125,0.0125,0.0125
3,Pavlov,0.0,common_field,Tester,2000000000072,0.525,3.025,0.5125,0.0125,0.0125
3,Pavlov,0.0,common_field,Tester,2000000000073,0.525,3.025,0.5125,0.0125,0.0125
3,Pavlov,0.0,common_field,Tester,2000000000074,0.525,3.025,0.5125,0.0125,0.0125
3,Pavlov,0.0,common_field,Tester,2000000000075,0.525,3.025,0.5125,0.0125,0.0125
3,Pavlov,0.0,common_field,Tester,2000000000076,0.525,3.025,0.5125,0.0125,0.0125
3,Pavlov,0.0,common_field,Tester,2000000000077,0.525,3.025,0.5125,0.0125,0.0125
3,Pavlov,0.0,common_field,Tester,2000000000078,0.525,3.025,0.5125,0.0125,0.0125
3,Pavlov,0.0,common_field,Tester,2000000000079,0.525,3.025,0.5125,0.0125,0.0125
3,Pavlov,0.0,common_field,Pavlov (Win-Stay Lose-Shift),2000000000060,3.0,3.0,1.0,1.0,1.0
3,Pavlov,0.0,common_field,Pavlov (Win-Stay Lose-Shift),2000000000061,3.0,3.0,1.0,1.0,1.0
3,Pavlov,0.0,common_field,Pavlov (Win-Stay Lose-Shift),2000000000062,3.0,3.0,1.0,1.0,1.0
3,Pavlov,0.0,common_field,Pavlov (Win-Stay Lose-Shift),2000000000063,3.0,3.0,1.0,1.0,1.0
3,Pavlov,0.0,common_field,Pavlov (Win-Stay Lose-Shift),2000000000064,3.0,3.0,1.0,1.0,1.0
3,Pavlov,0.0,common_field,Pavlov (Win-Stay Lose-Shift),2000000000065,3.0,3.0,1.0,1.0,1.0
3,Pavlov,0.0,common_field,Pavlov (Win-Stay Lose-Shift),2000000000066,3.0,3.0,1.0,1.0,1.0
3,Pavlov,0.0,common_field,Pavlov (Win-Stay Lose-Shift),2000000000067,3.0,3.0,1.0,1.0,1.0
3,Pavlov,0.0,common_field,Pavlov (Win-Stay Lose-Shift),2000000000068,3.0,3.0,1.0,1.0,1.0
3,Pavlov,0.0,common_field,Pavlov (Win-Stay Lose-Shift),2000000000069,3.0,3.0,1.0,1.0,1.0
3,Pavlov,0.0,common_field,Pavlov (Win-Stay Lose-Shift),2000000000070,3.0,3.0,1.0,1.0,1.0
3,Pavlov,0.0,common_field,Pavlov (Win-Stay Lose-Shift),2000000000071,3.0,3.0,1.0,1.0,1.0
3,Pavlov,0.0,common_field,Pavlov (Win-Stay Lose-Shift),2000000000072,3.0,3.0,1.0,1.0,1.0
3,Pavlov,0.0,common_field,Pavlov (Win-Stay Lose-Shift),2000000000073,3.0,3.0,1.0,1.0,1.0
3,Pavlov,0.0,common_field,Pavlov (Win-Stay Lose-Shift),2000000000074,3.0,3.0,1.0,1.0,1.0
3,Pavlov,0.0,common_field,Pavlov (Win-Stay Lose-Shift),2000000000075,3.0,3.0,1.0,1.0,1.0
3,Pavlov,0.0,common_field,Pavlov (Win-Stay Lose-Shift),2000000000076,3.0,3.0,1.0,1.0,1.0
3,Pavlov,0.0,common_field,Pavlov (Win-Stay Lose-Shift),2000000000077,3.0,3.0,1.0,1.0,1.0
3,Pavlov,0.0,common_field,Pavlov (Win-Stay Lose-Shift),2000000000078,3.0,3.0,1.0,1.0,1.0
3,Pavlov,0.0,common_field,Pavlov (Win-Stay Lose-Shift),2000000000079,3.0,3.0,1.0,1.0,1.0
3,Pavlov,0.0,ALLC,Memory-1(ALLC),2000000000060,3.0,3.0,1.0,1.0,1.0
3,Pavlov,0.0,ALLC,Memory-1(ALLC),2000000000061,3.0,3.0,1.0,1.0,1.0
3,Pavlov,0.0,ALLC,Memory-1(ALLC),2000000000062,3.0,3.0,1.0,1.0,1.0
3,Pavlov,0.0,ALLC,Memory-1(ALLC),2000000000063,3.0,3.0,1.0,1.0,1.0
3,Pavlov,0.0,ALLC,Memory-1(ALLC),2000000000064,3.0,3.0,1.0,1.0,1.0
3,Pavlov,0.0,ALLC,Memory-1(ALLC),2000000000065,3.0,3.0,1.0,1.0,1.0
3,Pavlov,0.0,ALLC,Memory-1(ALLC),2000000000066,3.0,3.0,1.0,1.0,1.0
3,Pavlov,0.0,ALLC,Memory-1(ALLC),2000000000067,3.0,3.0,1.0,1.0,1.0
3,Pavlov,0.0,ALLC,Memory-1(ALLC),2000000000068,3.0,3.0,1.0,1.0,1.0
3,Pavlov,0.0,ALLC,Memory-1(ALLC),2000000000069,3.0,3.0,1.0,1.0,1.0
3,Pavlov,0.0,ALLC,Memory-1(ALLC),2000000000070,3.0,3.0,1.0,1.0,1.0
3,Pavlov,0.0,ALLC,Memory-1(ALLC),2000000000071,3.0,3.0,1.0,1.0,1.0
3,Pavlov,0.0,ALLC,Memory-1(ALLC),2000000000072,3.0,3.0,1.0,1.0,1.0
3,Pavlov,0.0,ALLC,Memory-1(ALLC),2000000000073,3.0,3.0,1.0,1.0,1.0
3,Pavlov,0.0,ALLC,Memory-1(ALLC),2000000000074,3.0,3.0,1.0,1.0,1.0
3,Pavlov,0.0,ALLC,Memory-1(ALLC),2000000000075,3.0,3.0,1.0,1.0,1.0
3,Pavlov,0.0,ALLC,Memory-1(ALLC),2000000000076,3.0,3.0,1.0,1.0,1.0
3,Pavlov,0.0,ALLC,Memory-1(ALLC),2000000000077,3.0,3.0,1.0,1.0,1.0
3,Pavlov,0.0,ALLC,Memory-1(ALLC),2000000000078,3.0,3.0,1.0,1.0,1.0
3,Pavlov,0.0,ALLC,Memory-1(ALLC),2000000000079,3.0,3.0,1.0,1.0,1.0
3,Pavlov,0.0,self,Memory-1(Pavlov),2000000000060,3.0,3.0,1.0,1.0,1.0
3,Pavlov,0.0,self,Memory-1(Pavlov),2000000000061,3.0,3.0,1.0,1.0,1.0
3,Pavlov,0.0,self,Memory-1(Pavlov),2000000000062,3.0,3.0,1.0,1.0,1.0
3,Pavlov,0.0,self,Memory-1(Pavlov),2000000000063,3.0,3.0,1.0,1.0,1.0
3,Pavlov,0.0,self,Memory-1(Pavlov),2000000000064,3.0,3.0,1.0,1.0,1.0
3,Pavlov,0.0,self,Memory-1(Pavlov),2000000000065,3.0,3.0,1.0,1.0,1.0
3,Pavlov,0.0,self,Memory-1(Pavlov),2000000000066,3.0,3.0,1.0,1.0,1.0
3,Pavlov,0.0,self,Memory-1(Pavlov),2000000000067,3.0,3.0,1.0,1.0,1.0
3,Pavlov,0.0,self,Memory-1(Pavlov),2000000000068,3.0,3.0,1.0,1.0,1.0
3,Pavlov,0.0,self,Memory-1(Pavlov),2000000000069,3.0,3.0,1.0,1.0,1.0
3,Pavlov,0.0,self,Memory-1(Pavlov),2000000000070,3.0,3.0,1.0,1.0,1.0
3,Pavlov,0.0,self,Memory-1(Pavlov),2000000000071,3.0,3.0,1.0,1.0,1.0
3,Pavlov,0.0,self,Memory-1(Pavlov),2000000000072,3.0,3.0,1.0,1.0,1.0
3,Pavlov,0.0,self,Memory-1(Pavlov),2000000000073,3.0,3.0,1.0,1.0,1.0
3,Pavlov,0.0,self,Memory-1(Pavlov),2000000000074,3.0,3.0,1.0,1.0,1.0
3,Pavlov,0.0,self,Memory-1(Pavlov),2000000000075,3.0,3.0,1.0,1.0,1.0
3,Pavlov,0.0,self,Memory-1(Pavlov),2000000000076,3.0,3.0,1.0,1.0,1.0
3,Pavlov,0.0,self,Memory-1(Pavlov),2000000000077,3.0,3.0,1.0,1.0,1.0
3,Pavlov,0.0,self,Memory-1(Pavlov),2000000000078,3.0,3.0,1.0,1.0,1.0
3,Pavlov,0.0,self,Memory-1(Pavlov),2000000000079,3.0,3.0,1.0,1.0,1.0
3,Pavlov,0.05,common_field,Tit For Tat,2000000000060,2.125,2.25,0.4625,0.4375,0.1625
3,Pavlov,0.05,common_field,Tit For Tat,2000000000061,2.1625,2.35,0.5125,0.475,0.225
3,Pavlov,0.05,common_field,Tit For Tat,2000000000062,2.15,2.2125,0.4625,0.45,0.1875
3,Pavlov,0.05,common_field,Tit For Tat,2000000000063,2.0375,2.1625,0.4125,0.3875,0.1
3,Pavlov,0.05,common_field,Tit For Tat,2000000000064,2.3125,1.9375,0.3875,0.4625,0.15
3,Pavlov,0.05,common_field,Tit For Tat,2000000000065,2.35,2.225,0.5125,0.5375,0.2875
3,Pavlov,0.05,common_field,Tit For Tat,2000000000066,2.325,2.075,0.4375,0.4875,0.1875
3,Pavlov,0.05,common_field,Tit For Tat,2000000000067,2.375,2.1875,0.5,0.5375,0.275
3,Pavlov,0.05,common_field,Tit For Tat,2000000000068,2.175,2.175,0.4375,0.4375,0.1375
3,Pavlov,0.05,common_field,Tit For Tat,2000000000069,2.25,2.1875,0.475,0.4875,0.225
3,Pavlov,0.05,common_field,Tit For Tat,2000000000070,2.3,2.3,0.525,0.525,0.275
3,Pavlov,0.05,common_field,Tit For Tat,2000000000071,2.35,2.35,0.5625,0.5625,0.3375
3,Pavlov,0.05,common_field,Tit For Tat,2000000000072,2.1875,2.4375,0.575,0.525,0.3375
3,Pavlov,0.05,common_field,Tit For Tat,2000000000073,2.2,2.325,0.5375,0.5125,0.3125
3,Pavlov,0.05,common_field,Tit For Tat,2000000000074,2.5125,2.45,0.6375,0.65,0.45
3,Pavlov,0.05,common_field,Tit For Tat,2000000000075,2.1375,2.075,0.4,0.4125,0.1125
3,Pavlov,0.05,common_field,Tit For Tat,2000000000076,2.7625,2.7,0.8125,0.825,0.725
3,Pavlov,0.05,common_field,Tit For Tat,2000000000077,2.5,2.375,0.6125,0.6375,0.4375
3,Pavlov,0.05,common_field,Tit For Tat,2000000000078,2.7375,2.425,0.675,0.7375,0.5375
3,Pavlov,0.05,common_field,Tit For Tat,2000000000079,2.075,2.2,0.4375,0.4125,0.1375
3,Pavlov,0.05,common_field,Always Defect,2000000000060,0.7125,2.9625,0.5125,0.0625,0.025
3,Pavlov,0.05,common_field,Always Defect,2000000000061,0.6875,2.875,0.4875,0.05,0.025
3,Pavlov,0.05,common_field,Always Defect,2000000000062,0.85,2.7875,0.475,0.0875,0.025
3,Pavlov,0.05,common_field,Always Defect,2000000000063,0.75,2.875,0.4875,0.0625,0.0125
3,Pavlov,0.05,common_field,Always Defect,2000000000064,0.8,2.8,0.4875,0.0875,0.0625
3,Pavlov,0.05,common_field,Always Defect,2000000000065,0.7625,2.825,0.475,0.0625,0.0125
3,Pavlov,0.05,common_field,Always Defect,2000000000066,0.7,2.95,0.5125,0.0625,0.0375
3,Pavlov,0.05,common_field,Always Defect,2000000000067,0.575,3.0125,0.5125,0.025,0.0125
3,Pavlov,0.05,common_field,Always Defect,2000000000068,0.75,2.875,0.5,0.075,0.05
3,Pavlov,0.05,common_field,Always Defect,2000000000069,0.5875,3.025,0.5125,0.025,0.0
3,Pavlov,0.05,common_field,Always Defect,2000000000070,0.6625,2.9125,0.4875,0.0375,0.0
3,Pavlov,0.05,common_field,Always Defect,2000000000071,0.8875,2.7625,0.475,0.1,0.0375
3,Pavlov,0.05,common_field,Always Defect,2000000000072,0.6375,3.0125,0.525,0.05,0.0375
3,Pavlov,0.05,common_field,Always Defect,2000000000073,0.6875,3.0,0.525,0.0625,0.0375
3,Pavlov,0.05,common_field,Always Defect,2000000000074,0.575,3.0125,0.5125,0.025,0.0125
3,Pavlov,0.05,common_field,Always Defect,2000000000075,0.6,2.975,0.5,0.025,0.0
3,Pavlov,0.05,common_field,Always Defect,2000000000076,0.6625,2.9125,0.4875,0.0375,0.0
3,Pavlov,0.05,common_field,Always Defect,2000000000077,0.6375,3.0125,0.5125,0.0375,0.0
3,Pavlov,0.05,common_field,Always Defect,2000000000078,0.8875,2.7625,0.475,0.1,0.0375
3,Pavlov,0.05,common_field,Always Defect,2000000000079,0.575,3.0125,0.5125,0.025,0.0125
3,Pavlov,0.05,common_field,Grudger,2000000000060,0.9625,2.8375,0.525,0.15,0.1125
3,Pavlov,0.05,common_field,Grudger,2000000000061,1.0,3.0,0.5875,0.1875,0.1625
3,Pavlov,0.05,common_field,Grudger,2000000000062,0.875,2.75,0.4625,0.0875,0.0125
3,Pavlov,0.05,common_field,Grudger,2000000000063,0.7375,2.925,0.5125,0.075,0.05
3,Pavlov,0.05,common_field,Grudger,2000000000064,0.875,2.875,0.5,0.1,0.025
3,Pavlov,0.05,common_field,Grudger,2000000000065,1.05,2.7375,0.5,0.1625,0.1
3,Pavlov,0.05,common_field,Grudger,2000000000066,0.9875,2.8625,0.5375,0.1625,0.125
3,Pavlov,0.05,common_field,Grudger,2000000000067,0.9125,2.85,0.525,0.1375,0.1125
3,Pavlov,0.05,common_field,Grudger,2000000000068,0.775,2.8375,0.4875,0.075,0.0375
3,Pavlov,0.05,common_field,Grudger,2000000000069,0.6875,2.9375,0.5,0.05,0.0125
3,Pavlov,0.05,common_field,Grudger,2000000000070,0.7125,2.9625,0.525,0.075,0.0625
3,Pavlov,0.05,common_field,Grudger,2000000000071,0.9875,2.675,0.4625,0.125,0.05
3,Pavlov,0.05,common_field,Grudger,2000000000072,0.825,2.825,0.4875,0.0875,0.0375
3,Pavlov,0.05,common_field,Grudger,2000000000073,0.7875,2.9125,0.5125,0.0875,0.05
3,Pavlov,0.05,common_field,Grudger,2000000000074,0.9125,2.85,0.525,0.1375,0.1125
3,Pavlov,0.05,common_field,Grudger,2000000000075,0.875,2.9375,0.55,0.1375,0.125
3,Pavlov,0.05,common_field,Grudger,2000000000076,0.7875,2.9125,0.525,0.1,0.0875
3,Pavlov,0.05,common_field,Grudger,2000000000077,1.275,2.9625,0.625,0.2875,0.25
3,Pavlov,0.05,common_field,Grudger,2000000000078,1.0625,2.875,0.55,0.1875,0.1375
3,Pavlov,0.05,common_field,Grudger,2000000000079,0.975,2.85,0.5375,0.1625,0.1375
3,Pavlov,0.05,common_field,Joss (0.9),2000000000060,2.2,2.5125,0.6125,0.55,0.3875
3,Pavlov,0.05,common_field,Joss (0.9),2000000000061,1.8625,2.2375,0.4125,0.3375,0.075
3,Pavlov,0.05,common_field,Joss (0.9),2000000000062,2.4,2.3375,0.575,0.5875,0.375
3,Pavlov,0.05,common_field,Joss (0.9),2000000000063,2.0375,2.2875,0.475,0.425,0.1875
3,Pavlov,0.05,common_field,Joss (0.9),2000000000064,1.9375,2.25,0.425,0.3625,0.0875
3,Pavlov,0.05,common_field,Joss (0.9),2000000000065,2.425,2.3625,0.6,0.6125,0.425
3,Pavlov,0.05,common_field,Joss (0.9),2000000000066,2.3125,2.625,0.6875,0.625,0.5
3,Pavlov,0.05,common_field,Joss (0.9),2000000000067,2.05,2.2375,0.45,0.4125,0.15
3,Pavlov,0.05,common_field,Joss (0.9),2000000000068,2.15,2.3375,0.5,0.4625,0.2
3,Pavlov,0.05,common_field,Joss (0.9),2000000000069,2.0125,2.1375,0.4,0.375,0.0875
3,Pavlov,0.05,common_field,Joss (0.9),2000000000070,2.1625,2.475,0.5875,0.525,0.35
3,Pavlov,0.05,common_field,Joss (0.9),2000000000071,2.025,2.025,0.3625,0.3625,0.0625
3,Pavlov,0.05,common_field,Joss (0.9),2000000000072,2.1625,2.475,0.5875,0.525,0.35
3,Pavlov,0.05,common_field,Joss (0.9),2000000000073,2.0625,2.125,0.425,0.4125,0.1625
3,Pavlov,0.05,common_field,Joss (0.9),2000000000074,2.2,2.2625,0.5,0.4875,0.25
3,Pavlov,0.05,common_field,Joss (0.9),2000000000075,1.925,2.2375,0.425,0.3625,0.1
3,Pavlov,0.05,common_field,Joss (0.9),2000000000076,2.3375,2.4625,0.6125,0.5875,0.4
3,Pavlov,0.05,common_field,Joss (0.9),2000000000077,2.3125,2.3125,0.5375,0.5375,0.3
3,Pavlov,0.05,common_field,Joss (0.9),2000000000078,2.2125,2.4,0.575,0.5375,0.3625
3,Pavlov,0.05,common_field,Joss (0.9),2000000000079,2.0625,2.1875,0.4375,0.4125,0.15
3,Pavlov,0.05,common_field,Random (0.5),2000000000060,2.225,2.475,0.5875,0.5375,0.3375
3,Pavlov,0.05,common_field,Random (0.5),2000000000061,1.9875,2.3,0.4875,0.425,0.225
3,Pavlov,0.05,common_field,Random (0.5),2000000000062,1.95,2.7625,0.675,0.5125,0.425
3,Pavlov,0.05,common_field,Random (0.5),2000000000063,1.9125,2.475,0.525,0.4125,0.2125
3,Pavlov,0.05,common_field,Random (0.5),2000000000064,2.2125,2.3375,0.5125,0.4875,0.225
3,Pavlov,0.05,common_field,Random (0.5),2000000000065,2.475,1.9125,0.3875,0.5,0.1375
3,Pavlov,0.05,common_field,Random (0.5),2000000000066,2.4375,2.25,0.5375,0.575,0.325
3,Pavlov,0.05,common_field,Random (0.5),2000000000067,1.8125,2.5,0.5125,0.375,0.175
3,Pavlov,0.05,common_field,Random (0.5),2000000000068,2.325,2.2625,0.525,0.5375,0.3
3,Pavlov,0.05,common_field,Random (0.5),2000000000069,2.1,2.1625,0.4375,0.425,0.1625
3,Pavlov,0.05,common_field,Random (0.5),2000000000070,2.1125,2.4875,0.575,0.5,0.3125
3,Pavlov,0.05,common_field,Random (0.5),2000000000071,2.2,2.2625,0.4875,0.475,0.2125
3,Pavlov,0.05,common_field,Random (0.5),2000000000072,2.4,2.3375,0.5625,0.575,0.3375
3,Pavlov,0.05,common_field,Random (0.5),2000000000073,2.1375,2.325,0.5125,0.475,0.25
3,Pavlov,0.05,common_field,Random (0.5),2000000000074,2.3375,2.0875,0.45,0.5,0.2125
3,Pavlov,0.05,common_field,Random (0.5),2000000000075,1.825,2.45,0.5125,0.3875,0.2125
3,Pavlov,0.05,common_field,Random (0.5),2000000000076,2.05,2.3625,0.5125,0.45,0.2375
3,Pavlov,0.05,common_field,Random (0.5),2000000000077,1.9625,2.4625,0.5375,0.4375,0.25
3,Pavlov,0.05,common_field,Random (0.5),2000000000078,1.9875,2.4875,0.5625,0.4625,0.3
3,Pavlov,0.05,common_field,Random (0.5),2000000000079,2.1,2.225,0.45,0.425,0.15
3,Pavlov,0.05,common_field,Tester,2000000000060,0.75,2.875,0.5,0.075,0.05
3,Pavlov,0.05,common_field,Tester,2000000000061,0.6875,3.0,0.525,0.0625,0.0375
3,Pavlov,0.05,common_field,Tester,2000000000062,2.2125,2.0875,0.4125,0.4375,0.125
3,Pavlov,0.05,common_field,Tester,2000000000063,0.7125,2.9625,0.525,0.075,0.0625
3,Pavlov,0.05,common_field,Tester,2000000000064,2.1625,2.2875,0.4875,0.4625,0.2
3,Pavlov,0.05,common_field,Tester,2000000000065,0.7,3.0125,0.5375,0.075,0.0625
3,Pavlov,0.05,common_field,Tester,2000000000066,0.7625,2.8875,0.5,0.075,0.0375
3,Pavlov,0.05,common_field,Tester,2000000000067,0.625,2.9375,0.5,0.0375,0.025
3,Pavlov,0.05,common_field,Tester,2000000000068,1.85,2.0375,0.3375,0.3,0.0125
3,Pavlov,0.05,common_field,Tester,2000000000069,2.2875,2.2875,0.525,0.525,0.2875
3,Pavlov,0.05,common_field,Tester,2000000000070,0.625,3.0,0.525,0.05,0.05
3,Pavlov,0.05,common_field,Tester,2000000000071,2.4625,2.275,0.5625,0.6,0.375
3,Pavlov,0.05,common_field,Tester,2000000000072,0.7375,2.8625,0.4875,0.0625,0.025
3,Pavlov,0.05,common_field,Tester,2000000000073,2.3,1.9875,0.3875,0.45,0.1125
3,Pavlov,0.05,common_field,Tester,2000000000074,0.625,2.9375,0.5,0.0375,0.025
3,Pavlov,0.05,common_field,Tester,2000000000075,0.6,2.975,0.5125,0.0375,0.0375
3,Pavlov,0.05,common_field,Tester,2000000000076,0.625,3.0,0.525,0.05,0.05
3,Pavlov,0.05,common_field,Tester,2000000000077,0.65,2.9,0.5,0.05,0.05
3,Pavlov,0.05,common_field,Tester,2000000000078,0.8375,2.9625,0.5375,0.1125,0.075
3,Pavlov,0.05,common_field,Tester,2000000000079,0.625,2.9375,0.5,0.0375,0.025
3,Pavlov,0.05,common_field,Pavlov (Win-Stay Lose-Shift),2000000000060,2.95,2.6375,0.8375,0.9,0.8125
3,Pavlov,0.05,common_field,Pavlov (Win-Stay Lose-Shift),2000000000061,2.85,2.725,0.85,0.875,0.8
3,Pavlov,0.05,common_field,Pavlov (Win-Stay Lose-Shift),2000000000062,2.5625,2.75,0.8125,0.775,0.725
3,Pavlov,0.05,common_field,Pavlov (Win-Stay Lose-Shift),2000000000063,2.7625,2.7,0.8375,0.85,0.8
3,Pavlov,0.05,common_field,Pavlov (Win-Stay Lose-Shift),2000000000064,2.825,2.5125,0.7625,0.825,0.7125
3,Pavlov,0.05,common_field,Pavlov (Win-Stay Lose-Shift),2000000000065,2.6875,2.6875,0.8125,0.8125,0.75
3,Pavlov,0.05,common_field,Pavlov (Win-Stay Lose-Shift),2000000000066,2.7375,2.7375,0.8375,0.8375,0.775
3,Pavlov,0.05,common_field,Pavlov (Win-Stay Lose-Shift),2000000000067,2.9125,2.85,0.925,0.9375,0.9125
3,Pavlov,0.05,common_field,Pavlov (Win-Stay Lose-Shift),2000000000068,2.7125,2.7125,0.825,0.825,0.7625
3,Pavlov,0.05,common_field,Pavlov (Win-Stay Lose-Shift),2000000000069,2.875,2.8125,0.9,0.9125,0.875
3,Pavlov,0.05,common_field,Pavlov (Win-Stay Lose-Shift),2000000000070,2.8125,2.75,0.8625,0.875,0.825
3,Pavlov,0.05,common_field,Pavlov (Win-Stay Lose-Shift),2000000000071,2.5375,2.85,0.8375,0.775,0.725
3,Pavlov,0.05,common_field,Pavlov (Win-Stay Lose-Shift),2000000000072,2.7125,2.65,0.8,0.8125,0.7375
3,Pavlov,0.05,common_field,Pavlov (Win-Stay Lose-Shift),2000000000073,2.775,2.65,0.8125,0.8375,0.7625
3,Pavlov,0.05,common_field,Pavlov (Win-Stay Lose-Shift),2000000000074,2.8375,2.775,0.875,0.8875,0.8375
3,Pavlov,0.05,common_field,Pavlov (Win-Stay Lose-Shift),2000000000075,2.875,2.9375,0.95,0.9375,0.925
3,Pavlov,0.05,common_field,Pavlov (Win-Stay Lose-Shift),2000000000076,2.8125,2.8125,0.8875,0.8875,0.85
3,Pavlov,0.05,common_field,Pavlov (Win-Stay Lose-Shift),2000000000077,2.825,2.7,0.8375,0.8625,0.7875
3,Pavlov,0.05,common_field,Pavlov (Win-Stay Lose-Shift),2000000000078,2.4625,2.7125,0.775,0.725,0.6625
3,Pavlov,0.05,common_field,Pavlov (Win-Stay Lose-Shift),2000000000079,2.8,2.8,0.875,0.875,0.825
3,Pavlov,0.05,ALLC,Memory-1(ALLC),2000000000060,3.8375,1.4625,0.45,0.925,0.4125
3,Pavlov,0.05,ALLC,Memory-1(ALLC),2000000000061,4.1875,1.0,0.3125,0.95,0.3
3,Pavlov,0.05,ALLC,Memory-1(ALLC),2000000000062,3.5625,1.875,0.5875,0.925,0.55
3,Pavlov,0.05,ALLC,Memory-1(ALLC),2000000000063,3.2,2.3875,0.7625,0.925,0.7375
3,Pavlov,0.05,ALLC,Memory-1(ALLC),2000000000064,3.4625,2.0875,0.6625,0.9375,0.625
3,Pavlov,0.05,ALLC,Memory-1(ALLC),2000000000065,3.9,1.4,0.4375,0.9375,0.4125
3,Pavlov,0.05,ALLC,Memory-1(ALLC),2000000000066,3.7125,1.775,0.575,0.9625,0.5625
3,Pavlov,0.05,ALLC,Memory-1(ALLC),2000000000067,3.6875,1.8125,0.575,0.95,0.5375
3,Pavlov,0.05,ALLC,Memory-1(ALLC),2000000000068,4.6125,0.425,0.125,0.9625,0.1125
3,Pavlov,0.05,ALLC,Memory-1(ALLC),2000000000069,3.8,1.6125,0.5125,0.95,0.4875
3,Pavlov,0.05,ALLC,Memory-1(ALLC),2000000000070,3.625,1.875,0.5875,0.9375,0.5375
3,Pavlov,0.05,ALLC,Memory-1(ALLC),2000000000071,4.1,1.0375,0.3,0.9125,0.25
3,Pavlov,0.05,ALLC,Memory-1(ALLC),2000000000072,3.5875,1.9,0.6,0.9375,0.5625
3,Pavlov,0.05,ALLC,Memory-1(ALLC),2000000000073,3.7875,1.6,0.5,0.9375,0.4625
3,Pavlov,0.05,ALLC,Memory-1(ALLC),2000000000074,4.375,0.875,0.2875,0.9875,0.2875
3,Pavlov,0.05,ALLC,Memory-1(ALLC),2000000000075,4.4125,0.725,0.225,0.9625,0.2125
3,Pavlov,0.05,ALLC,Memory-1(ALLC),2000000000076,3.7875,1.475,0.45,0.9125,0.4125
3,Pavlov,0.05,ALLC,Memory-1(ALLC),2000000000077,3.7875,1.4125,0.425,0.9,0.3875
3,Pavlov,0.05,ALLC,Memory-1(ALLC),2000000000078,3.5875,1.8375,0.575,0.925,0.5375
3,Pavlov,0.05,ALLC,Memory-1(ALLC),2000000000079,3.95,1.45,0.4625,0.9625,0.4375
3,Pavlov,0.05,self,Memory-1(Pavlov),2000000000060,2.7125,2.5875,0.775,0.8,0.7125
3,Pavlov,0.05,self,Memory-1(Pavlov),2000000000061,2.7125,2.7125,0.825,0.825,0.7625
3,Pavlov,0.05,self,Memory-1(Pavlov),2000000000062,2.7125,2.7125,0.825,0.825,0.7625
3,Pavlov,0.05,self,Memory-1(Pavlov),2000000000063,2.6625,2.6625,0.8,0.8,0.7375
3,Pavlov,0.05,self,Memory-1(Pavlov),2000000000064,2.6875,2.625,0.7875,0.8,0.725
3,Pavlov,0.05,self,Memory-1(Pavlov),2000000000065,2.8125,2.6875,0.8375,0.8625,0.8
3,Pavlov,0.05,self,Memory-1(Pavlov),2000000000066,2.825,2.825,0.8875,0.8875,0.8375
3,Pavlov,0.05,self,Memory-1(Pavlov),2000000000067,2.75,2.8125,0.875,0.8625,0.825
3,Pavlov,0.05,self,Memory-1(Pavlov),2000000000068,2.8125,2.75,0.8625,0.875,0.825
3,Pavlov,0.05,self,Memory-1(Pavlov),2000000000069,2.75,2.8125,0.875,0.8625,0.825
3,Pavlov,0.05,self,Memory-1(Pavlov),2000000000070,2.7,2.8875,0.8875,0.85,0.8125
3,Pavlov,0.05,self,Memory-1(Pavlov),2000000000071,2.5625,2.8125,0.8375,0.7875,0.75
3,Pavlov,0.05,self,Memory-1(Pavlov),2000000000072,2.6875,2.5625,0.7625,0.7875,0.7
3,Pavlov,0.05,self,Memory-1(Pavlov),2000000000073,2.6875,2.6875,0.8125,0.8125,0.75
3,Pavlov,0.05,self,Memory-1(Pavlov),2000000000074,2.9375,2.6875,0.8625,0.9125,0.85
3,Pavlov,0.05,self,Memory-1(Pavlov),2000000000075,2.8125,2.9375,0.9375,0.9125,0.9
3,Pavlov,0.05,self,Memory-1(Pavlov),2000000000076,2.7375,2.7375,0.8375,0.8375,0.775
3,Pavlov,0.05,self,Memory-1(Pavlov),2000000000077,2.4625,2.775,0.8,0.7375,0.6875
3,Pavlov,0.05,self,Memory-1(Pavlov),2000000000078,2.7625,2.5125,0.75,0.8,0.6875
3,Pavlov,0.05,self,Memory-1(Pavlov),2000000000079,2.825,2.8875,0.9125,0.9,0.8625
3,ALLD,0.0,common_field,Tit For Tat,2000000000060,1.05,0.9875,0.0,0.0125,0.0
3,ALLD,0.0,common_field,Tit For Tat,2000000000061,1.05,0.9875,0.0,0.0125,0.0
3,ALLD,0.0,common_field,Tit For Tat,2000000000062,1.05,0.9875,0.0,0.0125,0.0
3,ALLD,0.0,common_field,Tit For Tat,2000000000063,1.05,0.9875,0.0,0.0125,0.0
3,ALLD,0.0,common_field,Tit For Tat,2000000000064,1.05,0.9875,0.0,0.0125,0.0
3,ALLD,0.0,common_field,Tit For Tat,2000000000065,1.05,0.9875,0.0,0.0125,0.0
3,ALLD,0.0,common_field,Tit For Tat,2000000000066,1.05,0.9875,0.0,0.0125,0.0
3,ALLD,0.0,common_field,Tit For Tat,2000000000067,1.05,0.9875,0.0,0.0125,0.0
3,ALLD,0.0,common_field,Tit For Tat,2000000000068,1.05,0.9875,0.0,0.0125,0.0
3,ALLD,0.0,common_field,Tit For Tat,2000000000069,1.05,0.9875,0.0,0.0125,0.0
3,ALLD,0.0,common_field,Tit For Tat,2000000000070,1.05,0.9875,0.0,0.0125,0.0
3,ALLD,0.0,common_field,Tit For Tat,2000000000071,1.05,0.9875,0.0,0.0125,0.0
3,ALLD,0.0,common_field,Tit For Tat,2000000000072,1.05,0.9875,0.0,0.0125,0.0
3,ALLD,0.0,common_field,Tit For Tat,2000000000073,1.05,0.9875,0.0,0.0125,0.0
3,ALLD,0.0,common_field,Tit For Tat,2000000000074,1.05,0.9875,0.0,0.0125,0.0
3,ALLD,0.0,common_field,Tit For Tat,2000000000075,1.05,0.9875,0.0,0.0125,0.0
3,ALLD,0.0,common_field,Tit For Tat,2000000000076,1.05,0.9875,0.0,0.0125,0.0
3,ALLD,0.0,common_field,Tit For Tat,2000000000077,1.05,0.9875,0.0,0.0125,0.0
3,ALLD,0.0,common_field,Tit For Tat,2000000000078,1.05,0.9875,0.0,0.0125,0.0
3,ALLD,0.0,common_field,Tit For Tat,2000000000079,1.05,0.9875,0.0,0.0125,0.0
3,ALLD,0.0,common_field,Always Defect,2000000000060,1.0,1.0,0.0,0.0,0.0
3,ALLD,0.0,common_field,Always Defect,2000000000061,1.0,1.0,0.0,0.0,0.0
3,ALLD,0.0,common_field,Always Defect,2000000000062,1.0,1.0,0.0,0.0,0.0
3,ALLD,0.0,common_field,Always Defect,2000000000063,1.0,1.0,0.0,0.0,0.0
3,ALLD,0.0,common_field,Always Defect,2000000000064,1.0,1.0,0.0,0.0,0.0
3,ALLD,0.0,common_field,Always Defect,2000000000065,1.0,1.0,0.0,0.0,0.0
3,ALLD,0.0,common_field,Always Defect,2000000000066,1.0,1.0,0.0,0.0,0.0
3,ALLD,0.0,common_field,Always Defect,2000000000067,1.0,1.0,0.0,0.0,0.0
3,ALLD,0.0,common_field,Always Defect,2000000000068,1.0,1.0,0.0,0.0,0.0
3,ALLD,0.0,common_field,Always Defect,2000000000069,1.0,1.0,0.0,0.0,0.0
3,ALLD,0.0,common_field,Always Defect,2000000000070,1.0,1.0,0.0,0.0,0.0
3,ALLD,0.0,common_field,Always Defect,2000000000071,1.0,1.0,0.0,0.0,0.0
3,ALLD,0.0,common_field,Always Defect,2000000000072,1.0,1.0,0.0,0.0,0.0
3,ALLD,0.0,common_field,Always Defect,2000000000073,1.0,1.0,0.0,0.0,0.0
3,ALLD,0.0,common_field,Always Defect,2000000000074,1.0,1.0,0.0,0.0,0.0
3,ALLD,0.0,common_field,Always Defect,2000000000075,1.0,1.0,0.0,0.0,0.0
3,ALLD,0.0,common_field,Always Defect,2000000000076,1.0,1.0,0.0,0.0,0.0
3,ALLD,0.0,common_field,Always Defect,2000000000077,1.0,1.0,0.0,0.0,0.0
3,ALLD,0.0,common_field,Always Defect,2000000000078,1.0,1.0,0.0,0.0,0.0
3,ALLD,0.0,common_field,Always Defect,2000000000079,1.0,1.0,0.0,0.0,0.0
3,ALLD,0.0,common_field,Grudger,2000000000060,1.05,0.9875,0.0,0.0125,0.0
3,ALLD,0.0,common_field,Grudger,2000000000061,1.05,0.9875,0.0,0.0125,0.0
3,ALLD,0.0,common_field,Grudger,2000000000062,1.05,0.9875,0.0,0.0125,0.0
3,ALLD,0.0,common_field,Grudger,2000000000063,1.05,0.9875,0.0,0.0125,0.0
3,ALLD,0.0,common_field,Grudger,2000000000064,1.05,0.9875,0.0,0.0125,0.0
3,ALLD,0.0,common_field,Grudger,2000000000065,1.05,0.9875,0.0,0.0125,0.0
3,ALLD,0.0,common_field,Grudger,2000000000066,1.05,0.9875,0.0,0.0125,0.0
3,ALLD,0.0,common_field,Grudger,2000000000067,1.05,0.9875,0.0,0.0125,0.0
3,ALLD,0.0,common_field,Grudger,2000000000068,1.05,0.9875,0.0,0.0125,0.0
3,ALLD,0.0,common_field,Grudger,2000000000069,1.05,0.9875,0.0,0.0125,0.0
3,ALLD,0.0,common_field,Grudger,2000000000070,1.05,0.9875,0.0,0.0125,0.0
3,ALLD,0.0,common_field,Grudger,2000000000071,1.05,0.9875,0.0,0.0125,0.0
3,ALLD,0.0,common_field,Grudger,2000000000072,1.05,0.9875,0.0,0.0125,0.0
3,ALLD,0.0,common_field,Grudger,2000000000073,1.05,0.9875,0.0,0.0125,0.0
3,ALLD,0.0,common_field,Grudger,2000000000074,1.05,0.9875,0.0,0.0125,0.0
3,ALLD,0.0,common_field,Grudger,2000000000075,1.05,0.9875,0.0,0.0125,0.0
3,ALLD,0.0,common_field,Grudger,2000000000076,1.05,0.9875,0.0,0.0125,0.0
3,ALLD,0.0,common_field,Grudger,2000000000077,1.05,0.9875,0.0,0.0125,0.0
3,ALLD,0.0,common_field,Grudger,2000000000078,1.05,0.9875,0.0,0.0125,0.0
3,ALLD,0.0,common_field,Grudger,2000000000079,1.05,0.9875,0.0,0.0125,0.0
3,ALLD,0.0,common_field,Joss (0.9),2000000000060,1.05,0.9875,0.0,0.0125,0.0
3,ALLD,0.0,common_field,Joss (0.9),2000000000061,1.05,0.9875,0.0,0.0125,0.0
3,ALLD,0.0,common_field,Joss (0.9),2000000000062,1.05,0.9875,0.0,0.0125,0.0
3,ALLD,0.0,common_field,Joss (0.9),2000000000063,1.05,0.9875,0.0,0.0125,0.0
3,ALLD,0.0,common_field,Joss (0.9),2000000000064,1.05,0.9875,0.0,0.0125,0.0
3,ALLD,0.0,common_field,Joss (0.9),2000000000065,1.05,0.9875,0.0,0.0125,0.0
3,ALLD,0.0,common_field,Joss (0.9),2000000000066,1.05,0.9875,0.0,0.0125,0.0
3,ALLD,0.0,common_field,Joss (0.9),2000000000067,1.05,0.9875,0.0,0.0125,0.0
3,ALLD,0.0,common_field,Joss (0.9),2000000000068,1.05,0.9875,0.0,0.0125,0.0
3,ALLD,0.0,common_field,Joss (0.9),2000000000069,1.05,0.9875,0.0,0.0125,0.0
3,ALLD,0.0,common_field,Joss (0.9),2000000000070,1.05,0.9875,0.0,0.0125,0.0
3,ALLD,0.0,common_field,Joss (0.9),2000000000071,1.05,0.9875,0.0,0.0125,0.0
3,ALLD,0.0,common_field,Joss (0.9),2000000000072,1.05,0.9875,0.0,0.0125,0.0
3,ALLD,0.0,common_field,Joss (0.9),2000000000073,1.05,0.9875,0.0,0.0125,0.0
3,ALLD,0.0,common_field,Joss (0.9),2000000000074,1.05,0.9875,0.0,0.0125,0.0
3,ALLD,0.0,common_field,Joss (0.9),2000000000075,1.05,0.9875,0.0,0.0125,0.0
3,ALLD,0.0,common_field,Joss (0.9),2000000000076,1.05,0.9875,0.0,0.0125,0.0
3,ALLD,0.0,common_field,Joss (0.9),2000000000077,1.05,0.9875,0.0,0.0125,0.0
3,ALLD,0.0,common_field,Joss (0.9),2000000000078,1.05,0.9875,0.0,0.0125,0.0
3,ALLD,0.0,common_field,Joss (0.9),2000000000079,1.05,0.9875,0.0,0.0125,0.0
3,ALLD,0.0,common_field,Random (0.5),2000000000060,3.15,0.4625,0.0,0.5375,0.0
3,ALLD,0.0,common_field,Random (0.5),2000000000061,3.15,0.4625,0.0,0.5375,0.0
3,ALLD,0.0,common_field,Random (0.5),2000000000062,3.05,0.4875,0.0,0.5125,0.0
3,ALLD,0.0,common_field,Random (0.5),2000000000063,3.05,0.4875,0.0,0.5125,0.0
3,ALLD,0.0,common_field,Random (0.5),2000000000064,3.35,0.4125,0.0,0.5875,0.0
3,ALLD,0.0,common_field,Random (0.5),2000000000065,3.3,0.425,0.0,0.575,0.0
3,ALLD,0.0,common_field,Random (0.5),2000000000066,2.7,0.575,0.0,0.425,0.0
3,ALLD,0.0,common_field,Random (0.5),2000000000067,2.5,0.625,0.0,0.375,0.0
3,ALLD,0.0,common_field,Random (0.5),2000000000068,2.95,0.5125,0.0,0.4875,0.0
3,ALLD,0.0,common_field,Random (0.5),2000000000069,3.2,0.45,0.0,0.55,0.0
3,ALLD,0.0,common_field,Random (0.5),2000000000070,3.1,0.475,0.0,0.525,0.0
3,ALLD,0.0,common_field,Random (0.5),2000000000071,3.15,0.4625,0.0,0.5375,0.0
3,ALLD,0.0,common_field,Random (0.5),2000000000072,2.85,0.5375,0.0,0.4625,0.0
3,ALLD,0.0,common_field,Random (0.5),2000000000073,2.9,0.525,0.0,0.475,0.0
3,ALLD,0.0,common_field,Random (0.5),2000000000074,3.2,0.45,0.0,0.55,0.0
3,ALLD,0.0,common_field,Random (0.5),2000000000075,2.7,0.575,0.0,0.425,0.0
3,ALLD,0.0,common_field,Random (0.5),2000000000076,3.0,0.5,0.0,0.5,0.0
3,ALLD,0.0,common_field,Random (0.5),2000000000077,2.75,0.5625,0.0,0.4375,0.0
3,ALLD,0.0,common_field,Random (0.5),2000000000078,3.4,0.4,0.0,0.6,0.0
3,ALLD,0.0,common_field,Random (0.5),2000000000079,2.8,0.55,0.0,0.45,0.0
3,ALLD,0.0,common_field,Tester,2000000000060,1.1,0.975,0.0,0.025,0.0
3,ALLD,0.0,common_field,Tester,2000000000061,1.1,0.975,0.0,0.025,0.0
3,ALLD,0.0,common_field,Tester,2000000000062,1.1,0.975,0.0,0.025,0.0
3,ALLD,0.0,common_field,Tester,2000000000063,1.1,0.975,0.0,0.025,0.0
3,ALLD,0.0,common_field,Tester,2000000000064,1.1,0.975,0.0,0.025,0.0
3,ALLD,0.0,common_field,Tester,2000000000065,1.1,0.975,0.0,0.025,0.0
3,ALLD,0.0,common_field,Tester,2000000000066,1.1,0.975,0.0,0.025,0.0
3,ALLD,0.0,common_field,Tester,2000000000067,1.1,0.975,0.0,0.025,0.0
3,ALLD,0.0,common_field,Tester,2000000000068,1.1,0.975,0.0,0.025,0.0
3,ALLD,0.0,common_field,Tester,2000000000069,1.1,0.975,0.0,0.025,0.0
3,ALLD,0.0,common_field,Tester,2000000000070,1.1,0.975,0.0,0.025,0.0
3,ALLD,0.0,common_field,Tester,2000000000071,1.1,0.975,0.0,0.025,0.0
3,ALLD,0.0,common_field,Tester,2000000000072,1.1,0.975,0.0,0.025,0.0
3,ALLD,0.0,common_field,Tester,2000000000073,1.1,0.975,0.0,0.025,0.0
3,ALLD,0.0,common_field,Tester,2000000000074,1.1,0.975,0.0,0.025,0.0
3,ALLD,0.0,common_field,Tester,2000000000075,1.1,0.975,0.0,0.025,0.0
3,ALLD,0.0,common_field,Tester,2000000000076,1.1,0.975,0.0,0.025,0.0
3,ALLD,0.0,common_field,Tester,2000000000077,1.1,0.975,0.0,0.025,0.0
3,ALLD,0.0,common_field,Tester,2000000000078,1.1,0.975,0.0,0.025,0.0
3,ALLD,0.0,common_field,Tester,2000000000079,1.1,0.975,0.0,0.025,0.0
3,ALLD,0.0,common_field,Pavlov (Win-Stay Lose-Shift),2000000000060,3.0,0.5,0.0,0.5,0.0
3,ALLD,0.0,common_field,Pavlov (Win-Stay Lose-Shift),2000000000061,3.0,0.5,0.0,0.5,0.0
3,ALLD,0.0,common_field,Pavlov (Win-Stay Lose-Shift),2000000000062,3.0,0.5,0.0,0.5,0.0
3,ALLD,0.0,common_field,Pavlov (Win-Stay Lose-Shift),2000000000063,3.0,0.5,0.0,0.5,0.0
3,ALLD,0.0,common_field,Pavlov (Win-Stay Lose-Shift),2000000000064,3.0,0.5,0.0,0.5,0.0
3,ALLD,0.0,common_field,Pavlov (Win-Stay Lose-Shift),2000000000065,3.0,0.5,0.0,0.5,0.0
3,ALLD,0.0,common_field,Pavlov (Win-Stay Lose-Shift),2000000000066,3.0,0.5,0.0,0.5,0.0
3,ALLD,0.0,common_field,Pavlov (Win-Stay Lose-Shift),2000000000067,3.0,0.5,0.0,0.5,0.0
3,ALLD,0.0,common_field,Pavlov (Win-Stay Lose-Shift),2000000000068,3.0,0.5,0.0,0.5,0.0
3,ALLD,0.0,common_field,Pavlov (Win-Stay Lose-Shift),2000000000069,3.0,0.5,0.0,0.5,0.0
3,ALLD,0.0,common_field,Pavlov (Win-Stay Lose-Shift),2000000000070,3.0,0.5,0.0,0.5,0.0
3,ALLD,0.0,common_field,Pavlov (Win-Stay Lose-Shift),2000000000071,3.0,0.5,0.0,0.5,0.0
3,ALLD,0.0,common_field,Pavlov (Win-Stay Lose-Shift),2000000000072,3.0,0.5,0.0,0.5,0.0
3,ALLD,0.0,common_field,Pavlov (Win-Stay Lose-Shift),2000000000073,3.0,0.5,0.0,0.5,0.0
3,ALLD,0.0,common_field,Pavlov (Win-Stay Lose-Shift),2000000000074,3.0,0.5,0.0,0.5,0.0
3,ALLD,0.0,common_field,Pavlov (Win-Stay Lose-Shift),2000000000075,3.0,0.5,0.0,0.5,0.0
3,ALLD,0.0,common_field,Pavlov (Win-Stay Lose-Shift),2000000000076,3.0,0.5,0.0,0.5,0.0
3,ALLD,0.0,common_field,Pavlov (Win-Stay Lose-Shift),2000000000077,3.0,0.5,0.0,0.5,0.0
3,ALLD,0.0,common_field,Pavlov (Win-Stay Lose-Shift),2000000000078,3.0,0.5,0.0,0.5,0.0
3,ALLD,0.0,common_field,Pavlov (Win-Stay Lose-Shift),2000000000079,3.0,0.5,0.0,0.5,0.0
3,ALLD,0.0,ALLC,Memory-1(ALLC),2000000000060,5.0,0.0,0.0,1.0,0.0
3,ALLD,0.0,ALLC,Memory-1(ALLC),2000000000061,5.0,0.0,0.0,1.0,0.0
3,ALLD,0.0,ALLC,Memory-1(ALLC),2000000000062,5.0,0.0,0.0,1.0,0.0
3,ALLD,0.0,ALLC,Memory-1(ALLC),2000000000063,5.0,0.0,0.0,1.0,0.0
3,ALLD,0.0,ALLC,Memory-1(ALLC),2000000000064,5.0,0.0,0.0,1.0,0.0
3,ALLD,0.0,ALLC,Memory-1(ALLC),2000000000065,5.0,0.0,0.0,1.0,0.0
3,ALLD,0.0,ALLC,Memory-1(ALLC),2000000000066,5.0,0.0,0.0,1.0,0.0
3,ALLD,0.0,ALLC,Memory-1(ALLC),2000000000067,5.0,0.0,0.0,1.0,0.0
3,ALLD,0.0,ALLC,Memory-1(ALLC),2000000000068,5.0,0.0,0.0,1.0,0.0
3,ALLD,0.0,ALLC,Memory-1(ALLC),2000000000069,5.0,0.0,0.0,1.0,0.0
3,ALLD,0.0,ALLC,Memory-1(ALLC),2000000000070,5.0,0.0,0.0,1.0,0.0
3,ALLD,0.0,ALLC,Memory-1(ALLC),2000000000071,5.0,0.0,0.0,1.0,0.0
3,ALLD,0.0,ALLC,Memory-1(ALLC),2000000000072,5.0,0.0,0.0,1.0,0.0
3,ALLD,0.0,ALLC,Memory-1(ALLC),2000000000073,5.0,0.0,0.0,1.0,0.0
3,ALLD,0.0,ALLC,Memory-1(ALLC),2000000000074,5.0,0.0,0.0,1.0,0.0
3,ALLD,0.0,ALLC,Memory-1(ALLC),2000000000075,5.0,0.0,0.0,1.0,0.0
3,ALLD,0.0,ALLC,Memory-1(ALLC),2000000000076,5.0,0.0,0.0,1.0,0.0
3,ALLD,0.0,ALLC,Memory-1(ALLC),2000000000077,5.0,0.0,0.0,1.0,0.0
3,ALLD,0.0,ALLC,Memory-1(ALLC),2000000000078,5.0,0.0,0.0,1.0,0.0
3,ALLD,0.0,ALLC,Memory-1(ALLC),2000000000079,5.0,0.0,0.0,1.0,0.0
3,ALLD,0.0,self,Memory-1(ALLD),2000000000060,1.0,1.0,0.0,0.0,0.0
3,ALLD,0.0,self,Memory-1(ALLD),2000000000061,1.0,1.0,0.0,0.0,0.0
3,ALLD,0.0,self,Memory-1(ALLD),2000000000062,1.0,1.0,0.0,0.0,0.0
3,ALLD,0.0,self,Memory-1(ALLD),2000000000063,1.0,1.0,0.0,0.0,0.0
3,ALLD,0.0,self,Memory-1(ALLD),2000000000064,1.0,1.0,0.0,0.0,0.0
3,ALLD,0.0,self,Memory-1(ALLD),2000000000065,1.0,1.0,0.0,0.0,0.0
3,ALLD,0.0,self,Memory-1(ALLD),2000000000066,1.0,1.0,0.0,0.0,0.0
3,ALLD,0.0,self,Memory-1(ALLD),2000000000067,1.0,1.0,0.0,0.0,0.0
3,ALLD,0.0,self,Memory-1(ALLD),2000000000068,1.0,1.0,0.0,0.0,0.0
3,ALLD,0.0,self,Memory-1(ALLD),2000000000069,1.0,1.0,0.0,0.0,0.0
3,ALLD,0.0,self,Memory-1(ALLD),2000000000070,1.0,1.0,0.0,0.0,0.0
3,ALLD,0.0,self,Memory-1(ALLD),2000000000071,1.0,1.0,0.0,0.0,0.0
3,ALLD,0.0,self,Memory-1(ALLD),2000000000072,1.0,1.0,0.0,0.0,0.0
3,ALLD,0.0,self,Memory-1(ALLD),2000000000073,1.0,1.0,0.0,0.0,0.0
3,ALLD,0.0,self,Memory-1(ALLD),2000000000074,1.0,1.0,0.0,0.0,0.0
3,ALLD,0.0,self,Memory-1(ALLD),2000000000075,1.0,1.0,0.0,0.0,0.0
3,ALLD,0.0,self,Memory-1(ALLD),2000000000076,1.0,1.0,0.0,0.0,0.0
3,ALLD,0.0,self,Memory-1(ALLD),2000000000077,1.0,1.0,0.0,0.0,0.0
3,ALLD,0.0,self,Memory-1(ALLD),2000000000078,1.0,1.0,0.0,0.0,0.0
3,ALLD,0.0,self,Memory-1(ALLD),2000000000079,1.0,1.0,0.0,0.0,0.0
3,ALLD,0.05,common_field,Tit For Tat,2000000000060,1.3125,1.1875,0.075,0.1,0.0125
3,ALLD,0.05,common_field,Tit For Tat,2000000000061,1.2625,1.2,0.075,0.0875,0.0125
3,ALLD,0.05,common_field,Tit For Tat,2000000000062,1.45,1.075,0.05,0.125,0.0
3,ALLD,0.05,common_field,Tit For Tat,2000000000063,1.5,1.125,0.075,0.15,0.025
3,ALLD,0.05,common_field,Tit For Tat,2000000000064,1.5125,1.1375,0.075,0.15,0.0125
3,ALLD,0.05,common_field,Tit For Tat,2000000000065,1.4875,1.1125,0.0625,0.1375,0.0
3,ALLD,0.05,common_field,Tit For Tat,2000000000066,1.375,1.125,0.0625,0.1125,0.0125
3,ALLD,0.05,common_field,Tit For Tat,2000000000067,1.25,1.0625,0.0375,0.075,0.0125
3,ALLD,0.05,common_field,Tit For Tat,2000000000068,1.4,1.0875,0.05,0.1125,0.0
3,ALLD,0.05,common_field,Tit For Tat,2000000000069,1.2625,1.075,0.0375,0.075,0.0
3,ALLD,0.05,common_field,Tit For Tat,2000000000070,1.35,1.1,0.05,0.1,0.0
3,ALLD,0.05,common_field,Tit For Tat,2000000000071,1.625,1.0625,0.0625,0.175,0.0125
3,ALLD,0.05,common_field,Tit For Tat,2000000000072,1.5125,1.2,0.0875,0.15,0.0
3,ALLD,0.05,common_field,Tit For Tat,2000000000073,1.4875,1.1125,0.0625,0.1375,0.0
3,ALLD,0.05,common_field,Tit For Tat,2000000000074,1.3375,1.15,0.0625,0.1,0.0
3,ALLD,0.05,common_field,Tit For Tat,2000000000075,1.1875,1.0,0.0125,0.05,0.0
3,ALLD,0.05,common_field,Tit For Tat,2000000000076,1.3125,1.0625,0.0375,0.0875,0.0
3,ALLD,0.05,common_field,Tit For Tat,2000000000077,1.35,1.225,0.0875,0.1125,0.0125
3,ALLD,0.05,common_field,Tit For Tat,2000000000078,1.7375,1.175,0.1,0.2125,0.0125
3,ALLD,0.05,common_field,Tit For Tat,2000000000079,1.35,1.1625,0.075,0.1125,0.025
3,ALLD,0.05,common_field,Always Defect,2000000000060,1.1625,1.225,0.075,0.0625,0.0125
3,ALLD,0.05,common_field,Always Defect,2000000000061,1.125,1.25,0.075,0.05,0.0
3,ALLD,0.05,common_field,Always Defect,2000000000062,1.3,1.1125,0.05,0.0875,0.0
3,ALLD,0.05,common_field,Always Defect,2000000000063,1.15,1.2125,0.075,0.0625,0.025
3,ALLD,0.05,common_field,Always Defect,2000000000064,1.275,1.2125,0.075,0.0875,0.0
3,ALLD,0.05,common_field,Always Defect,2000000000065,1.1875,1.1875,0.0625,0.0625,0.0
3,ALLD,0.05,common_field,Always Defect,2000000000066,1.1875,1.1875,0.0625,0.0625,0.0
3,ALLD,0.05,common_field,Always Defect,2000000000067,1.05,1.1125,0.0375,0.025,0.0125
3,ALLD,0.05,common_field,Always Defect,2000000000068,1.25,1.125,0.05,0.075,0.0
3,ALLD,0.05,common_field,Always Defect,2000000000069,1.0625,1.125,0.0375,0.025,0.0
3,ALLD,0.05,common_field,Always Defect,2000000000070,1.1,1.1625,0.05,0.0375,0.0
3,ALLD,0.05,common_field,Always Defect,2000000000071,1.3375,1.15,0.0625,0.1,0.0
3,ALLD,0.05,common_field,Always Defect,2000000000072,1.1125,1.3,0.0875,0.05,0.0
3,ALLD,0.05,common_field,Always Defect,2000000000073,1.1875,1.1875,0.0625,0.0625,0.0
3,ALLD,0.05,common_field,Always Defect,2000000000074,1.0375,1.225,0.0625,0.025,0.0
3,ALLD,0.05,common_field,Always Defect,2000000000075,1.0875,1.025,0.0125,0.025,0.0
3,ALLD,0.05,common_field,Always Defect,2000000000076,1.1125,1.1125,0.0375,0.0375,0.0
3,ALLD,0.05,common_field,Always Defect,2000000000077,1.0625,1.3125,0.0875,0.0375,0.0
3,ALLD,0.05,common_field,Always Defect,2000000000078,1.2875,1.2875,0.1,0.1,0.0125
3,ALLD,0.05,common_field,Always Defect,2000000000079,1.025,1.275,0.075,0.025,0.0
3,ALLD,0.05,common_field,Grudger,2000000000060,1.2125,1.2125,0.075,0.075,0.0125
3,ALLD,0.05,common_field,Grudger,2000000000061,1.175,1.2375,0.075,0.0625,0.0
3,ALLD,0.05,common_field,Grudger,2000000000062,1.25,1.125,0.05,0.075,0.0
3,ALLD,0.05,common_field,Grudger,2000000000063,1.2,1.2,0.075,0.075,0.025
3,ALLD,0.05,common_field,Grudger,2000000000064,1.3625,1.175,0.075,0.1125,0.0125
3,ALLD,0.05,common_field,Grudger,2000000000065,1.2375,1.175,0.0625,0.075,0.0
3,ALLD,0.05,common_field,Grudger,2000000000066,1.2375,1.175,0.0625,0.075,0.0
3,ALLD,0.05,common_field,Grudger,2000000000067,1.1,1.1,0.0375,0.0375,0.0125
3,ALLD,0.05,common_field,Grudger,2000000000068,1.2,1.1375,0.05,0.0625,0.0
3,ALLD,0.05,common_field,Grudger,2000000000069,1.1125,1.1125,0.0375,0.0375,0.0
3,ALLD,0.05,common_field,Grudger,2000000000070,1.15,1.15,0.05,0.05,0.0
3,ALLD,0.05,common_field,Grudger,2000000000071,1.3875,1.1375,0.0625,0.1125,0.0
3,ALLD,0.05,common_field,Grudger,2000000000072,1.1625,1.2875,0.0875,0.0625,0.0
3,ALLD,0.05,common_field,Grudger,2000000000073,1.2375,1.175,0.0625,0.075,0.0
3,ALLD,0.05,common_field,Grudger,2000000000074,1.0875,1.2125,0.0625,0.0375,0.0
3,ALLD,0.05,common_field,Grudger,2000000000075,1.1375,1.0125,0.0125,0.0375,0.0
3,ALLD,0.05,common_field,Grudger,2000000000076,1.1625,1.1,0.0375,0.05,0.0
3,ALLD,0.05,common_field,Grudger,2000000000077,1.1125,1.3,0.0875,0.05,0.0
3,ALLD,0.05,common_field,Grudger,2000000000078,1.3375,1.275,0.1,0.1125,0.0125
3,ALLD,0.05,common_field,Grudger,2000000000079,1.075,1.2625,0.075,0.0375,0.0
3,ALLD,0.05,common_field,Joss (0.9),2000000000060,1.525,1.15,0.075,0.15,0.0
3,ALLD,0.05,common_field,Joss (0.9),2000000000061,1.3875,1.1375,0.075,0.125,0.0375
3,ALLD,0.05,common_field,Joss (0.9),2000000000062,1.5,1.0625,0.05,0.1375,0.0
3,ALLD,0.05,common_field,Joss (0.9),2000000000063,1.3125,1.1875,0.075,0.1,0.0125
3,ALLD,0.05,common_field,Joss (0.9),2000000000064,1.6,1.1,0.075,0.175,0.025
3,ALLD,0.05,common_field,Joss (0.9),2000000000065,1.375,1.125,0.0625,0.1125,0.0125
3,ALLD,0.05,common_field,Joss (0.9),2000000000066,1.4125,1.1,0.0625,0.125,0.025
3,ALLD,0.05,common_field,Joss (0.9),2000000000067,1.2625,1.075,0.0375,0.075,0.0
3,ALLD,0.05,common_field,Joss (0.9),2000000000068,1.35,1.1,0.05,0.1,0.0
3,ALLD,0.05,common_field,Joss (0.9),2000000000069,1.2125,1.0875,0.0375,0.0625,0.0
3,ALLD,0.05,common_field,Joss (0.9),2000000000070,1.35,1.1,0.05,0.1,0.0
3,ALLD,0.05,common_field,Joss (0.9),2000000000071,1.575,1.075,0.0625,0.1625,0.0125
3,ALLD,0.05,common_field,Joss (0.9),2000000000072,1.5,1.1875,0.0875,0.15,0.0125
3,ALLD,0.05,common_field,Joss (0.9),2000000000073,1.4875,1.1125,0.0625,0.1375,0.0
3,ALLD,0.05,common_field,Joss (0.9),2000000000074,1.3875,1.1375,0.0625,0.1125,0.0
3,ALLD,0.05,common_field,Joss (0.9),2000000000075,1.1875,1.0,0.0125,0.05,0.0
3,ALLD,0.05,common_field,Joss (0.9),2000000000076,1.1125,1.1125,0.0375,0.0375,0.0
3,ALLD,0.05,common_field,Joss (0.9),2000000000077,1.3125,1.25,0.0875,0.1,0.0
3,ALLD,0.05,common_field,Joss (0.9),2000000000078,1.6,1.225,0.1,0.175,0.0
3,ALLD,0.05,common_field,Joss (0.9),2000000000079,1.35,1.1625,0.075,0.1125,0.025
3,ALLD,0.05,common_field,Random (0.5),2000000000060,3.05,0.7375,0.075,0.5375,0.025
3,ALLD,0.05,common_field,Random (0.5),2000000000061,2.5875,0.8375,0.075,0.425,0.0375
3,ALLD,0.05,common_field,Random (0.5),2000000000062,2.975,0.6625,0.05,0.5125,0.025
3,ALLD,0.05,common_field,Random (0.5),2000000000063,2.55,0.8625,0.075,0.4125,0.025
3,ALLD,0.05,common_field,Random (0.5),2000000000064,2.8375,0.775,0.075,0.4875,0.0375
3,ALLD,0.05,common_field,Random (0.5),2000000000065,2.9,0.7125,0.0625,0.5,0.0375
3,ALLD,0.05,common_field,Random (0.5),2000000000066,3.2125,0.65,0.0625,0.575,0.025
3,ALLD,0.05,common_field,Random (0.5),2000000000067,2.4625,0.775,0.0375,0.375,0.0
3,ALLD,0.05,common_field,Random (0.5),2000000000068,3.075,0.6375,0.05,0.5375,0.025
3,ALLD,0.05,common_field,Random (0.5),2000000000069,2.6375,0.7,0.0375,0.425,0.025
3,ALLD,0.05,common_field,Random (0.5),2000000000070,2.925,0.675,0.05,0.5,0.025
3,ALLD,0.05,common_field,Random (0.5),2000000000071,2.8,0.7375,0.0625,0.475,0.0375
3,ALLD,0.05,common_field,Random (0.5),2000000000072,3.15,0.7125,0.0875,0.575,0.0625
3,ALLD,0.05,common_field,Random (0.5),2000000000073,2.8375,0.775,0.0625,0.475,0.0
3,ALLD,0.05,common_field,Random (0.5),2000000000074,2.9,0.7125,0.0625,0.5,0.0375
3,ALLD,0.05,common_field,Random (0.5),2000000000075,2.5375,0.6625,0.0125,0.3875,0.0
3,ALLD,0.05,common_field,Random (0.5),2000000000076,2.7625,0.7,0.0375,0.45,0.0
3,ALLD,0.05,common_field,Random (0.5),2000000000077,2.6125,0.8625,0.0875,0.4375,0.05
3,ALLD,0.05,common_field,Random (0.5),2000000000078,2.6875,0.875,0.1,0.4625,0.0625
3,ALLD,0.05,common_field,Random (0.5),2000000000079,2.6125,0.8625,0.075,0.425,0.0125
3,ALLD,0.05,common_field,Tester,2000000000060,1.3625,1.175,0.075,0.1125,0.0125
3,ALLD,0.05,common_field,Tester,2000000000061,1.2125,1.2125,0.075,0.075,0.0125
3,ALLD,0.05,common_field,Tester,2000000000062,1.5,1.0625,0.05,0.1375,0.0
3,ALLD,0.05,common_field,Tester,2000000000063,1.55,1.1125,0.075,0.1625,0.025
3,ALLD,0.05,common_field,Tester,2000000000064,1.5125,1.1375,0.075,0.15,0.0125
3,ALLD,0.05,common_field,Tester,2000000000065,1.5375,1.1,0.0625,0.15,0.0
3,ALLD,0.05,common_field,Tester,2000000000066,1.425,1.1125,0.0625,0.125,0.0125
3,ALLD,0.05,common_field,Tester,2000000000067,1.3,1.05,0.0375,0.0875,0.0125
3,ALLD,0.05,common_field,Tester,2000000000068,1.45,1.075,0.05,0.125,0.0
3,ALLD,0.05,common_field,Tester,2000000000069,1.1125,1.1125,0.0375,0.0375,0.0
3,ALLD,0.05,common_field,Tester,2000000000070,1.4,1.0875,0.05,0.1125,0.0
3,ALLD,0.05,common_field,Tester,2000000000071,1.3875,1.1375,0.0625,0.1125,0.0
3,ALLD,0.05,common_field,Tester,2000000000072,1.5625,1.1875,0.0875,0.1625,0.0
3,ALLD,0.05,common_field,Tester,2000000000073,1.2375,1.175,0.0625,0.075,0.0
3,ALLD,0.05,common_field,Tester,2000000000074,1.3875,1.1375,0.0625,0.1125,0.0
3,ALLD,0.05,common_field,Tester,2000000000075,1.2375,0.9875,0.0125,0.0625,0.0
3,ALLD,0.05,common_field,Tester,2000000000076,1.3625,1.05,0.0375,0.1,0.0
3,ALLD,0.05,common_field,Tester,2000000000077,1.4,1.2125,0.0875,0.125,0.0125
3,ALLD,0.05,common_field,Tester,2000000000078,1.7875,1.1625,0.1,0.225,0.0125
3,ALLD,0.05,common_field,Tester,2000000000079,1.4,1.15,0.075,0.125,0.025
3,ALLD,0.05,common_field,Pavlov (Win-Stay Lose-Shift),2000000000060,2.9875,0.7375,0.075,0.525,0.0375
3,ALLD,0.05,common_field,Pavlov (Win-Stay Lose-Shift),2000000000061,2.925,0.7375,0.075,0.5125,0.05
3,ALLD,0.05,common_field,Pavlov (Win-Stay Lose-Shift),2000000000062,3.0625,0.625,0.05,0.5375,0.0375
3,ALLD,0.05,common_field,Pavlov (Win-Stay Lose-Shift),2000000000063,2.9875,0.7375,0.075,0.525,0.0375
3,ALLD,0.05,common_field,Pavlov (Win-Stay Lose-Shift),2000000000064,2.95,0.7,0.075,0.525,0.075
3,ALLD,0.05,common_field,Pavlov (Win-Stay Lose-Shift),2000000000065,3.0,0.6875,0.0625,0.525,0.0375
3,ALLD,0.05,common_field,Pavlov (Win-Stay Lose-Shift),2000000000066,2.8625,0.7375,0.0625,0.4875,0.025
3,ALLD,0.05,common_field,Pavlov (Win-Stay Lose-Shift),2000000000067,3.0375,0.6,0.0375,0.525,0.025
3,ALLD,0.05,common_field,Pavlov (Win-Stay Lose-Shift),2000000000068,2.9125,0.6625,0.05,0.5,0.0375
3,ALLD,0.05,common_field,Pavlov (Win-Stay Lose-Shift),2000000000069,2.9625,0.65,0.0375,0.5,0.0
3,ALLD,0.05,common_field,Pavlov (Win-Stay Lose-Shift),2000000000070,3.025,0.65,0.05,0.525,0.025
3,ALLD,0.05,common_field,Pavlov (Win-Stay Lose-Shift),2000000000071,3.0375,0.6625,0.0625,0.5375,0.05
3,ALLD,0.05,common_field,Pavlov (Win-Stay Lose-Shift),2000000000072,2.825,0.825,0.0875,0.4875,0.0375
3,ALLD,0.05,common_field,Pavlov (Win-Stay Lose-Shift),2000000000073,2.825,0.7625,0.0625,0.475,0.0125
3,ALLD,0.05,common_field,Pavlov (Win-Stay Lose-Shift),2000000000074,2.9125,0.725,0.0625,0.5,0.025
3,ALLD,0.05,common_field,Pavlov (Win-Stay Lose-Shift),2000000000075,3.0375,0.5375,0.0125,0.5125,0.0
3,ALLD,0.05,common_field,Pavlov (Win-Stay Lose-Shift),2000000000076,3.0,0.625,0.0375,0.5125,0.0125
3,ALLD,0.05,common_field,Pavlov (Win-Stay Lose-Shift),2000000000077,2.85,0.85,0.0875,0.4875,0.0125
3,ALLD,0.05,common_field,Pavlov (Win-Stay Lose-Shift),2000000000078,3.025,0.775,0.1,0.55,0.075
3,ALLD,0.05,common_field,Pavlov (Win-Stay Lose-Shift),2000000000079,2.85,0.7875,0.075,0.4875,0.025
3,ALLD,0.05,ALLC,Memory-1(ALLC),2000000000060,4.55,0.3,0.075,0.925,0.075
3,ALLD,0.05,ALLC,Memory-1(ALLC),2000000000061,4.65,0.275,0.075,0.95,0.075
3,ALLD,0.05,ALLC,Memory-1(ALLC),2000000000062,4.6,0.225,0.05,0.925,0.05
3,ALLD,0.05,ALLC,Memory-1(ALLC),2000000000063,4.5625,0.3125,0.075,0.925,0.0625
3,ALLD,0.05,ALLC,Memory-1(ALLC),2000000000064,4.6,0.2875,0.075,0.9375,0.075
3,ALLD,0.05,ALLC,Memory-1(ALLC),2000000000065,4.6375,0.2625,0.0625,0.9375,0.05
3,ALLD,0.05,ALLC,Memory-1(ALLC),2000000000066,4.725,0.225,0.0625,0.9625,0.0625
3,ALLD,0.05,ALLC,Memory-1(ALLC),2000000000067,4.725,0.1625,0.0375,0.95,0.0375
3,ALLD,0.05,ALLC,Memory-1(ALLC),2000000000068,4.75,0.1875,0.05,0.9625,0.05
3,ALLD,0.05,ALLC,Memory-1(ALLC),2000000000069,4.725,0.1625,0.0375,0.95,0.0375
3,ALLD,0.05,ALLC,Memory-1(ALLC),2000000000070,4.65,0.2125,0.05,0.9375,0.05
3,ALLD,0.05,ALLC,Memory-1(ALLC),2000000000071,4.5375,0.2875,0.0625,0.9125,0.05
3,ALLD,0.05,ALLC,Memory-1(ALLC),2000000000072,4.575,0.325,0.0875,0.9375,0.0875
3,ALLD,0.05,ALLC,Memory-1(ALLC),2000000000073,4.625,0.25,0.0625,0.9375,0.0625
3,ALLD,0.05,ALLC,Memory-1(ALLC),2000000000074,4.825,0.2,0.0625,0.9875,0.0625
3,ALLD,0.05,ALLC,Memory-1(ALLC),2000000000075,4.825,0.075,0.0125,0.9625,0.0125
3,ALLD,0.05,ALLC,Memory-1(ALLC),2000000000076,4.575,0.2,0.0375,0.9125,0.0375
3,ALLD,0.05,ALLC,Memory-1(ALLC),2000000000077,4.4375,0.375,0.0875,0.9,0.075
3,ALLD,0.05,ALLC,Memory-1(ALLC),2000000000078,4.5,0.375,0.1,0.925,0.1
3,ALLD,0.05,ALLC,Memory-1(ALLC),2000000000079,4.7125,0.275,0.075,0.9625,0.0625
3,ALLD,0.05,self,Memory-1(ALLD),2000000000060,1.225,1.225,0.075,0.075,0.0
3,ALLD,0.05,self,Memory-1(ALLD),2000000000061,1.125,1.25,0.075,0.05,0.0
3,ALLD,0.05,self,Memory-1(ALLD),2000000000062,1.25,1.125,0.05,0.075,0.0
3,ALLD,0.05,self,Memory-1(ALLD),2000000000063,1.2125,1.2125,0.075,0.075,0.0125
3,ALLD,0.05,self,Memory-1(ALLD),2000000000064,1.175,1.2375,0.075,0.0625,0.0
3,ALLD,0.05,self,Memory-1(ALLD),2000000000065,1.175,1.175,0.0625,0.0625,0.0125
3,ALLD,0.05,self,Memory-1(ALLD),2000000000066,1.0875,1.2125,0.0625,0.0375,0.0
3,ALLD,0.05,self,Memory-1(ALLD),2000000000067,1.1625,1.1,0.0375,0.05,0.0
3,ALLD,0.05,self,Memory-1(ALLD),2000000000068,1.1,1.1625,0.05,0.0375,0.0
3,ALLD,0.05,self,Memory-1(ALLD),2000000000069,1.1625,1.1,0.0375,0.05,0.0
3,ALLD,0.05,self,Memory-1(ALLD),2000000000070,1.2,1.1375,0.05,0.0625,0.0
3,ALLD,0.05,self,Memory-1(ALLD),2000000000071,1.275,1.15,0.0625,0.0875,0.0125
3,ALLD,0.05,self,Memory-1(ALLD),2000000000072,1.1625,1.2875,0.0875,0.0625,0.0
3,ALLD,0.05,self,Memory-1(ALLD),2000000000073,1.1875,1.1875,0.0625,0.0625,0.0
3,ALLD,0.05,self,Memory-1(ALLD),2000000000074,0.9875,1.2375,0.0625,0.0125,0.0
3,ALLD,0.05,self,Memory-1(ALLD),2000000000075,1.1375,1.0125,0.0125,0.0375,0.0
3,ALLD,0.05,self,Memory-1(ALLD),2000000000076,1.3125,1.0625,0.0375,0.0875,0.0
3,ALLD,0.05,self,Memory-1(ALLD),2000000000077,1.3,1.2375,0.0875,0.1,0.0125
3,ALLD,0.05,self,Memory-1(ALLD),2000000000078,1.2,1.325,0.1,0.075,0.0
3,ALLD,0.05,self,Memory-1(ALLD),2000000000079,1.0625,1.25,0.075,0.0375,0.0125
4,TFT,0.0,common_field,Tit For Tat,2000000000080,3.0,3.0,1.0,1.0,1.0
4,TFT,0.0,common_field,Tit For Tat,2000000000081,3.0,3.0,1.0,1.0,1.0
4,TFT,0.0,common_field,Tit For Tat,2000000000082,3.0,3.0,1.0,1.0,1.0
4,TFT,0.0,common_field,Tit For Tat,2000000000083,3.0,3.0,1.0,1.0,1.0
4,TFT,0.0,common_field,Tit For Tat,2000000000084,3.0,3.0,1.0,1.0,1.0
4,TFT,0.0,common_field,Tit For Tat,2000000000085,3.0,3.0,1.0,1.0,1.0
4,TFT,0.0,common_field,Tit For Tat,2000000000086,3.0,3.0,1.0,1.0,1.0
4,TFT,0.0,common_field,Tit For Tat,2000000000087,3.0,3.0,1.0,1.0,1.0
4,TFT,0.0,common_field,Tit For Tat,2000000000088,3.0,3.0,1.0,1.0,1.0
4,TFT,0.0,common_field,Tit For Tat,2000000000089,3.0,3.0,1.0,1.0,1.0
4,TFT,0.0,common_field,Tit For Tat,2000000000090,3.0,3.0,1.0,1.0,1.0
4,TFT,0.0,common_field,Tit For Tat,2000000000091,3.0,3.0,1.0,1.0,1.0
4,TFT,0.0,common_field,Tit For Tat,2000000000092,3.0,3.0,1.0,1.0,1.0
4,TFT,0.0,common_field,Tit For Tat,2000000000093,3.0,3.0,1.0,1.0,1.0
4,TFT,0.0,common_field,Tit For Tat,2000000000094,3.0,3.0,1.0,1.0,1.0
4,TFT,0.0,common_field,Tit For Tat,2000000000095,3.0,3.0,1.0,1.0,1.0
4,TFT,0.0,common_field,Tit For Tat,2000000000096,3.0,3.0,1.0,1.0,1.0
4,TFT,0.0,common_field,Tit For Tat,2000000000097,3.0,3.0,1.0,1.0,1.0
4,TFT,0.0,common_field,Tit For Tat,2000000000098,3.0,3.0,1.0,1.0,1.0
4,TFT,0.0,common_field,Tit For Tat,2000000000099,3.0,3.0,1.0,1.0,1.0
4,TFT,0.0,common_field,Always Defect,2000000000080,0.9875,1.05,0.0125,0.0,0.0
4,TFT,0.0,common_field,Always Defect,2000000000081,0.9875,1.05,0.0125,0.0,0.0
4,TFT,0.0,common_field,Always Defect,2000000000082,0.9875,1.05,0.0125,0.0,0.0
4,TFT,0.0,common_field,Always Defect,2000000000083,0.9875,1.05,0.0125,0.0,0.0
4,TFT,0.0,common_field,Always Defect,2000000000084,0.9875,1.05,0.0125,0.0,0.0
4,TFT,0.0,common_field,Always Defect,2000000000085,0.9875,1.05,0.0125,0.0,0.0
4,TFT,0.0,common_field,Always Defect,2000000000086,0.9875,1.05,0.0125,0.0,0.0
4,TFT,0.0,common_field,Always Defect,2000000000087,0.9875,1.05,0.0125,0.0,0.0
4,TFT,0.0,common_field,Always Defect,2000000000088,0.9875,1.05,0.0125,0.0,0.0
4,TFT,0.0,common_field,Always Defect,2000000000089,0.9875,1.05,0.0125,0.0,0.0
4,TFT,0.0,common_field,Always Defect,2000000000090,0.9875,1.05,0.0125,0.0,0.0
4,TFT,0.0,common_field,Always Defect,2000000000091,0.9875,1.05,0.0125,0.0,0.0
4,TFT,0.0,common_field,Always Defect,2000000000092,0.9875,1.05,0.0125,0.0,0.0
4,TFT,0.0,common_field,Always Defect,2000000000093,0.9875,1.05,0.0125,0.0,0.0
4,TFT,0.0,common_field,Always Defect,2000000000094,0.9875,1.05,0.0125,0.0,0.0
4,TFT,0.0,common_field,Always Defect,2000000000095,0.9875,1.05,0.0125,0.0,0.0
4,TFT,0.0,common_field,Always Defect,2000000000096,0.9875,1.05,0.0125,0.0,0.0
4,TFT,0.0,common_field,Always Defect,2000000000097,0.9875,1.05,0.0125,0.0,0.0
4,TFT,0.0,common_field,Always Defect,2000000000098,0.9875,1.05,0.0125,0.0,0.0
4,TFT,0.0,common_field,Always Defect,2000000000099,0.9875,1.05,0.0125,0.0,0.0
4,TFT,0.0,common_field,Grudger,2000000000080,3.0,3.0,1.0,1.0,1.0
4,TFT,0.0,common_field,Grudger,2000000000081,3.0,3.0,1.0,1.0,1.0
4,TFT,0.0,common_field,Grudger,2000000000082,3.0,3.0,1.0,1.0,1.0
4,TFT,0.0,common_field,Grudger,2000000000083,3.0,3.0,1.0,1.0,1.0
4,TFT,0.0,common_field,Grudger,2000000000084,3.0,3.0,1.0,1.0,1.0
4,TFT,0.0,common_field,Grudger,2000000000085,3.0,3.0,1.0,1.0,1.0
4,TFT,0.0,common_field,Grudger,2000000000086,3.0,3.0,1.0,1.0,1.0
4,TFT,0.0,common_field,Grudger,2000000000087,3.0,3.0,1.0,1.0,1.0
4,TFT,0.0,common_field,Grudger,2000000000088,3.0,3.0,1.0,1.0,1.0
4,TFT,0.0,common_field,Grudger,2000000000089,3.0,3.0,1.0,1.0,1.0
4,TFT,0.0,common_field,Grudger,2000000000090,3.0,3.0,1.0,1.0,1.0
4,TFT,0.0,common_field,Grudger,2000000000091,3.0,3.0,1.0,1.0,1.0
4,TFT,0.0,common_field,Grudger,2000000000092,3.0,3.0,1.0,1.0,1.0
4,TFT,0.0,common_field,Grudger,2000000000093,3.0,3.0,1.0,1.0,1.0
4,TFT,0.0,common_field,Grudger,2000000000094,3.0,3.0,1.0,1.0,1.0
4,TFT,0.0,common_field,Grudger,2000000000095,3.0,3.0,1.0,1.0,1.0
4,TFT,0.0,common_field,Grudger,2000000000096,3.0,3.0,1.0,1.0,1.0
4,TFT,0.0,common_field,Grudger,2000000000097,3.0,3.0,1.0,1.0,1.0
4,TFT,0.0,common_field,Grudger,2000000000098,3.0,3.0,1.0,1.0,1.0
4,TFT,0.0,common_field,Grudger,2000000000099,3.0,3.0,1.0,1.0,1.0
4,TFT,0.0,common_field,Joss (0.9),2000000000080,2.1125,2.175,0.425,0.4125,0.1125
4,TFT,0.0,common_field,Joss (0.9),2000000000081,1.525,1.5875,0.2125,0.2,0.0625
4,TFT,0.0,common_field,Joss (0.9),2000000000082,1.2,1.2625,0.0875,0.075,0.0125
4,TFT,0.0,common_field,Joss (0.9),2000000000083,1.5625,1.625,0.225,0.2125,0.0625
4,TFT,0.0,common_field,Joss (0.9),2000000000084,1.1,1.1625,0.0625,0.05,0.0375
4,TFT,0.0,common_field,Joss (0.9),2000000000085,1.2875,1.35,0.1375,0.125,0.075
4,TFT,0.0,common_field,Joss (0.9),2000000000086,1.0875,1.15,0.05,0.0375,0.0125
4,TFT,0.0,common_field,Joss (0.9),2000000000087,2.3875,2.45,0.5125,0.5,0.1
4,TFT,0.0,common_field,Joss (0.9),2000000000088,1.75,1.8125,0.3125,0.3,0.1375
4,TFT,0.0,common_field,Joss (0.9),2000000000089,1.2625,1.325,0.15,0.1375,0.1375
4,TFT,0.0,common_field,Joss (0.9),2000000000090,1.1875,1.25,0.0875,0.075,0.025
4,TFT,0.0,common_field,Joss (0.9),2000000000091,1.7625,1.825,0.2875,0.275,0.05
4,TFT,0.0,common_field,Joss (0.9),2000000000092,1.2625,1.325,0.15,0.1375,0.1375
4,TFT,0.0,common_field,Joss (0.9),2000000000093,1.1,1.1625,0.0625,0.05,0.0375
4,TFT,0.0,common_field,Joss (0.9),2000000000094,1.7125,1.775,0.275,0.2625,0.0625
4,TFT,0.0,common_field,Joss (0.9),2000000000095,2.1875,2.25,0.425,0.4125,0.0375
4,TFT,0.0,common_field,Joss (0.9),2000000000096,1.4125,1.475,0.1875,0.175,0.1
4,TFT,0.0,common_field,Joss (0.9),2000000000097,1.125,1.1875,0.0625,0.05,0.0125
4,TFT,0.0,common_field,Joss (0.9),2000000000098,1.6125,1.675,0.225,0.2125,0.0125
4,TFT,0.0,common_field,Joss (0.9),2000000000099,1.2875,1.35,0.125,0.1125,0.0375
4,TFT,0.0,common_field,Random (0.5),2000000000080,2.1625,2.225,0.475,0.4625,0.2125
4,TFT,0.0,common_field,Random (0.5),2000000000081,2.35,2.35,0.5375,0.5375,0.2625
4,TFT,0.0,common_field,Random (0.5),2000000000082,2.3125,2.375,0.525,0.5125,0.2125
4,TFT,0.0,common_field,Random (0.5),2000000000083,2.275,2.275,0.525,0.525,0.3
4,TFT,0.0,common_field,Random (0.5),2000000000084,2.425,2.4875,0.5875,0.575,0.2875
4,TFT,0.0,common_field,Random (0.5),2000000000085,2.3375,2.4,0.55,0.5375,0.2625
4,TFT,0.0,common_field,Random (0.5),2000000000086,2.325,2.3875,0.575,0.5625,0.35
4,TFT,0.0,common_field,Random (0.5),2000000000087,2.2875,2.2875,0.525,0.525,0.2875
4,TFT,0.0,common_field,Random (0.5),2000000000088,2.2375,2.3,0.5125,0.5,0.25
4,TFT,0.0,common_field,Random (0.5),2000000000089,2.125,2.1875,0.475,0.4625,0.25
4,TFT,0.0,common_field,Random (0.5),2000000000090,2.1,2.1625,0.45,0.4375,0.2
4,TFT,0.0,common_field,Random (0.5),2000000000091,2.2625,2.325,0.5125,0.5,0.225
4,TFT,0.0,common_field,Random (0.5),2000000000092,2.1375,2.1375,0.4375,0.4375,0.175
4,TFT,0.0,common_field,Random (0.5),2000000000093,2.225,2.225,0.475,0.475,0.2
4,TFT,0.0,common_field,Random (0.5),2000000000094,2.175,2.175,0.475,0.475,0.25
4,TFT,0.0,common_field,Random (0.5),2000000000095,2.2875,2.2875,0.5375,0.5375,0.325
4,TFT,0.0,common_field,Random (0.5),2000000000096,2.15,2.15,0.45,0.45,0.2
4,TFT,0.0,common_field,Random (0.5),2000000000097,2.275,2.275,0.525,0.525,0.3
4,TFT,0.0,common_field,Random (0.5),2000000000098,2.325,2.3875,0.55,0.5375,0.275
4,TFT,0.0,common_field,Random (0.5),2000000000099,2.05,2.05,0.4375,0.4375,0.2625
4,TFT,0.0,common_field,Tester,2000000000080,1.0125,1.075,0.025,0.0125,0.0125
4,TFT,0.0,common_field,Tester,2000000000081,1.0125,1.075,0.025,0.0125,0.0125
4,TFT,0.0,common_field,Tester,2000000000082,1.0125,1.075,0.025,0.0125,0.0125
4,TFT,0.0,common_field,Tester,2000000000083,1.0125,1.075,0.025,0.0125,0.0125
4,TFT,0.0,common_field,Tester,2000000000084,1.0125,1.075,0.025,0.0125,0.0125
4,TFT,0.0,common_field,Tester,2000000000085,1.0125,1.075,0.025,0.0125,0.0125
4,TFT,0.0,common_field,Tester,2000000000086,1.0125,1.075,0.025,0.0125,0.0125
4,TFT,0.0,common_field,Tester,2000000000087,1.0125,1.075,0.025,0.0125,0.0125
4,TFT,0.0,common_field,Tester,2000000000088,1.0125,1.075,0.025,0.0125,0.0125
4,TFT,0.0,common_field,Tester,2000000000089,1.0125,1.075,0.025,0.0125,0.0125
4,TFT,0.0,common_field,Tester,2000000000090,1.0125,1.075,0.025,0.0125,0.0125
4,TFT,0.0,common_field,Tester,2000000000091,1.0125,1.075,0.025,0.0125,0.0125
4,TFT,0.0,common_field,Tester,2000000000092,1.0125,1.075,0.025,0.0125,0.0125
4,TFT,0.0,common_field,Tester,2000000000093,1.0125,1.075,0.025,0.0125,0.0125
4,TFT,0.0,common_field,Tester,2000000000094,1.0125,1.075,0.025,0.0125,0.0125
4,TFT,0.0,common_field,Tester,2000000000095,1.0125,1.075,0.025,0.0125,0.0125
4,TFT,0.0,common_field,Tester,2000000000096,1.0125,1.075,0.025,0.0125,0.0125
4,TFT,0.0,common_field,Tester,2000000000097,1.0125,1.075,0.025,0.0125,0.0125
4,TFT,0.0,common_field,Tester,2000000000098,1.0125,1.075,0.025,0.0125,0.0125
4,TFT,0.0,common_field,Tester,2000000000099,1.0125,1.075,0.025,0.0125,0.0125
4,TFT,0.0,common_field,Pavlov (Win-Stay Lose-Shift),2000000000080,3.0,3.0,1.0,1.0,1.0
4,TFT,0.0,common_field,Pavlov (Win-Stay Lose-Shift),2000000000081,3.0,3.0,1.0,1.0,1.0
4,TFT,0.0,common_field,Pavlov (Win-Stay Lose-Shift),2000000000082,3.0,3.0,1.0,1.0,1.0
4,TFT,0.0,common_field,Pavlov (Win-Stay Lose-Shift),2000000000083,3.0,3.0,1.0,1.0,1.0
4,TFT,0.0,common_field,Pavlov (Win-Stay Lose-Shift),2000000000084,3.0,3.0,1.0,1.0,1.0
4,TFT,0.0,common_field,Pavlov (Win-Stay Lose-Shift),2000000000085,3.0,3.0,1.0,1.0,1.0
4,TFT,0.0,common_field,Pavlov (Win-Stay Lose-Shift),2000000000086,3.0,3.0,1.0,1.0,1.0
4,TFT,0.0,common_field,Pavlov (Win-Stay Lose-Shift),2000000000087,3.0,3.0,1.0,1.0,1.0
4,TFT,0.0,common_field,Pavlov (Win-Stay Lose-Shift),2000000000088,3.0,3.0,1.0,1.0,1.0
4,TFT,0.0,common_field,Pavlov (Win-Stay Lose-Shift),2000000000089,3.0,3.0,1.0,1.0,1.0
4,TFT,0.0,common_field,Pavlov (Win-Stay Lose-Shift),2000000000090,3.0,3.0,1.0,1.0,1.0
4,TFT,0.0,common_field,Pavlov (Win-Stay Lose-Shift),2000000000091,3.0,3.0,1.0,1.0,1.0
4,TFT,0.0,common_field,Pavlov (Win-Stay Lose-Shift),2000000000092,3.0,3.0,1.0,1.0,1.0
4,TFT,0.0,common_field,Pavlov (Win-Stay Lose-Shift),2000000000093,3.0,3.0,1.0,1.0,1.0
4,TFT,0.0,common_field,Pavlov (Win-Stay Lose-Shift),2000000000094,3.0,3.0,1.0,1.0,1.0
4,TFT,0.0,common_field,Pavlov (Win-Stay Lose-Shift),2000000000095,3.0,3.0,1.0,1.0,1.0
4,TFT,0.0,common_field,Pavlov (Win-Stay Lose-Shift),2000000000096,3.0,3.0,1.0,1.0,1.0
4,TFT,0.0,common_field,Pavlov (Win-Stay Lose-Shift),2000000000097,3.0,3.0,1.0,1.0,1.0
4,TFT,0.0,common_field,Pavlov (Win-Stay Lose-Shift),2000000000098,3.0,3.0,1.0,1.0,1.0
4,TFT,0.0,common_field,Pavlov (Win-Stay Lose-Shift),2000000000099,3.0,3.0,1.0,1.0,1.0
4,TFT,0.0,ALLC,Memory-1(ALLC),2000000000080,3.0,3.0,1.0,1.0,1.0
4,TFT,0.0,ALLC,Memory-1(ALLC),2000000000081,3.0,3.0,1.0,1.0,1.0
4,TFT,0.0,ALLC,Memory-1(ALLC),2000000000082,3.0,3.0,1.0,1.0,1.0
4,TFT,0.0,ALLC,Memory-1(ALLC),2000000000083,3.0,3.0,1.0,1.0,1.0
4,TFT,0.0,ALLC,Memory-1(ALLC),2000000000084,3.0,3.0,1.0,1.0,1.0
4,TFT,0.0,ALLC,Memory-1(ALLC),2000000000085,3.0,3.0,1.0,1.0,1.0
4,TFT,0.0,ALLC,Memory-1(ALLC),2000000000086,3.0,3.0,1.0,1.0,1.0
4,TFT,0.0,ALLC,Memory-1(ALLC),2000000000087,3.0,3.0,1.0,1.0,1.0
4,TFT,0.0,ALLC,Memory-1(ALLC),2000000000088,3.0,3.0,1.0,1.0,1.0
4,TFT,0.0,ALLC,Memory-1(ALLC),2000000000089,3.0,3.0,1.0,1.0,1.0
4,TFT,0.0,ALLC,Memory-1(ALLC),2000000000090,3.0,3.0,1.0,1.0,1.0
4,TFT,0.0,ALLC,Memory-1(ALLC),2000000000091,3.0,3.0,1.0,1.0,1.0
4,TFT,0.0,ALLC,Memory-1(ALLC),2000000000092,3.0,3.0,1.0,1.0,1.0
4,TFT,0.0,ALLC,Memory-1(ALLC),2000000000093,3.0,3.0,1.0,1.0,1.0
4,TFT,0.0,ALLC,Memory-1(ALLC),2000000000094,3.0,3.0,1.0,1.0,1.0
4,TFT,0.0,ALLC,Memory-1(ALLC),2000000000095,3.0,3.0,1.0,1.0,1.0
4,TFT,0.0,ALLC,Memory-1(ALLC),2000000000096,3.0,3.0,1.0,1.0,1.0
4,TFT,0.0,ALLC,Memory-1(ALLC),2000000000097,3.0,3.0,1.0,1.0,1.0
4,TFT,0.0,ALLC,Memory-1(ALLC),2000000000098,3.0,3.0,1.0,1.0,1.0
4,TFT,0.0,ALLC,Memory-1(ALLC),2000000000099,3.0,3.0,1.0,1.0,1.0
4,TFT,0.0,self,Memory-1(TFT),2000000000080,3.0,3.0,1.0,1.0,1.0
4,TFT,0.0,self,Memory-1(TFT),2000000000081,3.0,3.0,1.0,1.0,1.0
4,TFT,0.0,self,Memory-1(TFT),2000000000082,3.0,3.0,1.0,1.0,1.0
4,TFT,0.0,self,Memory-1(TFT),2000000000083,3.0,3.0,1.0,1.0,1.0
4,TFT,0.0,self,Memory-1(TFT),2000000000084,3.0,3.0,1.0,1.0,1.0
4,TFT,0.0,self,Memory-1(TFT),2000000000085,3.0,3.0,1.0,1.0,1.0
4,TFT,0.0,self,Memory-1(TFT),2000000000086,3.0,3.0,1.0,1.0,1.0
4,TFT,0.0,self,Memory-1(TFT),2000000000087,3.0,3.0,1.0,1.0,1.0
4,TFT,0.0,self,Memory-1(TFT),2000000000088,3.0,3.0,1.0,1.0,1.0
4,TFT,0.0,self,Memory-1(TFT),2000000000089,3.0,3.0,1.0,1.0,1.0
4,TFT,0.0,self,Memory-1(TFT),2000000000090,3.0,3.0,1.0,1.0,1.0
4,TFT,0.0,self,Memory-1(TFT),2000000000091,3.0,3.0,1.0,1.0,1.0
4,TFT,0.0,self,Memory-1(TFT),2000000000092,3.0,3.0,1.0,1.0,1.0
4,TFT,0.0,self,Memory-1(TFT),2000000000093,3.0,3.0,1.0,1.0,1.0
4,TFT,0.0,self,Memory-1(TFT),2000000000094,3.0,3.0,1.0,1.0,1.0
4,TFT,0.0,self,Memory-1(TFT),2000000000095,3.0,3.0,1.0,1.0,1.0
4,TFT,0.0,self,Memory-1(TFT),2000000000096,3.0,3.0,1.0,1.0,1.0
4,TFT,0.0,self,Memory-1(TFT),2000000000097,3.0,3.0,1.0,1.0,1.0
4,TFT,0.0,self,Memory-1(TFT),2000000000098,3.0,3.0,1.0,1.0,1.0
4,TFT,0.0,self,Memory-1(TFT),2000000000099,3.0,3.0,1.0,1.0,1.0
4,TFT,0.05,common_field,Tit For Tat,2000000000080,2.25,2.1875,0.475,0.4875,0.225
4,TFT,0.05,common_field,Tit For Tat,2000000000081,2.025,2.0875,0.4375,0.425,0.2375
4,TFT,0.05,common_field,Tit For Tat,2000000000082,2.7,2.575,0.65,0.675,0.35
4,TFT,0.05,common_field,Tit For Tat,2000000000083,2.1875,2.125,0.4125,0.425,0.1
4,TFT,0.05,common_field,Tit For Tat,2000000000084,2.7375,2.7375,0.75,0.75,0.5125
4,TFT,0.05,common_field,Tit For Tat,2000000000085,2.95,2.95,0.95,0.95,0.9
4,TFT,0.05,common_field,Tit For Tat,2000000000086,2.95,2.95,0.95,0.95,0.9
4,TFT,0.05,common_field,Tit For Tat,2000000000087,2.525,2.525,0.7125,0.7125,0.6125
4,TFT,0.05,common_field,Tit For Tat,2000000000088,2.45,2.5125,0.6,0.5875,0.3
4,TFT,0.05,common_field,Tit For Tat,2000000000089,1.7,1.825,0.275,0.25,0.025
4,TFT,0.05,common_field,Tit For Tat,2000000000090,2.5,2.625,0.65,0.625,0.35
4,TFT,0.05,common_field,Tit For Tat,2000000000091,2.1,2.1625,0.4375,0.425,0.1625
4,TFT,0.05,common_field,Tit For Tat,2000000000092,2.7375,2.55,0.6875,0.725,0.475
4,TFT,0.05,common_field,Tit For Tat,2000000000093,2.1875,2.0,0.3625,0.4,0.05
4,TFT,0.05,common_field,Tit For Tat,2000000000094,2.475,2.4125,0.6375,0.65,0.4875
4,TFT,0.05,common_field,Tit For Tat,2000000000095,2.475,2.5375,0.7,0.6875,0.575
4,TFT,0.05,common_field,Tit For Tat,2000000000096,2.0125,1.825,0.35,0.3875,0.1875
4,TFT,0.05,common_field,Tit For Tat,2000000000097,2.05,2.175,0.45,0.425,0.2
4,TFT,0.05,common_field,Tit For Tat,2000000000098,2.6875,2.8125,0.8625,0.8375,0.8
4,TFT,0.05,common_field,Tit For Tat,2000000000099,2.65,2.7125,0.6875,0.675,0.3625
4,TFT,0.05,common_field,Always Defect,2000000000080,1.175,1.3,0.1,0.075,0.025
4,TFT,0.05,common_field,Always Defect,2000000000081,1.175,1.3625,0.1125,0.075,0.0125
4,TFT,0.05,common_field,Always Defect,2000000000082,0.95,1.3875,0.1,0.0125,0.0
4,TFT,0.05,common_field,Always Defect,2000000000083,1.075,1.2625,0.075,0.0375,0.0
4,TFT,0.05,common_field,Always Defect,2000000000084,1.0875,1.3375,0.1,0.05,0.0125
4,TFT,0.05,common_field,Always Defect,2000000000085,1.025,1.275,0.075,0.025,0.0
4,TFT,0.05,common_field,Always Defect,2000000000086,1.1375,1.2,0.0625,0.05,0.0
4,TFT,0.05,common_field,Always Defect,2000000000087,1.0375,1.225,0.0625,0.025,0.0
4,TFT,0.05,common_field,Always Defect,2000000000088,1.0625,1.4375,0.125,0.05,0.0125
4,TFT,0.05,common_field,Always Defect,2000000000089,1.125,1.5,0.15,0.075,0.025
4,TFT,0.05,common_field,Always Defect,2000000000090,1.075,1.575,0.1625,0.0625,0.0125
4,TFT,0.05,common_field,Always Defect,2000000000091,1.1375,1.325,0.1,0.0625,0.0125
4,TFT,0.05,common_field,Always Defect,2000000000092,1.1,1.475,0.1375,0.0625,0.0125
4,TFT,0.05,common_field,Always Defect,2000000000093,1.0625,1.4375,0.125,0.05,0.0125
4,TFT,0.05,common_field,Always Defect,2000000000094,1.0875,1.3375,0.1,0.05,0.0125
4,TFT,0.05,common_field,Always Defect,2000000000095,1.0375,1.225,0.0625,0.025,0.0
4,TFT,0.05,common_field,Always Defect,2000000000096,1.2875,1.35,0.1125,0.1,0.0
4,TFT,0.05,common_field,Always Defect,2000000000097,1.075,1.45,0.125,0.05,0.0
4,TFT,0.05,common_field,Always Defect,2000000000098,1.1125,1.1125,0.0375,0.0375,0.0
4,TFT,0.05,common_field,Always Defect,2000000000099,1.15,1.4,0.125,0.075,0.025
4,TFT,0.05,common_field,Grudger,2000000000080,1.4875,1.6125,0.2625,0.2375,0.2
4,TFT,0.05,common_field,Grudger,2000000000081,1.4125,1.475,0.1875,0.175,0.1
4,TFT,0.05,common_field,Grudger,2000000000082,1.3625,1.675,0.2625,0.2,0.175
4,TFT,0.05,common_field,Grudger,2000000000083,1.3375,1.4,0.1625,0.15,0.1
4,TFT,0.05,common_field,Grudger,2000000000084,1.4125,1.6625,0.2625,0.2125,0.175
4,TFT,0.05,common_field,Grudger,2000000000085,1.2375,1.3625,0.1375,0.1125,0.075
4,TFT,0.05,common_field,Grudger,2000000000086,1.1875,1.25,0.0875,0.075,0.025
4,TFT,0.05,common_field,Grudger,2000000000087,1.9375,2.125,0.5125,0.475,0.45
4,TFT,0.05,common_field,Grudger,2000000000088,1.075,1.45,0.125,0.05,0.0
4,TFT,0.05,common_field,Grudger,2000000000089,1.1375,1.5125,0.15,0.075,0.0125
4,TFT,0.05,common_field,Grudger,2000000000090,1.2125,1.5875,0.1875,0.1125,0.05
4,TFT,0.05,common_field,Grudger,2000000000091,1.15,1.3375,0.1,0.0625,0.0
4,TFT,0.05,common_field,Grudger,2000000000092,1.25,1.5,0.175,0.125,0.075
4,TFT,0.05,common_field,Grudger,2000000000093,1.175,1.425,0.1375,0.0875,0.0375
4,TFT,0.05,common_field,Grudger,2000000000094,1.2875,1.5375,0.2,0.15,0.1125
4,TFT,0.05,common_field,Grudger,2000000000095,1.9875,2.175,0.5375,0.5,0.475
4,TFT,0.05,common_field,Grudger,2000000000096,1.6625,1.725,0.3,0.2875,0.1875
4,TFT,0.05,common_field,Grudger,2000000000097,1.3125,1.5625,0.2,0.15,0.0875
4,TFT,0.05,common_field,Grudger,2000000000098,2.65,2.775,0.85,0.825,0.8
4,TFT,0.05,common_field,Grudger,2000000000099,1.4,1.65,0.25,0.2,0.15
4,TFT,0.05,common_field,Joss (0.9),2000000000080,2.0125,2.2625,0.4875,0.4375,0.25
4,TFT,0.05,common_field,Joss (0.9),2000000000081,1.65,1.7125,0.2625,0.25,0.0875
4,TFT,0.05,common_field,Joss (0.9),2000000000082,1.7875,1.85,0.3375,0.325,0.175
4,TFT,0.05,common_field,Joss (0.9),2000000000083,2.05,2.05,0.3875,0.3875,0.1125
4,TFT,0.05,common_field,Joss (0.9),2000000000084,2.15,2.15,0.45,0.45,0.2
4,TFT,0.05,common_field,Joss (0.9),2000000000085,1.675,1.675,0.2375,0.2375,0.0375
4,TFT,0.05,common_field,Joss (0.9),2000000000086,1.95,2.0125,0.3375,0.325,0.0125
4,TFT,0.05,common_field,Joss (0.9),2000000000087,2.2125,2.3375,0.475,0.45,0.1125
4,TFT,0.05,common_field,Joss (0.9),2000000000088,1.575,1.825,0.2625,0.2125,0.0125
4,TFT,0.05,common_field,Joss (0.9),2000000000089,1.85,1.975,0.325,0.3,0.025
4,TFT,0.05,common_field,Joss (0.9),2000000000090,1.9625,1.9,0.3125,0.325,0.025
4,TFT,0.05,common_field,Joss (0.9),2000000000091,2.4375,2.4375,0.575,0.575,0.2875
4,TFT,0.05,common_field,Joss (0.9),2000000000092,1.7125,1.8375,0.2875,0.2625,0.05
4,TFT,0.05,common_field,Joss (0.9),2000000000093,2.55,2.425,0.5125,0.5375,0.0875
4,TFT,0.05,common_field,Joss (0.9),2000000000094,1.6875,1.75,0.2625,0.25,0.05
4,TFT,0.05,common_field,Joss (0.9),2000000000095,2.15,2.0875,0.4375,0.45,0.2125
4,TFT,0.05,common_field,Joss (0.9),2000000000096,1.625,1.75,0.275,0.25,0.1
4,TFT,0.05,common_field,Joss (0.9),2000000000097,2.0125,2.2,0.425,0.3875,0.1125
4,TFT,0.05,common_field,Joss (0.9),2000000000098,2.4375,2.5625,0.575,0.55,0.1875
4,TFT,0.05,common_field,Joss (0.9),2000000000099,1.475,1.6,0.2375,0.2125,0.1375
4,TFT,0.05,common_field,Random (0.5),2000000000080,2.2625,2.2,0.4875,0.5,0.25
4,TFT,0.05,common_field,Random (0.5),2000000000081,2.2875,2.2875,0.5125,0.5125,0.25
4,TFT,0.05,common_field,Random (0.5),2000000000082,2.3,2.175,0.4875,0.5125,0.2625
4,TFT,0.05,common_field,Random (0.5),2000000000083,2.275,2.275,0.525,0.525,0.3
4,TFT,0.05,common_field,Random (0.5),2000000000084,2.4375,2.25,0.5125,0.55,0.25
4,TFT,0.05,common_field,Random (0.5),2000000000085,2.325,2.5125,0.6,0.5625,0.325
4,TFT,0.05,common_field,Random (0.5),2000000000086,2.35,2.4125,0.5625,0.55,0.2875
4,TFT,0.05,common_field,Random (0.5),2000000000087,2.325,2.3875,0.5625,0.55,0.3125
4,TFT,0.05,common_field,Random (0.5),2000000000088,2.1375,2.2625,0.5,0.475,0.2625
4,TFT,0.05,common_field,Random (0.5),2000000000089,2.1375,2.075,0.4375,0.45,0.225
4,TFT,0.05,common_field,Random (0.5),2000000000090,2.325,2.325,0.5375,0.5375,0.2875
4,TFT,0.05,common_field,Random (0.5),2000000000091,2.3,2.4875,0.6,0.5625,0.35
4,TFT,0.05,common_field,Random (0.5),2000000000092,2.1875,2.375,0.525,0.4875,0.2375
4,TFT,0.05,common_field,Random (0.5),2000000000093,2.3,2.3625,0.5375,0.525,0.2625
4,TFT,0.05,common_field,Random (0.5),2000000000094,2.0625,2.3125,0.475,0.425,0.1625
4,TFT,0.05,common_field,Random (0.5),2000000000095,2.35,2.35,0.55,0.55,0.3
4,TFT,0.05,common_field,Random (0.5),2000000000096,2.25,2.4375,0.5625,0.525,0.2875
4,TFT,0.05,common_field,Random (0.5),2000000000097,2.5,2.3125,0.55,0.5875,0.3
4,TFT,0.05,common_field,Random (0.5),2000000000098,2.2375,2.2375,0.5,0.5,0.2625
4,TFT,0.05,common_field,Random (0.5),2000000000099,2.1,2.1,0.4375,0.4375,0.2125
4,TFT,0.05,common_field,Tester,2000000000080,1.2,1.325,0.1125,0.0875,0.0375
4,TFT,0.05,common_field,Tester,2000000000081,1.2,1.3875,0.125,0.0875,0.025
4,TFT,0.05,common_field,Tester,2000000000082,0.975,1.4125,0.1125,0.025,0.0125
4,TFT,0.05,common_field,Tester,2000000000083,1.1,1.2875,0.0875,0.05,0.0125
4,TFT,0.05,common_field,Tester,2000000000084,1.1125,1.3625,0.1125,0.0625,0.025
4,TFT,0.05,common_field,Tester,2000000000085,1.05,1.3,0.0875,0.0375,0.0125
4,TFT,0.05,common_field,Tester,2000000000086,1.1625,1.225,0.075,0.0625,0.0125
4,TFT,0.05,common_field,Tester,2000000000087,1.0625,1.25,0.075,0.0375,0.0125
4,TFT,0.05,common_field,Tester,2000000000088,2.0875,2.0875,0.4,0.4,0.1125
4,TFT,0.05,common_field,Tester,2000000000089,2.725,2.6625,0.725,0.7375,0.5
4,TFT,0.05,common_field,Tester,2000000000090,1.1,1.6,0.175,0.075,0.025
4,TFT,0.05,common_field,Tester,2000000000091,2.3875,2.3875,0.5625,0.5625,0.3
4,TFT,0.05,common_field,Tester,2000000000092,1.125,1.5,0.15,0.075,0.025
4,TFT,0.05,common_field,Tester,2000000000093,1.0875,1.4625,0.1375,0.0625,0.025
4,TFT,0.05,common_field,Tester,2000000000094,1.1125,1.3625,0.1125,0.0625,0.025
4,TFT,0.05,common_field,Tester,2000000000095,1.0625,1.25,0.075,0.0375,0.0125
4,TFT,0.05,common_field,Tester,2000000000096,1.3125,1.375,0.125,0.1125,0.0125
4,TFT,0.05,common_field,Tester,2000000000097,1.1,1.475,0.1375,0.0625,0.0125
4,TFT,0.05,common_field,Tester,2000000000098,1.1375,1.1375,0.05,0.05,0.0125
4,TFT,0.05,common_field,Tester,2000000000099,1.175,1.425,0.1375,0.0875,0.0375
4,TFT,0.05,common_field,Pavlov (Win-Stay Lose-Shift),2000000000080,2.125,2.25,0.475,0.45,0.2
4,TFT,0.05,common_field,Pavlov (Win-Stay Lose-Shift),2000000000081,2.3875,2.325,0.5625,0.575,0.35
4,TFT,0.05,common_field,Pavlov (Win-Stay Lose-Shift),2000000000082,2.325,2.2,0.5,0.525,0.275
4,TFT,0.05,common_field,Pavlov (Win-Stay Lose-Shift),2000000000083,2.325,2.2,0.5,0.525,0.275
4,TFT,0.05,common_field,Pavlov (Win-Stay Lose-Shift),2000000000084,2.5375,2.5375,0.6875,0.6875,0.525
4,TFT,0.05,common_field,Pavlov (Win-Stay Lose-Shift),2000000000085,2.8875,2.8875,0.9125,0.9125,0.85
4,TFT,0.05,common_field,Pavlov (Win-Stay Lose-Shift),2000000000086,2.65,2.7125,0.8,0.7875,0.7
4,TFT,0.05,common_field,Pavlov (Win-Stay Lose-Shift),2000000000087,2.475,2.4125,0.625,0.6375,0.45
4,TFT,0.05,common_field,Pavlov (Win-Stay Lose-Shift),2000000000088,2.3875,2.2,0.5125,0.55,0.3
4,TFT,0.05,common_field,Pavlov (Win-Stay Lose-Shift),2000000000089,2.25,2.375,0.55,0.525,0.3
4,TFT,0.05,common_field,Pavlov (Win-Stay Lose-Shift),2000000000090,2.375,2.125,0.4875,0.5375,0.2875
4,TFT,0.05,common_field,Pavlov (Win-Stay Lose-Shift),2000000000091,2.375,2.375,0.5875,0.5875,0.3875
4,TFT,0.05,common_field,Pavlov (Win-Stay Lose-Shift),2000000000092,2.55,2.3625,0.625,0.6625,0.475
4,TFT,0.05,common_field,Pavlov (Win-Stay Lose-Shift),2000000000093,2.2375,2.3,0.5125,0.5,0.25
4,TFT,0.05,common_field,Pavlov (Win-Stay Lose-Shift),2000000000094,2.4625,2.525,0.675,0.6625,0.5125
4,TFT,0.05,common_field,Pavlov (Win-Stay Lose-Shift),2000000000095,2.4125,2.5375,0.6625,0.6375,0.475
4,TFT,0.05,common_field,Pavlov (Win-Stay Lose-Shift),2000000000096,2.6375,2.575,0.725,0.7375,0.5875
4,TFT,0.05,common_field,Pavlov (Win-Stay Lose-Shift),2000000000097,2.275,2.525,0.625,0.575,0.4
4,TFT,0.05,common_field,Pavlov (Win-Stay Lose-Shift),2000000000098,2.5375,2.6,0.7125,0.7,0.55
4,TFT,0.05,common_field,Pavlov (Win-Stay Lose-Shift),2000000000099,2.25,2.375,0.5375,0.5125,0.2625
4,TFT,0.05,ALLC,Memory-1(ALLC),2000000000080,3.05,2.8625,0.9375,0.975,0.9125
4,TFT,0.05,ALLC,Memory-1(ALLC),2000000000081,2.9625,2.8375,0.9,0.925,0.8375
4,TFT,0.05,ALLC,Memory-1(ALLC),2000000000082,3.125,2.75,0.9,0.975,0.875
4,TFT,0.05,ALLC,Memory-1(ALLC),2000000000083,3.0125,2.8875,0.9375,0.9625,0.9
4,TFT,0.05,ALLC,Memory-1(ALLC),2000000000084,3.0375,2.85,0.925,0.9625,0.8875
4,TFT,0.05,ALLC,Memory-1(ALLC),2000000000085,3.075,2.8875,0.9625,1.0,0.9625
4,TFT,0.05,ALLC,Memory-1(ALLC),2000000000086,2.975,2.975,0.975,0.975,0.95
4,TFT,0.05,ALLC,Memory-1(ALLC),2000000000087,2.9875,2.8625,0.9125,0.9375,0.85
4,TFT,0.05,ALLC,Memory-1(ALLC),2000000000088,3.05,2.7375,0.875,0.9375,0.825
4,TFT,0.05,ALLC,Memory-1(ALLC),2000000000089,2.9875,2.8,0.875,0.9125,0.7875
4,TFT,0.05,ALLC,Memory-1(ALLC),2000000000090,3.15,2.7125,0.8875,0.975,0.8625
4,TFT,0.05,ALLC,Memory-1(ALLC),2000000000091,2.975,2.85,0.9125,0.9375,0.8625
4,TFT,0.05,ALLC,Memory-1(ALLC),2000000000092,2.9875,2.8,0.9,0.9375,0.8625
4,TFT,0.05,ALLC,Memory-1(ALLC),2000000000093,3.0875,2.775,0.9,0.9625,0.8625
4,TFT,0.05,ALLC,Memory-1(ALLC),2000000000094,3.05,2.8625,0.9375,0.975,0.9125
4,TFT,0.05,ALLC,Memory-1(ALLC),2000000000095,3.0125,2.8875,0.9375,0.9625,0.9
4,TFT,0.05,ALLC,Memory-1(ALLC),2000000000096,3.0125,2.825,0.9,0.9375,0.8375
4,TFT,0.05,ALLC,Memory-1(ALLC),2000000000097,3.1125,2.8,0.925,0.9875,0.9125
4,TFT,0.05,ALLC,Memory-1(ALLC),2000000000098,2.9875,2.925,0.95,0.9625,0.9125
4,TFT,0.05,ALLC,Memory-1(ALLC),2000000000099,3.0125,2.825,0.9,0.9375,0.8375
4,TFT,0.05,self,Memory-1(TFT),2000000000080,2.7375,2.675,0.7125,0.725,0.45
4,TFT,0.05,self,Memory-1(TFT),2000000000081,1.7125,1.65,0.2625,0.275,0.125
4,TFT,0.05,self,Memory-1(TFT),2000000000082,2.3,2.3,0.5125,0.5125,0.2375
4,TFT,0.05,self,Memory-1(TFT),2000000000083,2.3375,2.275,0.4625,0.475,0.1
4,TFT,0.05,self,Memory-1(TFT),2000000000084,2.825,2.825,0.85,0.85,0.725
4,TFT,0.05,self,Memory-1(TFT),2000000000085,2.975,2.975,0.975,0.975,0.95
4,TFT,0.05,self,Memory-1(TFT),2000000000086,2.4875,2.55,0.6875,0.675,0.525
4,TFT,0.05,self,Memory-1(TFT),2000000000087,2.375,2.4375,0.6,0.5875,0.375
4,TFT,0.05,self,Memory-1(TFT),2000000000088,2.025,2.025,0.4,0.4,0.175
4,TFT,0.05,self,Memory-1(TFT),2000000000089,2.725,2.7875,0.7625,0.75,0.5125
4,TFT,0.05,self,Memory-1(TFT),2000000000090,2.675,2.8,0.75,0.725,0.475
4,TFT,0.05,self,Memory-1(TFT),2000000000091,2.05,1.925,0.35,0.375,0.1
4,TFT,0.05,self,Memory-1(TFT),2000000000092,1.6375,1.6375,0.25,0.25,0.1125
4,TFT,0.05,self,Memory-1(TFT),2000000000093,1.775,1.9,0.3375,0.3125,0.1375
4,TFT,0.05,self,Memory-1(TFT),2000000000094,2.675,2.6125,0.6625,0.675,0.3625
4,TFT,0.05,self,Memory-1(TFT),2000000000095,2.6125,2.675,0.675,0.6625,0.3625
4,TFT,0.05,self,Memory-1(TFT),2000000000096,1.55,1.55,0.2125,0.2125,0.0875
4,TFT,0.05,self,Memory-1(TFT),2000000000097,2.2625,2.1375,0.425,0.45,0.1125
4,TFT,0.05,self,Memory-1(TFT),2000000000098,2.9125,2.975,0.95,0.9375,0.8875
4,TFT,0.05,self,Memory-1(TFT),2000000000099,1.7375,1.7375,0.3,0.3,0.1625
4,GTFT(0.1),0.0,common_field,Tit For Tat,2000000000080,3.0,3.0,1.0,1.0,1.0
4,GTFT(0.1),0.0,common_field,Tit For Tat,2000000000081,3.0,3.0,1.0,1.0,1.0
4,GTFT(0.1),0.0,common_field,Tit For Tat,2000000000082,3.0,3.0,1.0,1.0,1.0
4,GTFT(0.1),0.0,common_field,Tit For Tat,2000000000083,3.0,3.0,1.0,1.0,1.0
4,GTFT(0.1),0.0,common_field,Tit For Tat,2000000000084,3.0,3.0,1.0,1.0,1.0
4,GTFT(0.1),0.0,common_field,Tit For Tat,2000000000085,3.0,3.0,1.0,1.0,1.0
4,GTFT(0.1),0.0,common_field,Tit For Tat,2000000000086,3.0,3.0,1.0,1.0,1.0
4,GTFT(0.1),0.0,common_field,Tit For Tat,2000000000087,3.0,3.0,1.0,1.0,1.0
4,GTFT(0.1),0.0,common_field,Tit For Tat,2000000000088,3.0,3.0,1.0,1.0,1.0
4,GTFT(0.1),0.0,common_field,Tit For Tat,2000000000089,3.0,3.0,1.0,1.0,1.0
4,GTFT(0.1),0.0,common_field,Tit For Tat,2000000000090,3.0,3.0,1.0,1.0,1.0
4,GTFT(0.1),0.0,common_field,Tit For Tat,2000000000091,3.0,3.0,1.0,1.0,1.0
4,GTFT(0.1),0.0,common_field,Tit For Tat,2000000000092,3.0,3.0,1.0,1.0,1.0
4,GTFT(0.1),0.0,common_field,Tit For Tat,2000000000093,3.0,3.0,1.0,1.0,1.0
4,GTFT(0.1),0.0,common_field,Tit For Tat,2000000000094,3.0,3.0,1.0,1.0,1.0
4,GTFT(0.1),0.0,common_field,Tit For Tat,2000000000095,3.0,3.0,1.0,1.0,1.0
4,GTFT(0.1),0.0,common_field,Tit For Tat,2000000000096,3.0,3.0,1.0,1.0,1.0
4,GTFT(0.1),0.0,common_field,Tit For Tat,2000000000097,3.0,3.0,1.0,1.0,1.0
4,GTFT(0.1),0.0,common_field,Tit For Tat,2000000000098,3.0,3.0,1.0,1.0,1.0
4,GTFT(0.1),0.0,common_field,Tit For Tat,2000000000099,3.0,3.0,1.0,1.0,1.0
4,GTFT(0.1),0.0,common_field,Always Defect,2000000000080,0.9375,1.25,0.0625,0.0,0.0
4,GTFT(0.1),0.0,common_field,Always Defect,2000000000081,0.875,1.5,0.125,0.0,0.0
4,GTFT(0.1),0.0,common_field,Always Defect,2000000000082,0.8375,1.65,0.1625,0.0,0.0
4,GTFT(0.1),0.0,common_field,Always Defect,2000000000083,0.9125,1.35,0.0875,0.0,0.0
4,GTFT(0.1),0.0,common_field,Always Defect,2000000000084,0.8875,1.45,0.1125,0.0,0.0
4,GTFT(0.1),0.0,common_field,Always Defect,2000000000085,0.9,1.4,0.1,0.0,0.0
4,GTFT(0.1),0.0,common_field,Always Defect,2000000000086,0.8875,1.45,0.1125,0.0,0.0
4,GTFT(0.1),0.0,common_field,Always Defect,2000000000087,0.875,1.5,0.125,0.0,0.0
4,GTFT(0.1),0.0,common_field,Always Defect,2000000000088,0.9,1.4,0.1,0.0,0.0
4,GTFT(0.1),0.0,common_field,Always Defect,2000000000089,0.8875,1.45,0.1125,0.0,0.0
4,GTFT(0.1),0.0,common_field,Always Defect,2000000000090,0.9,1.4,0.1,0.0,0.0
4,GTFT(0.1),0.0,common_field,Always Defect,2000000000091,0.9,1.4,0.1,0.0,0.0
4,GTFT(0.1),0.0,common_field,Always Defect,2000000000092,0.8625,1.55,0.1375,0.0,0.0
4,GTFT(0.1),0.0,common_field,Always Defect,2000000000093,0.9,1.4,0.1,0.0,0.0
4,GTFT(0.1),0.0,common_field,Always Defect,2000000000094,0.9,1.4,0.1,0.0,0.0
4,GTFT(0.1),0.0,common_field,Always Defect,2000000000095,0.85,1.6,0.15,0.0,0.0
4,GTFT(0.1),0.0,common_field,Always Defect,2000000000096,0.925,1.3,0.075,0.0,0.0
4,GTFT(0.1),0.0,common_field,Always Defect,2000000000097,0.8375,1.65,0.1625,0.0,0.0
4,GTFT(0.1),0.0,common_field,Always Defect,2000000000098,0.8125,1.75,0.1875,0.0,0.0
4,GTFT(0.1),0.0,common_field,Always Defect,2000000000099,0.8875,1.45,0.1125,0.0,0.0
4,GTFT(0.1),0.0,common_field,Grudger,2000000000080,3.0,3.0,1.0,1.0,1.0
4,GTFT(0.1),0.0,common_field,Grudger,2000000000081,3.0,3.0,1.0,1.0,1.0
4,GTFT(0.1),0.0,common_field,Grudger,2000000000082,3.0,3.0,1.0,1.0,1.0
4,GTFT(0.1),0.0,common_field,Grudger,2000000000083,3.0,3.0,1.0,1.0,1.0
4,GTFT(0.1),0.0,common_field,Grudger,2000000000084,3.0,3.0,1.0,1.0,1.0
4,GTFT(0.1),0.0,common_field,Grudger,2000000000085,3.0,3.0,1.0,1.0,1.0
4,GTFT(0.1),0.0,common_field,Grudger,2000000000086,3.0,3.0,1.0,1.0,1.0
4,GTFT(0.1),0.0,common_field,Grudger,2000000000087,3.0,3.0,1.0,1.0,1.0
4,GTFT(0.1),0.0,common_field,Grudger,2000000000088,3.0,3.0,1.0,1.0,1.0
4,GTFT(0.1),0.0,common_field,Grudger,2000000000089,3.0,3.0,1.0,1.0,1.0
4,GTFT(0.1),0.0,common_field,Grudger,2000000000090,3.0,3.0,1.0,1.0,1.0
4,GTFT(0.1),0.0,common_field,Grudger,2000000000091,3.0,3.0,1.0,1.0,1.0
4,GTFT(0.1),0.0,common_field,Grudger,2000000000092,3.0,3.0,1.0,1.0,1.0
4,GTFT(0.1),0.0,common_field,Grudger,2000000000093,3.0,3.0,1.0,1.0,1.0
4,GTFT(0.1),0.0,common_field,Grudger,2000000000094,3.0,3.0,1.0,1.0,1.0
4,GTFT(0.1),0.0,common_field,Grudger,2000000000095,3.0,3.0,1.0,1.0,1.0
4,GTFT(0.1),0.0,common_field,Grudger,2000000000096,3.0,3.0,1.0,1.0,1.0
4,GTFT(0.1),0.0,common_field,Grudger,2000000000097,3.0,3.0,1.0,1.0,1.0
4,GTFT(0.1),0.0,common_field,Grudger,2000000000098,3.0,3.0,1.0,1.0,1.0
4,GTFT(0.1),0.0,common_field,Grudger,2000000000099,3.0,3.0,1.0,1.0,1.0
4,GTFT(0.1),0.0,common_field,Joss (0.9),2000000000080,2.3625,2.55,0.6,0.5625,0.2875
4,GTFT(0.1),0.0,common_field,Joss (0.9),2000000000081,2.1,2.4125,0.5875,0.525,0.4125
4,GTFT(0.1),0.0,common_field,Joss (0.9),2000000000082,2.5625,2.8125,0.725,0.675,0.4125
4,GTFT(0.1),0.0,common_field,Joss (0.9),2000000000083,2.425,2.675,0.65,0.6,0.325
4,GTFT(0.1),0.0,common_field,Joss (0.9),2000000000084,2.1,2.475,0.525,0.45,0.175
4,GTFT(0.1),0.0,common_field,Joss (0.9),2000000000085,2.35,2.6,0.6875,0.6375,0.5125
4,GTFT(0.1),0.0,common_field,Joss (0.9),2000000000086,2.2125,2.4625,0.525,0.475,0.1625
4,GTFT(0.1),0.0,common_field,Joss (0.9),2000000000087,2.5,2.6875,0.6625,0.625,0.3375
4,GTFT(0.1),0.0,common_field,Joss (0.9),2000000000088,2.1125,2.3625,0.4875,0.4375,0.15
4,GTFT(0.1),0.0,common_field,Joss (0.9),2000000000089,2.0875,2.4,0.5375,0.475,0.275
4,GTFT(0.1),0.0,common_field,Joss (0.9),2000000000090,2.3375,2.5875,0.5625,0.5125,0.15
4,GTFT(0.1),0.0,common_field,Joss (0.9),2000000000091,2.2375,2.3625,0.4625,0.4375,0.05
4,GTFT(0.1),0.0,common_field,Joss (0.9),2000000000092,2.025,2.4,0.5125,0.4375,0.2125
4,GTFT(0.1),0.0,common_field,Joss (0.9),2000000000093,1.9,2.0875,0.425,0.3875,0.225
4,GTFT(0.1),0.0,common_field,Joss (0.9),2000000000094,2.425,2.675,0.6875,0.6375,0.4375
4,GTFT(0.1),0.0,common_field,Joss (0.9),2000000000095,2.8,2.925,0.875,0.85,0.725
4,GTFT(0.1),0.0,common_field,Joss (0.9),2000000000096,2.225,2.35,0.5125,0.4875,0.2125
4,GTFT(0.1),0.0,common_field,Joss (0.9),2000000000097,2.5,2.875,0.775,0.7,0.525
4,GTFT(0.1),0.0,common_field,Joss (0.9),2000000000098,2.4375,2.75,0.675,0.6125,0.3375
4,GTFT(0.1),0.0,common_field,Joss (0.9),2000000000099,2.075,2.5125,0.525,0.4375,0.15
4,GTFT(0.1),0.0,common_field,Random (0.5),2000000000080,2.1375,2.325,0.5,0.4625,0.2125
4,GTFT(0.1),0.0,common_field,Random (0.5),2000000000081,2.275,2.525,0.5875,0.5375,0.2875
4,GTFT(0.1),0.0,common_field,Random (0.5),2000000000082,2.25,2.5,0.5625,0.5125,0.2375
4,GTFT(0.1),0.0,common_field,Random (0.5),2000000000083,2.225,2.4125,0.5625,0.525,0.3125
4,GTFT(0.1),0.0,common_field,Random (0.5),2000000000084,2.3,2.7375,0.6625,0.575,0.3375
4,GTFT(0.1),0.0,common_field,Random (0.5),2000000000085,2.3,2.4875,0.575,0.5375,0.275
4,GTFT(0.1),0.0,common_field,Random (0.5),2000000000086,2.2125,2.5875,0.6375,0.5625,0.4
4,GTFT(0.1),0.0,common_field,Random (0.5),2000000000087,2.1875,2.5,0.5875,0.525,0.325
4,GTFT(0.1),0.0,common_field,Random (0.5),2000000000088,2.175,2.425,0.55,0.5,0.275
4,GTFT(0.1),0.0,common_field,Random (0.5),2000000000089,2.05,2.425,0.5375,0.4625,0.2625
4,GTFT(0.1),0.0,common_field,Random (0.5),2000000000090,2.05,2.3,0.4875,0.4375,0.2125
4,GTFT(0.1),0.0,common_field,Random (0.5),2000000000091,2.1375,2.575,0.5875,0.5,0.275
4,GTFT(0.1),0.0,common_field,Random (0.5),2000000000092,2.075,2.325,0.4875,0.4375,0.1875
4,GTFT(0.1),0.0,common_field,Random (0.5),2000000000093,2.1875,2.3125,0.5,0.475,0.2125
4,GTFT(0.1),0.0,common_field,Random (0.5),2000000000094,2.1375,2.2625,0.5,0.475,0.2625
4,GTFT(0.1),0.0,common_field,Random (0.5),2000000000095,2.175,2.55,0.6125,0.5375,0.3625
4,GTFT(0.1),0.0,common_field,Random (0.5),2000000000096,2.0625,2.3125,0.5,0.45,0.2375
4,GTFT(0.1),0.0,common_field,Random (0.5),2000000000097,2.1875,2.5,0.5875,0.525,0.325
4,GTFT(0.1),0.0,common_field,Random (0.5),2000000000098,2.2,2.7,0.6375,0.5375,0.3125
4,GTFT(0.1),0.0,common_field,Random (0.5),2000000000099,1.975,2.2875,0.5,0.4375,0.275
4,GTFT(0.1),0.0,common_field,Tester,2000000000080,0.9625,1.275,0.075,0.0125,0.0125
4,GTFT(0.1),0.0,common_field,Tester,2000000000081,0.9,1.525,0.1375,0.0125,0.0125
4,GTFT(0.1),0.0,common_field,Tester,2000000000082,0.8625,1.675,0.175,0.0125,0.0125
4,GTFT(0.1),0.0,common_field,Tester,2000000000083,0.9375,1.375,0.1,0.0125,0.0125
4,GTFT(0.1),0.0,common_field,Tester,2000000000084,0.9125,1.475,0.125,0.0125,0.0125
4,GTFT(0.1),0.0,common_field,Tester,2000000000085,0.925,1.425,0.1125,0.0125,0.0125
4,GTFT(0.1),0.0,common_field,Tester,2000000000086,0.9125,1.475,0.125,0.0125,0.0125
4,GTFT(0.1),0.0,common_field,Tester,2000000000087,0.9,1.525,0.1375,0.0125,0.0125
4,GTFT(0.1),0.0,common_field,Tester,2000000000088,0.925,1.425,0.1125,0.0125,0.0125
4,GTFT(0.1),0.0,common_field,Tester,2000000000089,0.9125,1.475,0.125,0.0125,0.0125
4,GTFT(0.1),0.0,common_field,Tester,2000000000090,0.9375,1.375,0.1,0.0125,0.0125
4,GTFT(0.1),0.0,common_field,Tester,2000000000091,0.925,1.425,0.1125,0.0125,0.0125
4,GTFT(0.1),0.0,common_field,Tester,2000000000092,0.8875,1.575,0.15,0.0125,0.0125
4,GTFT(0.1),0.0,common_field,Tester,2000000000093,0.925,1.425,0.1125,0.0125,0.0125
4,GTFT(0.1),0.0,common_field,Tester,2000000000094,0.925,1.425,0.1125,0.0125,0.0125
4,GTFT(0.1),0.0,common_field,Tester,2000000000095,0.875,1.625,0.1625,0.0125,0.0125
4,GTFT(0.1),0.0,common_field,Tester,2000000000096,0.95,1.325,0.0875,0.0125,0.0125
4,GTFT(0.1),0.0,common_field,Tester,2000000000097,0.875,1.625,0.1625,0.0125,0.0125
4,GTFT(0.1),0.0,common_field,Tester,2000000000098,0.8375,1.775,0.2,0.0125,0.0125
4,GTFT(0.1),0.0,common_field,Tester,2000000000099,0.9125,1.475,0.125,0.0125,0.0125
4,GTFT(0.1),0.0,common_field,Pavlov (Win-Stay Lose-Shift),2000000000080,3.0,3.0,1.0,1.0,1.0
4,GTFT(0.1),0.0,common_field,Pavlov (Win-Stay Lose-Shift),2000000000081,3.0,3.0,1.0,1.0,1.0
4,GTFT(0.1),0.0,common_field,Pavlov (Win-Stay Lose-Shift),2000000000082,3.0,3.0,1.0,1.0,1.0
4,GTFT(0.1),0.0,common_field,Pavlov (Win-Stay Lose-Shift),2000000000083,3.0,3.0,1.0,1.0,1.0
4,GTFT(0.1),0.0,common_field,Pavlov (Win-Stay Lose-Shift),2000000000084,3.0,3.0,1.0,1.0,1.0
4,GTFT(0.1),0.0,common_field,Pavlov (Win-Stay Lose-Shift),2000000000085,3.0,3.0,1.0,1.0,1.0
4,GTFT(0.1),0.0,common_field,Pavlov (Win-Stay Lose-Shift),2000000000086,3.0,3.0,1.0,1.0,1.0
4,GTFT(0.1),0.0,common_field,Pavlov (Win-Stay Lose-Shift),2000000000087,3.0,3.0,1.0,1.0,1.0
4,GTFT(0.1),0.0,common_field,Pavlov (Win-Stay Lose-Shift),2000000000088,3.0,3.0,1.0,1.0,1.0
4,GTFT(0.1),0.0,common_field,Pavlov (Win-Stay Lose-Shift),2000000000089,3.0,3.0,1.0,1.0,1.0
4,GTFT(0.1),0.0,common_field,Pavlov (Win-Stay Lose-Shift),2000000000090,3.0,3.0,1.0,1.0,1.0
4,GTFT(0.1),0.0,common_field,Pavlov (Win-Stay Lose-Shift),2000000000091,3.0,3.0,1.0,1.0,1.0
4,GTFT(0.1),0.0,common_field,Pavlov (Win-Stay Lose-Shift),2000000000092,3.0,3.0,1.0,1.0,1.0
4,GTFT(0.1),0.0,common_field,Pavlov (Win-Stay Lose-Shift),2000000000093,3.0,3.0,1.0,1.0,1.0
4,GTFT(0.1),0.0,common_field,Pavlov (Win-Stay Lose-Shift),2000000000094,3.0,3.0,1.0,1.0,1.0
4,GTFT(0.1),0.0,common_field,Pavlov (Win-Stay Lose-Shift),2000000000095,3.0,3.0,1.0,1.0,1.0
4,GTFT(0.1),0.0,common_field,Pavlov (Win-Stay Lose-Shift),2000000000096,3.0,3.0,1.0,1.0,1.0
4,GTFT(0.1),0.0,common_field,Pavlov (Win-Stay Lose-Shift),2000000000097,3.0,3.0,1.0,1.0,1.0
4,GTFT(0.1),0.0,common_field,Pavlov (Win-Stay Lose-Shift),2000000000098,3.0,3.0,1.0,1.0,1.0
4,GTFT(0.1),0.0,common_field,Pavlov (Win-Stay Lose-Shift),2000000000099,3.0,3.0,1.0,1.0,1.0
4,GTFT(0.1),0.0,ALLC,Memory-1(ALLC),2000000000080,3.0,3.0,1.0,1.0,1.0
4,GTFT(0.1),0.0,ALLC,Memory-1(ALLC),2000000000081,3.0,3.0,1.0,1.0,1.0
4,GTFT(0.1),0.0,ALLC,Memory-1(ALLC),2000000000082,3.0,3.0,1.0,1.0,1.0
4,GTFT(0.1),0.0,ALLC,Memory-1(ALLC),2000000000083,3.0,3.0,1.0,1.0,1.0
4,GTFT(0.1),0.0,ALLC,Memory-1(ALLC),2000000000084,3.0,3.0,1.0,1.0,1.0
4,GTFT(0.1),0.0,ALLC,Memory-1(ALLC),2000000000085,3.0,3.0,1.0,1.0,1.0
4,GTFT(0.1),0.0,ALLC,Memory-1(ALLC),2000000000086,3.0,3.0,1.0,1.0,1.0
4,GTFT(0.1),0.0,ALLC,Memory-1(ALLC),2000000000087,3.0,3.0,1.0,1.0,1.0
4,GTFT(0.1),0.0,ALLC,Memory-1(ALLC),2000000000088,3.0,3.0,1.0,1.0,1.0
4,GTFT(0.1),0.0,ALLC,Memory-1(ALLC),2000000000089,3.0,3.0,1.0,1.0,1.0
4,GTFT(0.1),0.0,ALLC,Memory-1(ALLC),2000000000090,3.0,3.0,1.0,1.0,1.0
4,GTFT(0.1),0.0,ALLC,Memory-1(ALLC),2000000000091,3.0,3.0,1.0,1.0,1.0
4,GTFT(0.1),0.0,ALLC,Memory-1(ALLC),2000000000092,3.0,3.0,1.0,1.0,1.0
4,GTFT(0.1),0.0,ALLC,Memory-1(ALLC),2000000000093,3.0,3.0,1.0,1.0,1.0
4,GTFT(0.1),0.0,ALLC,Memory-1(ALLC),2000000000094,3.0,3.0,1.0,1.0,1.0
4,GTFT(0.1),0.0,ALLC,Memory-1(ALLC),2000000000095,3.0,3.0,1.0,1.0,1.0
4,GTFT(0.1),0.0,ALLC,Memory-1(ALLC),2000000000096,3.0,3.0,1.0,1.0,1.0
4,GTFT(0.1),0.0,ALLC,Memory-1(ALLC),2000000000097,3.0,3.0,1.0,1.0,1.0
4,GTFT(0.1),0.0,ALLC,Memory-1(ALLC),2000000000098,3.0,3.0,1.0,1.0,1.0
4,GTFT(0.1),0.0,ALLC,Memory-1(ALLC),2000000000099,3.0,3.0,1.0,1.0,1.0
4,GTFT(0.1),0.0,self,Memory-1(GTFT 0.1),2000000000080,3.0,3.0,1.0,1.0,1.0
4,GTFT(0.1),0.0,self,Memory-1(GTFT 0.1),2000000000081,3.0,3.0,1.0,1.0,1.0
4,GTFT(0.1),0.0,self,Memory-1(GTFT 0.1),2000000000082,3.0,3.0,1.0,1.0,1.0
4,GTFT(0.1),0.0,self,Memory-1(GTFT 0.1),2000000000083,3.0,3.0,1.0,1.0,1.0
4,GTFT(0.1),0.0,self,Memory-1(GTFT 0.1),2000000000084,3.0,3.0,1.0,1.0,1.0
4,GTFT(0.1),0.0,self,Memory-1(GTFT 0.1),2000000000085,3.0,3.0,1.0,1.0,1.0
4,GTFT(0.1),0.0,self,Memory-1(GTFT 0.1),2000000000086,3.0,3.0,1.0,1.0,1.0
4,GTFT(0.1),0.0,self,Memory-1(GTFT 0.1),2000000000087,3.0,3.0,1.0,1.0,1.0
4,GTFT(0.1),0.0,self,Memory-1(GTFT 0.1),2000000000088,3.0,3.0,1.0,1.0,1.0
4,GTFT(0.1),0.0,self,Memory-1(GTFT 0.1),2000000000089,3.0,3.0,1.0,1.0,1.0
4,GTFT(0.1),0.0,self,Memory-1(GTFT 0.1),2000000000090,3.0,3.0,1.0,1.0,1.0
4,GTFT(0.1),0.0,self,Memory-1(GTFT 0.1),2000000000091,3.0,3.0,1.0,1.0,1.0
4,GTFT(0.1),0.0,self,Memory-1(GTFT 0.1),2000000000092,3.0,3.0,1.0,1.0,1.0
4,GTFT(0.1),0.0,self,Memory-1(GTFT 0.1),2000000000093,3.0,3.0,1.0,1.0,1.0
4,GTFT(0.1),0.0,self,Memory-1(GTFT 0.1),2000000000094,3.0,3.0,1.0,1.0,1.0
4,GTFT(0.1),0.0,self,Memory-1(GTFT 0.1),2000000000095,3.0,3.0,1.0,1.0,1.0
4,GTFT(0.1),0.0,self,Memory-1(GTFT 0.1),2000000000096,3.0,3.0,1.0,1.0,1.0
4,GTFT(0.1),0.0,self,Memory-1(GTFT 0.1),2000000000097,3.0,3.0,1.0,1.0,1.0
4,GTFT(0.1),0.0,self,Memory-1(GTFT 0.1),2000000000098,3.0,3.0,1.0,1.0,1.0
4,GTFT(0.1),0.0,self,Memory-1(GTFT 0.1),2000000000099,3.0,3.0,1.0,1.0,1.0
4,GTFT(0.1),0.05,common_field,Tit For Tat,2000000000080,2.4875,2.6125,0.65,0.625,0.3625
4,GTFT(0.1),0.05,common_field,Tit For Tat,2000000000081,2.275,2.525,0.6375,0.5875,0.4375
4,GTFT(0.1),0.05,common_field,Tit For Tat,2000000000082,2.675,2.6125,0.6625,0.675,0.3625
4,GTFT(0.1),0.05,common_field,Tit For Tat,2000000000083,2.7,2.825,0.775,0.75,0.525
4,GTFT(0.1),0.05,common_field,Tit For Tat,2000000000084,2.775,2.9,0.8625,0.8375,0.7125
4,GTFT(0.1),0.05,common_field,Tit For Tat,2000000000085,2.85,2.85,0.9,0.9,0.85
4,GTFT(0.1),0.05,common_field,Tit For Tat,2000000000086,2.95,2.95,0.95,0.95,0.9
4,GTFT(0.1),0.05,common_field,Tit For Tat,2000000000087,2.4875,2.55,0.6875,0.675,0.525
4,GTFT(0.1),0.05,common_field,Tit For Tat,2000000000088,2.45,2.575,0.6375,0.6125,0.3625
4,GTFT(0.1),0.05,common_field,Tit For Tat,2000000000089,2.5,2.6875,0.65,0.6125,0.3
4,GTFT(0.1),0.05,common_field,Tit For Tat,2000000000090,2.225,2.4125,0.5125,0.475,0.1625
4,GTFT(0.1),0.05,common_field,Tit For Tat,2000000000091,2.3625,2.6125,0.6125,0.5625,0.275
4,GTFT(0.1),0.05,common_field,Tit For Tat,2000000000092,2.775,2.8375,0.825,0.8125,0.65
4,GTFT(0.1),0.05,common_field,Tit For Tat,2000000000093,2.325,2.45,0.55,0.525,0.225
4,GTFT(0.1),0.05,common_field,Tit For Tat,2000000000094,2.675,2.8,0.75,0.725,0.475
4,GTFT(0.1),0.05,common_field,Tit For Tat,2000000000095,2.575,2.7,0.8,0.775,0.725
4,GTFT(0.1),0.05,common_field,Tit For Tat,2000000000096,2.6125,2.8625,0.775,0.725,0.5125
4,GTFT(0.1),0.05,common_field,Tit For Tat,2000000000097,2.7375,2.6125,0.725,0.75,0.5375
4,GTFT(0.1),0.05,common_field,Tit For Tat,2000000000098,2.775,2.9625,0.925,0.8875,0.85
4,GTFT(0.1),0.05,common_field,Tit For Tat,2000000000099,2.5125,2.575,0.625,0.6125,0.3125
4,GTFT(0.1),0.05,common_field,Always Defect,2000000000080,1.1,1.6,0.175,0.075,0.025
4,GTFT(0.1),0.05,common_field,Always Defect,2000000000081,1.075,1.7,0.2,0.075,0.025
4,GTFT(0.1),0.05,common_field,Always Defect,2000000000082,0.8875,1.6375,0.1625,0.0125,0.0
4,GTFT(0.1),0.05,common_field,Always Defect,2000000000083,1.0125,1.5125,0.1375,0.0375,0.0
4,GTFT(0.1),0.05,common_field,Always Defect,2000000000084,0.975,1.7875,0.2125,0.05,0.0125
4,GTFT(0.1),0.05,common_field,Always Defect,2000000000085,0.925,1.6125,0.1625,0.025,0.0125
4,GTFT(0.1),0.05,common_field,Always Defect,2000000000086,1.0,1.5625,0.1625,0.05,0.0375
4,GTFT(0.1),0.05,common_field,Always Defect,2000000000087,0.9,1.775,0.2,0.025,0.0
4,GTFT(0.1),0.05,common_field,Always Defect,2000000000088,1.0125,1.575,0.1625,0.05,0.025
4,GTFT(0.1),0.05,common_field,Always Defect,2000000000089,1.0375,1.85,0.2375,0.075,0.025
4,GTFT(0.1),0.05,common_field,Always Defect,2000000000090,0.9875,1.925,0.25,0.0625,0.0125
4,GTFT(0.1),0.05,common_field,Always Defect,2000000000091,0.9875,1.8625,0.2375,0.0625,0.025
4,GTFT(0.1),0.05,common_field,Always Defect,2000000000092,1.0125,1.825,0.225,0.0625,0.0125
4,GTFT(0.1),0.05,common_field,Always Defect,2000000000093,1.025,1.5875,0.1625,0.05,0.0125
4,GTFT(0.1),0.05,common_field,Always Defect,2000000000094,0.975,1.7875,0.2125,0.05,0.0125
4,GTFT(0.1),0.05,common_field,Always Defect,2000000000095,0.8875,1.7625,0.2,0.025,0.0125
4,GTFT(0.1),0.05,common_field,Always Defect,2000000000096,1.2125,1.65,0.1875,0.1,0.0
4,GTFT(0.1),0.05,common_field,Always Defect,2000000000097,0.9875,1.8,0.2125,0.05,0.0
4,GTFT(0.1),0.05,common_field,Always Defect,2000000000098,0.95,1.7625,0.2,0.0375,0.0
4,GTFT(0.1),0.05,common_field,Always Defect,2000000000099,1.075,1.7,0.2,0.075,0.025
4,GTFT(0.1),0.05,common_field,Grudger,2000000000080,1.425,1.8625,0.325,0.2375,0.2
4,GTFT(0.1),0.05,common_field,Grudger,2000000000081,1.3375,1.7125,0.25,0.175,0.1125
4,GTFT(0.1),0.05,common_field,Grudger,2000000000082,1.3125,1.875,0.3125,0.2,0.175
4,GTFT(0.1),0.05,common_field,Grudger,2000000000083,1.2875,1.6,0.2125,0.15,0.1
4,GTFT(0.1),0.05,common_field,Grudger,2000000000084,1.3125,2.0625,0.3625,0.2125,0.175
4,GTFT(0.1),0.05,common_field,Grudger,2000000000085,1.15,1.65,0.2125,0.1125,0.0875
4,GTFT(0.1),0.05,common_field,Grudger,2000000000086,1.075,1.575,0.175,0.075,0.05
4,GTFT(0.1),0.05,common_field,Grudger,2000000000087,1.875,2.375,0.575,0.475,0.45
4,GTFT(0.1),0.05,common_field,Grudger,2000000000088,1.025,1.5875,0.1625,0.05,0.0125
4,GTFT(0.1),0.05,common_field,Grudger,2000000000089,1.05,1.8625,0.2375,0.075,0.0125
4,GTFT(0.1),0.05,common_field,Grudger,2000000000090,1.125,1.9375,0.275,0.1125,0.05
4,GTFT(0.1),0.05,common_field,Grudger,2000000000091,1.0,1.875,0.2375,0.0625,0.0125
4,GTFT(0.1),0.05,common_field,Grudger,2000000000092,1.1625,1.85,0.2625,0.125,0.075
4,GTFT(0.1),0.05,common_field,Grudger,2000000000093,1.1375,1.575,0.175,0.0875,0.0375
4,GTFT(0.1),0.05,common_field,Grudger,2000000000094,1.1875,1.9375,0.3,0.15,0.1125
4,GTFT(0.1),0.05,common_field,Grudger,2000000000095,2.1125,2.425,0.6375,0.575,0.55
4,GTFT(0.1),0.05,common_field,Grudger,2000000000096,1.5875,2.025,0.375,0.2875,0.1875
4,GTFT(0.1),0.05,common_field,Grudger,2000000000097,1.25,1.8125,0.2625,0.15,0.0875
4,GTFT(0.1),0.05,common_field,Grudger,2000000000098,2.625,2.875,0.875,0.825,0.8
4,GTFT(0.1),0.05,common_field,Grudger,2000000000099,1.3375,1.9,0.3125,0.2,0.15
4,GTFT(0.1),0.05,common_field,Joss (0.9),2000000000080,2.2,2.575,0.6,0.525,0.3
4,GTFT(0.1),0.05,common_field,Joss (0.9),2000000000081,2.1125,2.3,0.4875,0.45,0.2
4,GTFT(0.1),0.05,common_field,Joss (0.9),2000000000082,1.8875,2.2,0.45,0.3875,0.2125
4,GTFT(0.1),0.05,common_field,Joss (0.9),2000000000083,2.3625,2.425,0.5875,0.575,0.35
4,GTFT(0.1),0.05,common_field,Joss (0.9),2000000000084,2.5125,2.8875,0.7875,0.7125,0.55
4,GTFT(0.1),0.05,common_field,Joss (0.9),2000000000085,2.225,2.5375,0.575,0.5125,0.25
4,GTFT(0.1),0.05,common_field,Joss (0.9),2000000000086,2.45,2.825,0.675,0.6,0.275
4,GTFT(0.1),0.05,common_field,Joss (0.9),2000000000087,2.475,2.7875,0.7,0.6375,0.375
4,GTFT(0.1),0.05,common_field,Joss (0.9),2000000000088,2.1875,2.5625,0.55,0.475,0.1625
4,GTFT(0.1),0.05,common_field,Joss (0.9),2000000000089,2.2625,2.5125,0.55,0.5,0.1875
4,GTFT(0.1),0.05,common_field,Joss (0.9),2000000000090,2.0125,2.0125,0.3625,0.3625,0.075
4,GTFT(0.1),0.05,common_field,Joss (0.9),2000000000091,2.4125,2.6,0.675,0.6375,0.4625
4,GTFT(0.1),0.05,common_field,Joss (0.9),2000000000092,2.2125,2.4,0.5375,0.5,0.25
4,GTFT(0.1),0.05,common_field,Joss (0.9),2000000000093,2.275,2.4625,0.5125,0.475,0.1125
4,GTFT(0.1),0.05,common_field,Joss (0.9),2000000000094,2.575,2.825,0.7375,0.6875,0.4375
4,GTFT(0.1),0.05,common_field,Joss (0.9),2000000000095,2.6375,2.6375,0.65,0.65,0.3125
4,GTFT(0.1),0.05,common_field,Joss (0.9),2000000000096,2.2625,2.575,0.5875,0.525,0.25
4,GTFT(0.1),0.05,common_field,Joss (0.9),2000000000097,2.25,2.4375,0.5375,0.5,0.2125
4,GTFT(0.1),0.05,common_field,Joss (0.9),2000000000098,2.0375,2.2875,0.5125,0.4625,0.3
4,GTFT(0.1),0.05,common_field,Joss (0.9),2000000000099,1.8375,2.275,0.4375,0.35,0.125
4,GTFT(0.1),0.05,common_field,Random (0.5),2000000000080,2.1875,2.4375,0.55,0.5,0.2625
4,GTFT(0.1),0.05,common_field,Random (0.5),2000000000081,2.2125,2.4625,0.5625,0.5125,0.275
4,GTFT(0.1),0.05,common_field,Random (0.5),2000000000082,2.225,2.35,0.5375,0.5125,0.2875
4,GTFT(0.1),0.05,common_field,Random (0.5),2000000000083,2.2375,2.3625,0.55,0.525,0.3125
4,GTFT(0.1),0.05,common_field,Random (0.5),2000000000084,2.3375,2.4625,0.575,0.55,0.2875
4,GTFT(0.1),0.05,common_field,Random (0.5),2000000000085,2.2625,2.6375,0.6375,0.5625,0.35
4,GTFT(0.1),0.05,common_field,Random (0.5),2000000000086,2.275,2.5875,0.6125,0.55,0.3125
4,GTFT(0.1),0.05,common_field,Random (0.5),2000000000087,2.25,2.5625,0.6125,0.55,0.3375
4,GTFT(0.1),0.05,common_field,Random (0.5),2000000000088,2.1,2.35,0.525,0.475,0.275
4,GTFT(0.1),0.05,common_field,Random (0.5),2000000000089,2.0625,2.3125,0.5,0.45,0.2375
4,GTFT(0.1),0.05,common_field,Random (0.5),2000000000090,2.275,2.4,0.5625,0.5375,0.3125
4,GTFT(0.1),0.05,common_field,Random (0.5),2000000000091,2.1625,2.7875,0.6875,0.5625,0.4
4,GTFT(0.1),0.05,common_field,Random (0.5),2000000000092,2.175,2.3625,0.525,0.4875,0.25
4,GTFT(0.1),0.05,common_field,Random (0.5),2000000000093,2.2375,2.4875,0.575,0.525,0.2875
4,GTFT(0.1),0.05,common_field,Random (0.5),2000000000094,1.975,2.475,0.525,0.425,0.2
4,GTFT(0.1),0.05,common_field,Random (0.5),2000000000095,2.275,2.525,0.6,0.55,0.325
4,GTFT(0.1),0.05,common_field,Random (0.5),2000000000096,2.1125,2.7375,0.65,0.525,0.3375
4,GTFT(0.1),0.05,common_field,Random (0.5),2000000000097,2.4,2.525,0.6125,0.5875,0.3375
4,GTFT(0.1),0.05,common_field,Random (0.5),2000000000098,2.1375,2.5125,0.575,0.5,0.2875
4,GTFT(0.1),0.05,common_field,Random (0.5),2000000000099,1.9875,2.3625,0.5125,0.4375,0.25
4,GTFT(0.1),0.05,common_field,Tester,2000000000080,1.125,1.625,0.1875,0.0875,0.0375
4,GTFT(0.1),0.05,common_field,Tester,2000000000081,1.1,1.725,0.2125,0.0875,0.0375
4,GTFT(0.1),0.05,common_field,Tester,2000000000082,0.9125,1.6625,0.175,0.025,0.0125
4,GTFT(0.1),0.05,common_field,Tester,2000000000083,1.0375,1.5375,0.15,0.05,0.0125
4,GTFT(0.1),0.05,common_field,Tester,2000000000084,1.0,1.8125,0.225,0.0625,0.025
4,GTFT(0.1),0.05,common_field,Tester,2000000000085,0.95,1.6375,0.175,0.0375,0.025
4,GTFT(0.1),0.05,common_field,Tester,2000000000086,1.025,1.5875,0.175,0.0625,0.05
4,GTFT(0.1),0.05,common_field,Tester,2000000000087,0.9375,1.75,0.2,0.0375,0.0125
4,GTFT(0.1),0.05,common_field,Tester,2000000000088,2.4625,2.5875,0.625,0.6,0.3125
4,GTFT(0.1),0.05,common_field,Tester,2000000000089,2.55,2.7375,0.675,0.6375,0.325
4,GTFT(0.1),0.05,common_field,Tester,2000000000090,1.0125,1.95,0.2625,0.075,0.025
4,GTFT(0.1),0.05,common_field,Tester,2000000000091,2.3625,2.6125,0.625,0.575,0.3125
4,GTFT(0.1),0.05,common_field,Tester,2000000000092,1.0375,1.85,0.2375,0.075,0.025
4,GTFT(0.1),0.05,common_field,Tester,2000000000093,1.05,1.6125,0.175,0.0625,0.025
4,GTFT(0.1),0.05,common_field,Tester,2000000000094,1.0,1.8125,0.225,0.0625,0.025
4,GTFT(0.1),0.05,common_field,Tester,2000000000095,0.925,1.7375,0.2,0.0375,0.025
4,GTFT(0.1),0.05,common_field,Tester,2000000000096,1.2375,1.675,0.2,0.1125,0.0125
4,GTFT(0.1),0.05,common_field,Tester,2000000000097,1.0125,1.825,0.225,0.0625,0.0125
4,GTFT(0.1),0.05,common_field,Tester,2000000000098,0.975,1.7875,0.2125,0.05,0.0125
4,GTFT(0.1),0.05,common_field,Tester,2000000000099,1.1,1.725,0.2125,0.0875,0.0375
4,GTFT(0.1),0.05,common_field,Pavlov (Win-Stay Lose-Shift),2000000000080,2.1875,2.5625,0.625,0.55,0.3875
4,GTFT(0.1),0.05,common_field,Pavlov (Win-Stay Lose-Shift),2000000000081,2.1,2.2875,0.475,0.4375,0.175
4,GTFT(0.1),0.05,common_field,Pavlov (Win-Stay Lose-Shift),2000000000082,2.7125,2.65,0.7875,0.8,0.7
4,GTFT(0.1),0.05,common_field,Pavlov (Win-Stay Lose-Shift),2000000000083,2.05,2.3,0.45,0.4,0.1
4,GTFT(0.1),0.05,common_field,Pavlov (Win-Stay Lose-Shift),2000000000084,2.1375,2.45,0.55,0.4875,0.2625
4,GTFT(0.1),0.05,common_field,Pavlov (Win-Stay Lose-Shift),2000000000085,2.3375,2.4625,0.6125,0.5875,0.4
4,GTFT(0.1),0.05,common_field,Pavlov (Win-Stay Lose-Shift),2000000000086,2.3375,2.5875,0.675,0.625,0.4875
4,GTFT(0.1),0.05,common_field,Pavlov (Win-Stay Lose-Shift),2000000000087,2.6125,2.55,0.7125,0.725,0.575
4,GTFT(0.1),0.05,common_field,Pavlov (Win-Stay Lose-Shift),2000000000088,2.2375,2.4875,0.5875,0.5375,0.325
4,GTFT(0.1),0.05,common_field,Pavlov (Win-Stay Lose-Shift),2000000000089,2.2375,2.4875,0.6,0.55,0.3625
4,GTFT(0.1),0.05,common_field,Pavlov (Win-Stay Lose-Shift),2000000000090,2.3625,2.4875,0.625,0.6,0.4125
4,GTFT(0.1),0.05,common_field,Pavlov (Win-Stay Lose-Shift),2000000000091,2.25,2.4375,0.5875,0.55,0.3625
4,GTFT(0.1),0.05,common_field,Pavlov (Win-Stay Lose-Shift),2000000000092,2.7375,2.675,0.7875,0.8,0.675
4,GTFT(0.1),0.05,common_field,Pavlov (Win-Stay Lose-Shift),2000000000093,2.05,2.2375,0.45,0.4125,0.15
4,GTFT(0.1),0.05,common_field,Pavlov (Win-Stay Lose-Shift),2000000000094,2.35,2.4125,0.5875,0.575,0.3625
4,GTFT(0.1),0.05,common_field,Pavlov (Win-Stay Lose-Shift),2000000000095,2.6125,2.675,0.7625,0.75,0.625
4,GTFT(0.1),0.05,common_field,Pavlov (Win-Stay Lose-Shift),2000000000096,2.3625,2.7375,0.725,0.65,0.5125
4,GTFT(0.1),0.05,common_field,Pavlov (Win-Stay Lose-Shift),2000000000097,2.525,2.4,0.625,0.65,0.45
4,GTFT(0.1),0.05,common_field,Pavlov (Win-Stay Lose-Shift),2000000000098,2.5375,2.6,0.7125,0.7,0.55
4,GTFT(0.1),0.05,common_field,Pavlov (Win-Stay Lose-Shift),2000000000099,2.0375,2.475,0.5375,0.45,0.225
4,GTFT(0.1),0.05,ALLC,Memory-1(ALLC),2000000000080,3.05,2.8625,0.9375,0.975,0.9125
4,GTFT(0.1),0.05,ALLC,Memory-1(ALLC),2000000000081,2.9625,2.8375,0.9,0.925,0.8375
4,GTFT(0.1),0.05,ALLC,Memory-1(ALLC),2000000000082,3.125,2.75,0.9,0.975,0.875
4,GTFT(0.1),0.05,ALLC,Memory-1(ALLC),2000000000083,3.0125,2.8875,0.9375,0.9625,0.9
4,GTFT(0.1),0.05,ALLC,Memory-1(ALLC),2000000000084,3.0125,2.8875,0.9375,0.9625,0.9
4,GTFT(0.1),0.05,ALLC,Memory-1(ALLC),2000000000085,3.075,2.8875,0.9625,1.0,0.9625
4,GTFT(0.1),0.05,ALLC,Memory-1(ALLC),2000000000086,2.95,3.0125,0.9875,0.975,0.9625
4,GTFT(0.1),0.05,ALLC,Memory-1(ALLC),2000000000087,2.9875,2.8625,0.9125,0.9375,0.85
4,GTFT(0.1),0.05,ALLC,Memory-1(ALLC),2000000000088,3.05,2.7375,0.875,0.9375,0.825
4,GTFT(0.1),0.05,ALLC,Memory-1(ALLC),2000000000089,2.9875,2.8,0.875,0.9125,0.7875
4,GTFT(0.1),0.05,ALLC,Memory-1(ALLC),2000000000090,3.15,2.7125,0.8875,0.975,0.8625
4,GTFT(0.1),0.05,ALLC,Memory-1(ALLC),2000000000091,2.925,2.925,0.9375,0.9375,0.8875
4,GTFT(0.1),0.05,ALLC,Memory-1(ALLC),2000000000092,2.9875,2.8,0.9,0.9375,0.8625
4,GTFT(0.1),0.05,ALLC,Memory-1(ALLC),2000000000093,3.0625,2.8125,0.9125,0.9625,0.875
4,GTFT(0.1),0.05,ALLC,Memory-1(ALLC),2000000000094,3.025,2.9,0.95,0.975,0.925
4,GTFT(0.1),0.05,ALLC,Memory-1(ALLC),2000000000095,3.0125,2.8875,0.9375,0.9625,0.9
4,GTFT(0.1),0.05,ALLC,Memory-1(ALLC),2000000000096,3.0125,2.825,0.9,0.9375,0.8375
4,GTFT(0.1),0.05,ALLC,Memory-1(ALLC),2000000000097,3.1125,2.8,0.925,0.9875,0.9125
4,GTFT(0.1),0.05,ALLC,Memory-1(ALLC),2000000000098,2.9625,2.9625,0.9625,0.9625,0.925
4,GTFT(0.1),0.05,ALLC,Memory-1(ALLC),2000000000099,3.0125,2.825,0.9,0.9375,0.8375
4,GTFT(0.1),0.05,self,Memory-1(GTFT 0.1),2000000000080,2.7,2.575,0.75,0.775,0.65
4,GTFT(0.1),0.05,self,Memory-1(GTFT 0.1),2000000000081,2.7625,2.825,0.825,0.8125,0.6625
4,GTFT(0.1),0.05,self,Memory-1(GTFT 0.1),2000000000082,2.2625,2.325,0.475,0.4625,0.1125
4,GTFT(0.1),0.05,self,Memory-1(GTFT 0.1),2000000000083,2.875,2.875,0.875,0.875,0.75
4,GTFT(0.1),0.05,self,Memory-1(GTFT 0.1),2000000000084,2.8625,2.925,0.9,0.8875,0.7875
4,GTFT(0.1),0.05,self,Memory-1(GTFT 0.1),2000000000085,2.925,2.925,0.925,0.925,0.85
4,GTFT(0.1),0.05,self,Memory-1(GTFT 0.1),2000000000086,2.8875,2.95,0.925,0.9125,0.8375
4,GTFT(0.1),0.05,self,Memory-1(GTFT 0.1),2000000000087,2.7875,2.7875,0.8125,0.8125,0.65
4,GTFT(0.1),0.05,self,Memory-1(GTFT 0.1),2000000000088,2.65,2.65,0.725,0.725,0.525
4,GTFT(0.1),0.05,self,Memory-1(GTFT 0.1),2000000000089,2.675,2.7375,0.7625,0.75,0.5625
4,GTFT(0.1),0.05,self,Memory-1(GTFT 0.1),2000000000090,2.7125,2.65,0.675,0.6875,0.3625
4,GTFT(0.1),0.05,self,Memory-1(GTFT 0.1),2000000000091,2.7125,2.775,0.8125,0.8,0.675
4,GTFT(0.1),0.05,self,Memory-1(GTFT 0.1),2000000000092,2.25,2.25,0.55,0.55,0.4
4,GTFT(0.1),0.05,self,Memory-1(GTFT 0.1),2000000000093,2.8125,2.75,0.7875,0.8,0.6
4,GTFT(0.1),0.05,self,Memory-1(GTFT 0.1),2000000000094,2.85,2.7875,0.825,0.8375,0.675
4,GTFT(0.1),0.05,self,Memory-1(GTFT 0.1),2000000000095,2.8125,2.875,0.8625,0.85,0.725
4,GTFT(0.1),0.05,self,Memory-1(GTFT 0.1),2000000000096,2.7625,2.8875,0.8625,0.8375,0.725
4,GTFT(0.1),0.05,self,Memory-1(GTFT 0.1),2000000000097,2.5375,2.4125,0.65,0.675,0.5125
4,GTFT(0.1),0.05,self,Memory-1(GTFT 0.1),2000000000098,2.8375,2.8375,0.8375,0.8375,0.675
4,GTFT(0.1),0.05,self,Memory-1(GTFT 0.1),2000000000099,2.75,2.8125,0.8,0.7875,0.6
4,Pavlov,0.0,common_field,Tit For Tat,2000000000080,3.0,3.0,1.0,1.0,1.0
4,Pavlov,0.0,common_field,Tit For Tat,2000000000081,3.0,3.0,1.0,1.0,1.0
4,Pavlov,0.0,common_field,Tit For Tat,2000000000082,3.0,3.0,1.0,1.0,1.0
4,Pavlov,0.0,common_field,Tit For Tat,2000000000083,3.0,3.0,1.0,1.0,1.0
4,Pavlov,0.0,common_field,Tit For Tat,2000000000084,3.0,3.0,1.0,1.0,1.0
4,Pavlov,0.0,common_field,Tit For Tat,2000000000085,3.0,3.0,1.0,1.0,1.0
4,Pavlov,0.0,common_field,Tit For Tat,2000000000086,3.0,3.0,1.0,1.0,1.0
4,Pavlov,0.0,common_field,Tit For Tat,2000000000087,3.0,3.0,1.0,1.0,1.0
4,Pavlov,0.0,common_field,Tit For Tat,2000000000088,3.0,3.0,1.0,1.0,1.0
4,Pavlov,0.0,common_field,Tit For Tat,2000000000089,3.0,3.0,1.0,1.0,1.0
4,Pavlov,0.0,common_field,Tit For Tat,2000000000090,3.0,3.0,1.0,1.0,1.0
4,Pavlov,0.0,common_field,Tit For Tat,2000000000091,3.0,3.0,1.0,1.0,1.0
4,Pavlov,0.0,common_field,Tit For Tat,2000000000092,3.0,3.0,1.0,1.0,1.0
4,Pavlov,0.0,common_field,Tit For Tat,2000000000093,3.0,3.0,1.0,1.0,1.0
4,Pavlov,0.0,common_field,Tit For Tat,2000000000094,3.0,3.0,1.0,1.0,1.0
4,Pavlov,0.0,common_field,Tit For Tat,2000000000095,3.0,3.0,1.0,1.0,1.0
4,Pavlov,0.0,common_field,Tit For Tat,2000000000096,3.0,3.0,1.0,1.0,1.0
4,Pavlov,0.0,common_field,Tit For Tat,2000000000097,3.0,3.0,1.0,1.0,1.0
4,Pavlov,0.0,common_field,Tit For Tat,2000000000098,3.0,3.0,1.0,1.0,1.0
4,Pavlov,0.0,common_field,Tit For Tat,2000000000099,3.0,3.0,1.0,1.0,1.0
4,Pavlov,0.0,common_field,Always Defect,2000000000080,0.5,3.0,0.5,0.0,0.0
4,Pavlov,0.0,common_field,Always Defect,2000000000081,0.5,3.0,0.5,0.0,0.0
4,Pavlov,0.0,common_field,Always Defect,2000000000082,0.5,3.0,0.5,0.0,0.0
4,Pavlov,0.0,common_field,Always Defect,2000000000083,0.5,3.0,0.5,0.0,0.0
4,Pavlov,0.0,common_field,Always Defect,2000000000084,0.5,3.0,0.5,0.0,0.0
4,Pavlov,0.0,common_field,Always Defect,2000000000085,0.5,3.0,0.5,0.0,0.0
4,Pavlov,0.0,common_field,Always Defect,2000000000086,0.5,3.0,0.5,0.0,0.0
4,Pavlov,0.0,common_field,Always Defect,2000000000087,0.5,3.0,0.5,0.0,0.0
4,Pavlov,0.0,common_field,Always Defect,2000000000088,0.5,3.0,0.5,0.0,0.0
4,Pavlov,0.0,common_field,Always Defect,2000000000089,0.5,3.0,0.5,0.0,0.0
4,Pavlov,0.0,common_field,Always Defect,2000000000090,0.5,3.0,0.5,0.0,0.0
4,Pavlov,0.0,common_field,Always Defect,2000000000091,0.5,3.0,0.5,0.0,0.0
4,Pavlov,0.0,common_field,Always Defect,2000000000092,0.5,3.0,0.5,0.0,0.0
4,Pavlov,0.0,common_field,Always Defect,2000000000093,0.5,3.0,0.5,0.0,0.0
4,Pavlov,0.0,common_field,Always Defect,2000000000094,0.5,3.0,0.5,0.0,0.0
4,Pavlov,0.0,common_field,Always Defect,2000000000095,0.5,3.0,0.5,0.0,0.0
4,Pavlov,0.0,common_field,Always Defect,2000000000096,0.5,3.0,0.5,0.0,0.0
4,Pavlov,0.0,common_field,Always Defect,2000000000097,0.5,3.0,0.5,0.0,0.0
4,Pavlov,0.0,common_field,Always Defect,2000000000098,0.5,3.0,0.5,0.0,0.0
4,Pavlov,0.0,common_field,Always Defect,2000000000099,0.5,3.0,0.5,0.0,0.0
4,Pavlov,0.0,common_field,Grudger,2000000000080,3.0,3.0,1.0,1.0,1.0
4,Pavlov,0.0,common_field,Grudger,2000000000081,3.0,3.0,1.0,1.0,1.0
4,Pavlov,0.0,common_field,Grudger,2000000000082,3.0,3.0,1.0,1.0,1.0
4,Pavlov,0.0,common_field,Grudger,2000000000083,3.0,3.0,1.0,1.0,1.0
4,Pavlov,0.0,common_field,Grudger,2000000000084,3.0,3.0,1.0,1.0,1.0
4,Pavlov,0.0,common_field,Grudger,2000000000085,3.0,3.0,1.0,1.0,1.0
4,Pavlov,0.0,common_field,Grudger,2000000000086,3.0,3.0,1.0,1.0,1.0
4,Pavlov,0.0,common_field,Grudger,2000000000087,3.0,3.0,1.0,1.0,1.0
4,Pavlov,0.0,common_field,Grudger,2000000000088,3.0,3.0,1.0,1.0,1.0
4,Pavlov,0.0,common_field,Grudger,2000000000089,3.0,3.0,1.0,1.0,1.0
4,Pavlov,0.0,common_field,Grudger,2000000000090,3.0,3.0,1.0,1.0,1.0
4,Pavlov,0.0,common_field,Grudger,2000000000091,3.0,3.0,1.0,1.0,1.0
4,Pavlov,0.0,common_field,Grudger,2000000000092,3.0,3.0,1.0,1.0,1.0
4,Pavlov,0.0,common_field,Grudger,2000000000093,3.0,3.0,1.0,1.0,1.0
4,Pavlov,0.0,common_field,Grudger,2000000000094,3.0,3.0,1.0,1.0,1.0
4,Pavlov,0.0,common_field,Grudger,2000000000095,3.0,3.0,1.0,1.0,1.0
4,Pavlov,0.0,common_field,Grudger,2000000000096,3.0,3.0,1.0,1.0,1.0
4,Pavlov,0.0,common_field,Grudger,2000000000097,3.0,3.0,1.0,1.0,1.0
4,Pavlov,0.0,common_field,Grudger,2000000000098,3.0,3.0,1.0,1.0,1.0
4,Pavlov,0.0,common_field,Grudger,2000000000099,3.0,3.0,1.0,1.0,1.0
4,Pavlov,0.0,common_field,Joss (0.9),2000000000080,2.125,2.125,0.4125,0.4125,0.1125
4,Pavlov,0.0,common_field,Joss (0.9),2000000000081,2.0,2.125,0.3875,0.3625,0.0625
4,Pavlov,0.0,common_field,Joss (0.9),2000000000082,1.9875,2.05,0.35,0.3375,0.0125
4,Pavlov,0.0,common_field,Joss (0.9),2000000000083,1.95,2.1375,0.3875,0.35,0.0625
4,Pavlov,0.0,common_field,Joss (0.9),2000000000084,1.8875,2.1375,0.375,0.325,0.0375
4,Pavlov,0.0,common_field,Joss (0.9),2000000000085,1.975,2.1625,0.4,0.3625,0.075
4,Pavlov,0.0,common_field,Joss (0.9),2000000000086,1.875,2.125,0.3625,0.3125,0.0125
4,Pavlov,0.0,common_field,Joss (0.9),2000000000087,2.1,2.1,0.4,0.4,0.1
4,Pavlov,0.0,common_field,Joss (0.9),2000000000088,2.025,2.2125,0.4375,0.4,0.1375
4,Pavlov,0.0,common_field,Joss (0.9),2000000000089,2.025,2.2125,0.4375,0.4,0.1375
4,Pavlov,0.0,common_field,Joss (0.9),2000000000090,1.9125,2.1,0.3625,0.325,0.025
4,Pavlov,0.0,common_field,Joss (0.9),2000000000091,2.025,2.0875,0.375,0.3625,0.05
4,Pavlov,0.0,common_field,Joss (0.9),2000000000092,1.9625,2.275,0.45,0.3875,0.1375
4,Pavlov,0.0,common_field,Joss (0.9),2000000000093,1.9375,2.125,0.375,0.3375,0.0375
4,Pavlov,0.0,common_field,Joss (0.9),2000000000094,2.0,2.125,0.3875,0.3625,0.0625
4,Pavlov,0.0,common_field,Joss (0.9),2000000000095,2.05,2.05,0.3625,0.3625,0.0375
4,Pavlov,0.0,common_field,Joss (0.9),2000000000096,2.0375,2.1625,0.4125,0.3875,0.1
4,Pavlov,0.0,common_field,Joss (0.9),2000000000097,1.9375,2.0625,0.35,0.325,0.0125
4,Pavlov,0.0,common_field,Joss (0.9),2000000000098,1.9875,2.05,0.35,0.3375,0.0125
4,Pavlov,0.0,common_field,Joss (0.9),2000000000099,1.825,2.2,0.3875,0.3125,0.0375
4,Pavlov,0.0,common_field,Random (0.5),2000000000080,2.15,2.275,0.4875,0.4625,0.2125
4,Pavlov,0.0,common_field,Random (0.5),2000000000081,2.4625,2.0875,0.4625,0.5375,0.225
4,Pavlov,0.0,common_field,Random (0.5),2000000000082,2.15,2.4625,0.575,0.5125,0.325
4,Pavlov,0.0,common_field,Random (0.5),2000000000083,2.3125,2.25,0.5125,0.525,0.275
4,Pavlov,0.0,common_field,Random (0.5),2000000000084,2.5375,2.1,0.4875,0.575,0.275
4,Pavlov,0.0,common_field,Random (0.5),2000000000085,2.2375,2.425,0.575,0.5375,0.3375
4,Pavlov,0.0,common_field,Random (0.5),2000000000086,2.275,2.4625,0.6,0.5625,0.375
4,Pavlov,0.0,common_field,Random (0.5),2000000000087,2.4625,2.025,0.4375,0.525,0.2
4,Pavlov,0.0,common_field,Random (0.5),2000000000088,2.325,2.1375,0.4625,0.5,0.2125
4,Pavlov,0.0,common_field,Random (0.5),2000000000089,2.175,2.2375,0.475,0.4625,0.2
4,Pavlov,0.0,common_field,Random (0.5),2000000000090,2.0125,2.3875,0.5125,0.4375,0.225
4,Pavlov,0.0,common_field,Random (0.5),2000000000091,2.1,2.475,0.575,0.5,0.325
4,Pavlov,0.0,common_field,Random (0.5),2000000000092,2.0875,2.275,0.475,0.4375,0.1875
4,Pavlov,0.0,common_field,Random (0.5),2000000000093,2.0375,2.475,0.5625,0.475,0.3
4,Pavlov,0.0,common_field,Random (0.5),2000000000094,2.1125,2.3625,0.525,0.475,0.2625
4,Pavlov,0.0,common_field,Random (0.5),2000000000095,2.4375,2.125,0.475,0.5375,0.2375
4,Pavlov,0.0,common_field,Random (0.5),2000000000096,1.95,2.5125,0.5625,0.45,0.2875
4,Pavlov,0.0,common_field,Random (0.5),2000000000097,2.3375,2.2125,0.5,0.525,0.2625
4,Pavlov,0.0,common_field,Random (0.5),2000000000098,2.4625,2.0875,0.4625,0.5375,0.225
4,Pavlov,0.0,common_field,Random (0.5),2000000000099,2.0125,2.3875,0.5125,0.4375,0.225
4,Pavlov,0.0,common_field,Tester,2000000000080,0.525,3.025,0.5125,0.0125,0.0125
4,Pavlov,0.0,common_field,Tester,2000000000081,0.525,3.025,0.5125,0.0125,0.0125
4,Pavlov,0.0,common_field,Tester,2000000000082,0.525,3.025,0.5125,0.0125,0.0125
4,Pavlov,0.0,common_field,Tester,2000000000083,0.525,3.025,0.5125,0.0125,0.0125
4,Pavlov,0.0,common_field,Tester,2000000000084,0.525,3.025,0.5125,0.0125,0.0125
4,Pavlov,0.0,common_field,Tester,2000000000085,0.525,3.025,0.5125,0.0125,0.0125
4,Pavlov,0.0,common_field,Tester,2000000000086,0.525,3.025,0.5125,0.0125,0.0125
4,Pavlov,0.0,common_field,Tester,2000000000087,0.525,3.025,0.5125,0.0125,0.0125
4,Pavlov,0.0,common_field,Tester,2000000000088,0.525,3.025,0.5125,0.0125,0.0125
4,Pavlov,0.0,common_field,Tester,2000000000089,0.525,3.025,0.5125,0.0125,0.0125
4,Pavlov,0.0,common_field,Tester,2000000000090,0.525,3.025,0.5125,0.0125,0.0125
4,Pavlov,0.0,common_field,Tester,2000000000091,0.525,3.025,0.5125,0.0125,0.0125
4,Pavlov,0.0,common_field,Tester,2000000000092,0.525,3.025,0.5125,0.0125,0.0125
4,Pavlov,0.0,common_field,Tester,2000000000093,0.525,3.025,0.5125,0.0125,0.0125
4,Pavlov,0.0,common_field,Tester,2000000000094,0.525,3.025,0.5125,0.0125,0.0125
4,Pavlov,0.0,common_field,Tester,2000000000095,0.525,3.025,0.5125,0.0125,0.0125
4,Pavlov,0.0,common_field,Tester,2000000000096,0.525,3.025,0.5125,0.0125,0.0125
4,Pavlov,0.0,common_field,Tester,2000000000097,0.525,3.025,0.5125,0.0125,0.0125
4,Pavlov,0.0,common_field,Tester,2000000000098,0.525,3.025,0.5125,0.0125,0.0125
4,Pavlov,0.0,common_field,Tester,2000000000099,0.525,3.025,0.5125,0.0125,0.0125
4,Pavlov,0.0,common_field,Pavlov (Win-Stay Lose-Shift),2000000000080,3.0,3.0,1.0,1.0,1.0
4,Pavlov,0.0,common_field,Pavlov (Win-Stay Lose-Shift),2000000000081,3.0,3.0,1.0,1.0,1.0
4,Pavlov,0.0,common_field,Pavlov (Win-Stay Lose-Shift),2000000000082,3.0,3.0,1.0,1.0,1.0
4,Pavlov,0.0,common_field,Pavlov (Win-Stay Lose-Shift),2000000000083,3.0,3.0,1.0,1.0,1.0
4,Pavlov,0.0,common_field,Pavlov (Win-Stay Lose-Shift),2000000000084,3.0,3.0,1.0,1.0,1.0
4,Pavlov,0.0,common_field,Pavlov (Win-Stay Lose-Shift),2000000000085,3.0,3.0,1.0,1.0,1.0
4,Pavlov,0.0,common_field,Pavlov (Win-Stay Lose-Shift),2000000000086,3.0,3.0,1.0,1.0,1.0
4,Pavlov,0.0,common_field,Pavlov (Win-Stay Lose-Shift),2000000000087,3.0,3.0,1.0,1.0,1.0
4,Pavlov,0.0,common_field,Pavlov (Win-Stay Lose-Shift),2000000000088,3.0,3.0,1.0,1.0,1.0
4,Pavlov,0.0,common_field,Pavlov (Win-Stay Lose-Shift),2000000000089,3.0,3.0,1.0,1.0,1.0
4,Pavlov,0.0,common_field,Pavlov (Win-Stay Lose-Shift),2000000000090,3.0,3.0,1.0,1.0,1.0
4,Pavlov,0.0,common_field,Pavlov (Win-Stay Lose-Shift),2000000000091,3.0,3.0,1.0,1.0,1.0
4,Pavlov,0.0,common_field,Pavlov (Win-Stay Lose-Shift),2000000000092,3.0,3.0,1.0,1.0,1.0
4,Pavlov,0.0,common_field,Pavlov (Win-Stay Lose-Shift),2000000000093,3.0,3.0,1.0,1.0,1.0
4,Pavlov,0.0,common_field,Pavlov (Win-Stay Lose-Shift),2000000000094,3.0,3.0,1.0,1.0,1.0
4,Pavlov,0.0,common_field,Pavlov (Win-Stay Lose-Shift),2000000000095,3.0,3.0,1.0,1.0,1.0
4,Pavlov,0.0,common_field,Pavlov (Win-Stay Lose-Shift),2000000000096,3.0,3.0,1.0,1.0,1.0
4,Pavlov,0.0,common_field,Pavlov (Win-Stay Lose-Shift),2000000000097,3.0,3.0,1.0,1.0,1.0
4,Pavlov,0.0,common_field,Pavlov (Win-Stay Lose-Shift),2000000000098,3.0,3.0,1.0,1.0,1.0
4,Pavlov,0.0,common_field,Pavlov (Win-Stay Lose-Shift),2000000000099,3.0,3.0,1.0,1.0,1.0
4,Pavlov,0.0,ALLC,Memory-1(ALLC),2000000000080,3.0,3.0,1.0,1.0,1.0
4,Pavlov,0.0,ALLC,Memory-1(ALLC),2000000000081,3.0,3.0,1.0,1.0,1.0
4,Pavlov,0.0,ALLC,Memory-1(ALLC),2000000000082,3.0,3.0,1.0,1.0,1.0
4,Pavlov,0.0,ALLC,Memory-1(ALLC),2000000000083,3.0,3.0,1.0,1.0,1.0
4,Pavlov,0.0,ALLC,Memory-1(ALLC),2000000000084,3.0,3.0,1.0,1.0,1.0
4,Pavlov,0.0,ALLC,Memory-1(ALLC),2000000000085,3.0,3.0,1.0,1.0,1.0
4,Pavlov,0.0,ALLC,Memory-1(ALLC),2000000000086,3.0,3.0,1.0,1.0,1.0
4,Pavlov,0.0,ALLC,Memory-1(ALLC),2000000000087,3.0,3.0,1.0,1.0,1.0
4,Pavlov,0.0,ALLC,Memory-1(ALLC),2000000000088,3.0,3.0,1.0,1.0,1.0
4,Pavlov,0.0,ALLC,Memory-1(ALLC),2000000000089,3.0,3.0,1.0,1.0,1.0
4,Pavlov,0.0,ALLC,Memory-1(ALLC),2000000000090,3.0,3.0,1.0,1.0,1.0
4,Pavlov,0.0,ALLC,Memory-1(ALLC),2000000000091,3.0,3.0,1.0,1.0,1.0
4,Pavlov,0.0,ALLC,Memory-1(ALLC),2000000000092,3.0,3.0,1.0,1.0,1.0
4,Pavlov,0.0,ALLC,Memory-1(ALLC),2000000000093,3.0,3.0,1.0,1.0,1.0
4,Pavlov,0.0,ALLC,Memory-1(ALLC),2000000000094,3.0,3.0,1.0,1.0,1.0
4,Pavlov,0.0,ALLC,Memory-1(ALLC),2000000000095,3.0,3.0,1.0,1.0,1.0
4,Pavlov,0.0,ALLC,Memory-1(ALLC),2000000000096,3.0,3.0,1.0,1.0,1.0
4,Pavlov,0.0,ALLC,Memory-1(ALLC),2000000000097,3.0,3.0,1.0,1.0,1.0
4,Pavlov,0.0,ALLC,Memory-1(ALLC),2000000000098,3.0,3.0,1.0,1.0,1.0
4,Pavlov,0.0,ALLC,Memory-1(ALLC),2000000000099,3.0,3.0,1.0,1.0,1.0
4,Pavlov,0.0,self,Memory-1(Pavlov),2000000000080,3.0,3.0,1.0,1.0,1.0
4,Pavlov,0.0,self,Memory-1(Pavlov),2000000000081,3.0,3.0,1.0,1.0,1.0
4,Pavlov,0.0,self,Memory-1(Pavlov),2000000000082,3.0,3.0,1.0,1.0,1.0
4,Pavlov,0.0,self,Memory-1(Pavlov),2000000000083,3.0,3.0,1.0,1.0,1.0
4,Pavlov,0.0,self,Memory-1(Pavlov),2000000000084,3.0,3.0,1.0,1.0,1.0
4,Pavlov,0.0,self,Memory-1(Pavlov),2000000000085,3.0,3.0,1.0,1.0,1.0
4,Pavlov,0.0,self,Memory-1(Pavlov),2000000000086,3.0,3.0,1.0,1.0,1.0
4,Pavlov,0.0,self,Memory-1(Pavlov),2000000000087,3.0,3.0,1.0,1.0,1.0
4,Pavlov,0.0,self,Memory-1(Pavlov),2000000000088,3.0,3.0,1.0,1.0,1.0
4,Pavlov,0.0,self,Memory-1(Pavlov),2000000000089,3.0,3.0,1.0,1.0,1.0
4,Pavlov,0.0,self,Memory-1(Pavlov),2000000000090,3.0,3.0,1.0,1.0,1.0
4,Pavlov,0.0,self,Memory-1(Pavlov),2000000000091,3.0,3.0,1.0,1.0,1.0
4,Pavlov,0.0,self,Memory-1(Pavlov),2000000000092,3.0,3.0,1.0,1.0,1.0
4,Pavlov,0.0,self,Memory-1(Pavlov),2000000000093,3.0,3.0,1.0,1.0,1.0
4,Pavlov,0.0,self,Memory-1(Pavlov),2000000000094,3.0,3.0,1.0,1.0,1.0
4,Pavlov,0.0,self,Memory-1(Pavlov),2000000000095,3.0,3.0,1.0,1.0,1.0
4,Pavlov,0.0,self,Memory-1(Pavlov),2000000000096,3.0,3.0,1.0,1.0,1.0
4,Pavlov,0.0,self,Memory-1(Pavlov),2000000000097,3.0,3.0,1.0,1.0,1.0
4,Pavlov,0.0,self,Memory-1(Pavlov),2000000000098,3.0,3.0,1.0,1.0,1.0
4,Pavlov,0.0,self,Memory-1(Pavlov),2000000000099,3.0,3.0,1.0,1.0,1.0
4,Pavlov,0.05,common_field,Tit For Tat,2000000000080,2.175,2.3,0.5,0.475,0.225
4,Pavlov,0.05,common_field,Tit For Tat,2000000000081,2.1625,2.1,0.4125,0.425,0.125
4,Pavlov,0.05,common_field,Tit For Tat,2000000000082,2.1625,2.1625,0.45,0.45,0.1875
4,Pavlov,0.05,common_field,Tit For Tat,2000000000083,2.3375,2.0875,0.45,0.5,0.2125
4,Pavlov,0.05,common_field,Tit For Tat,2000000000084,2.55,2.4875,0.675,0.6875,0.525
4,Pavlov,0.05,common_field,Tit For Tat,2000000000085,2.1625,2.1,0.4125,0.425,0.125
4,Pavlov,0.05,common_field,Tit For Tat,2000000000086,2.75,2.6875,0.8,0.8125,0.7
4,Pavlov,0.05,common_field,Tit For Tat,2000000000087,2.4625,2.4625,0.6375,0.6375,0.45
4,Pavlov,0.05,common_field,Tit For Tat,2000000000088,2.3125,2.375,0.575,0.5625,0.3625
4,Pavlov,0.05,common_field,Tit For Tat,2000000000089,2.1875,2.3125,0.5125,0.4875,0.25
4,Pavlov,0.05,common_field,Tit For Tat,2000000000090,2.3375,2.3375,0.55,0.55,0.3125
4,Pavlov,0.05,common_field,Tit For Tat,2000000000091,2.275,2.275,0.525,0.525,0.3
4,Pavlov,0.05,common_field,Tit For Tat,2000000000092,2.3875,2.45,0.6125,0.6,0.4
4,Pavlov,0.05,common_field,Tit For Tat,2000000000093,2.275,2.3375,0.55,0.5375,0.325
4,Pavlov,0.05,common_field,Tit For Tat,2000000000094,2.275,2.4,0.5625,0.5375,0.3125
4,Pavlov,0.05,common_field,Tit For Tat,2000000000095,2.55,2.6125,0.725,0.7125,0.575
4,Pavlov,0.05,common_field,Tit For Tat,2000000000096,2.4375,2.625,0.7,0.6625,0.5125
4,Pavlov,0.05,common_field,Tit For Tat,2000000000097,2.325,2.2625,0.5125,0.525,0.2625
4,Pavlov,0.05,common_field,Tit For Tat,2000000000098,2.7125,2.9,0.8875,0.85,0.8
4,Pavlov,0.05,common_field,Tit For Tat,2000000000099,2.4,2.4,0.6125,0.6125,0.4375
4,Pavlov,0.05,common_field,Always Defect,2000000000080,0.7375,2.925,0.5125,0.075,0.05
4,Pavlov,0.05,common_field,Always Defect,2000000000081,0.7875,2.85,0.4875,0.075,0.025
4,Pavlov,0.05,common_field,Always Defect,2000000000082,0.525,3.025,0.5125,0.0125,0.0125
4,Pavlov,0.05,common_field,Always Defect,2000000000083,0.625,2.9375,0.5,0.0375,0.025
4,Pavlov,0.05,common_field,Always Defect,2000000000084,0.725,2.85,0.475,0.05,0.0
4,Pavlov,0.05,common_field,Always Defect,2000000000085,0.5875,2.9625,0.5,0.025,0.0125
4,Pavlov,0.05,common_field,Always Defect,2000000000086,0.675,2.925,0.5,0.05,0.025
4,Pavlov,0.05,common_field,Always Defect,2000000000087,0.5875,2.9625,0.5,0.025,0.0125
4,Pavlov,0.05,common_field,Always Defect,2000000000088,0.6125,3.05,0.5375,0.05,0.05
4,Pavlov,0.05,common_field,Always Defect,2000000000089,0.7375,2.9875,0.525,0.075,0.0375
4,Pavlov,0.05,common_field,Always Defect,2000000000090,0.7375,2.8625,0.4875,0.0625,0.025
4,Pavlov,0.05,common_field,Always Defect,2000000000091,0.675,2.9875,0.525,0.0625,0.05
4,Pavlov,0.05,common_field,Always Defect,2000000000092,0.7625,2.825,0.475,0.0625,0.0125
4,Pavlov,0.05,common_field,Always Defect,2000000000093,0.675,2.8625,0.4875,0.05,0.0375
4,Pavlov,0.05,common_field,Always Defect,2000000000094,0.6625,2.975,0.5125,0.05,0.025
4,Pavlov,0.05,common_field,Always Defect,2000000000095,0.6,2.9125,0.4875,0.025,0.0125
4,Pavlov,0.05,common_field,Always Defect,2000000000096,0.8875,2.825,0.4875,0.1,0.025
4,Pavlov,0.05,common_field,Always Defect,2000000000097,0.6625,3.0375,0.525,0.05,0.0125
4,Pavlov,0.05,common_field,Always Defect,2000000000098,0.65,2.9,0.4875,0.0375,0.0125
4,Pavlov,0.05,common_field,Always Defect,2000000000099,0.75,2.9375,0.5125,0.075,0.0375
4,Pavlov,0.05,common_field,Grudger,2000000000080,1.1875,2.875,0.575,0.2375,0.1875
4,Pavlov,0.05,common_field,Grudger,2000000000081,1.075,2.7625,0.5125,0.175,0.1125
4,Pavlov,0.05,common_field,Grudger,2000000000082,1.0625,2.875,0.5625,0.2,0.175
4,Pavlov,0.05,common_field,Grudger,2000000000083,0.95,2.8875,0.5375,0.15,0.1125
4,Pavlov,0.05,common_field,Grudger,2000000000084,1.05,2.9875,0.6,0.2125,0.2
4,Pavlov,0.05,common_field,Grudger,2000000000085,0.8375,2.9,0.525,0.1125,0.0875
4,Pavlov,0.05,common_field,Grudger,2000000000086,0.7625,2.8875,0.5,0.075,0.0375
4,Pavlov,0.05,common_field,Grudger,2000000000087,1.7375,2.925,0.7125,0.475,0.45
4,Pavlov,0.05,common_field,Grudger,2000000000088,0.6375,3.0125,0.525,0.05,0.0375
4,Pavlov,0.05,common_field,Grudger,2000000000089,0.7625,2.95,0.5125,0.075,0.025
4,Pavlov,0.05,common_field,Grudger,2000000000090,0.9,2.775,0.4875,0.1125,0.0625
4,Pavlov,0.05,common_field,Grudger,2000000000091,0.7,2.95,0.5125,0.0625,0.0375
4,Pavlov,0.05,common_field,Grudger,2000000000092,0.8625,2.925,0.5375,0.125,0.1
4,Pavlov,0.05,common_field,Grudger,2000000000093,0.8,2.925,0.5125,0.0875,0.0375
4,Pavlov,0.05,common_field,Grudger,2000000000094,0.9375,2.9375,0.55,0.15,0.1125
4,Pavlov,0.05,common_field,Grudger,2000000000095,1.8125,2.875,0.7125,0.5,0.475
4,Pavlov,0.05,common_field,Grudger,2000000000096,1.3,2.8625,0.6,0.2875,0.25
4,Pavlov,0.05,common_field,Grudger,2000000000097,0.95,2.95,0.55,0.15,0.1
4,Pavlov,0.05,common_field,Grudger,2000000000098,2.575,3.0125,0.9125,0.825,0.8125
4,Pavlov,0.05,common_field,Grudger,2000000000099,1.0875,2.9,0.5625,0.2,0.15
4,Pavlov,0.05,common_field,Joss (0.9),2000000000080,2.125,2.1875,0.4375,0.425,0.1375
4,Pavlov,0.05,common_field,Joss (0.9),2000000000081,2.1625,2.2875,0.5,0.475,0.2375
4,Pavlov,0.05,common_field,Joss (0.9),2000000000082,2.2375,2.3,0.525,0.5125,0.2875
4,Pavlov,0.05,common_field,Joss (0.9),2000000000083,2.1125,2.05,0.3875,0.4,0.1
4,Pavlov,0.05,common_field,Joss (0.9),2000000000084,2.2,2.45,0.575,0.525,0.325
4,Pavlov,0.05,common_field,Joss (0.9),2000000000085,1.9625,2.15,0.3875,0.35,0.05
4,Pavlov,0.05,common_field,Joss (0.9),2000000000086,1.9875,2.05,0.35,0.3375,0.0125
4,Pavlov,0.05,common_field,Joss (0.9),2000000000087,2.0625,2.3125,0.4875,0.4375,0.2
4,Pavlov,0.05,common_field,Joss (0.9),2000000000088,1.8,2.175,0.375,0.3,0.025
4,Pavlov,0.05,common_field,Joss (0.9),2000000000089,2.1,2.1625,0.425,0.4125,0.125
4,Pavlov,0.05,common_field,Joss (0.9),2000000000090,1.875,2.3125,0.4375,0.35,0.0875
4,Pavlov,0.05,common_field,Joss (0.9),2000000000091,1.9,2.0875,0.35,0.3125,0.0
4,Pavlov,0.05,common_field,Joss (0.9),2000000000092,1.95,2.1375,0.3875,0.35,0.0625
4,Pavlov,0.05,common_field,Joss (0.9),2000000000093,2.2125,2.15,0.4375,0.45,0.15
4,Pavlov,0.05,common_field,Joss (0.9),2000000000094,2.0875,2.15,0.4125,0.4,0.1
4,Pavlov,0.05,common_field,Joss (0.9),2000000000095,2.5625,2.625,0.7375,0.725,0.6
4,Pavlov,0.05,common_field,Joss (0.9),2000000000096,2.15,2.275,0.475,0.45,0.175
4,Pavlov,0.05,common_field,Joss (0.9),2000000000097,2.0375,2.35,0.4875,0.425,0.175
4,Pavlov,0.05,common_field,Joss (0.9),2000000000098,2.15,2.275,0.4875,0.4625,0.2125
4,Pavlov,0.05,common_field,Joss (0.9),2000000000099,1.925,2.2375,0.4375,0.375,0.1375
4,Pavlov,0.05,common_field,Random (0.5),2000000000080,2.275,2.2125,0.4875,0.5,0.2375
4,Pavlov,0.05,common_field,Random (0.5),2000000000081,2.2875,2.225,0.5,0.5125,0.2625
4,Pavlov,0.05,common_field,Random (0.5),2000000000082,2.1875,2.375,0.55,0.5125,0.3125
4,Pavlov,0.05,common_field,Random (0.5),2000000000083,2.275,2.3375,0.5375,0.525,0.2875
4,Pavlov,0.05,common_field,Random (0.5),2000000000084,2.4375,2.125,0.4875,0.55,0.275
4,Pavlov,0.05,common_field,Random (0.5),2000000000085,2.525,2.0875,0.475,0.5625,0.25
4,Pavlov,0.05,common_field,Random (0.5),2000000000086,2.675,1.8,0.375,0.55,0.15
4,Pavlov,0.05,common_field,Random (0.5),2000000000087,2.6625,1.7875,0.375,0.55,0.1625
4,Pavlov,0.05,common_field,Random (0.5),2000000000088,1.9875,2.55,0.5875,0.475,0.325
4,Pavlov,0.05,common_field,Random (0.5),2000000000089,1.95,2.575,0.575,0.45,0.275
4,Pavlov,0.05,common_field,Random (0.5),2000000000090,2.4,2.2125,0.5,0.5375,0.25
4,Pavlov,0.05,common_field,Random (0.5),2000000000091,2.6625,1.9125,0.4125,0.5625,0.175
4,Pavlov,0.05,common_field,Random (0.5),2000000000092,2.025,2.5875,0.6,0.4875,0.325
4,Pavlov,0.05,common_field,Random (0.5),2000000000093,2.45,2.075,0.45,0.525,0.2
4,Pavlov,0.05,common_field,Random (0.5),2000000000094,1.975,2.4125,0.5125,0.425,0.2125
4,Pavlov,0.05,common_field,Random (0.5),2000000000095,2.55,1.9875,0.4375,0.55,0.2125
4,Pavlov,0.05,common_field,Random (0.5),2000000000096,2.325,2.2625,0.5125,0.525,0.2625
4,Pavlov,0.05,common_field,Random (0.5),2000000000097,2.5625,2.125,0.5,0.5875,0.2875
4,Pavlov,0.05,common_field,Random (0.5),2000000000098,2.3375,2.15,0.4625,0.5,0.2
4,Pavlov,0.05,common_field,Random (0.5),2000000000099,1.925,2.55,0.5625,0.4375,0.2625
4,Pavlov,0.05,common_field,Tester,2000000000080,0.8125,2.875,0.5,0.0875,0.0375
4,Pavlov,0.05,common_field,Tester,2000000000081,0.7625,2.95,0.525,0.0875,0.0625
4,Pavlov,0.05,common_field,Tester,2000000000082,0.5875,2.9625,0.5,0.025,0.0125
4,Pavlov,0.05,common_field,Tester,2000000000083,0.6625,2.975,0.5125,0.05,0.025
4,Pavlov,0.05,common_field,Tester,2000000000084,0.65,3.025,0.5375,0.0625,0.0625
4,Pavlov,0.05,common_field,Tester,2000000000085,0.6125,2.9875,0.5125,0.0375,0.025
4,Pavlov,0.05,common_field,Tester,2000000000086,0.7,2.95,0.5125,0.0625,0.0375
4,Pavlov,0.05,common_field,Tester,2000000000087,0.6125,2.9875,0.5125,0.0375,0.025
4,Pavlov,0.05,common_field,Tester,2000000000088,2.1625,2.2875,0.5,0.475,0.2375
4,Pavlov,0.05,common_field,Tester,2000000000089,2.1,2.1625,0.4375,0.425,0.1625
4,Pavlov,0.05,common_field,Tester,2000000000090,0.725,2.975,0.525,0.075,0.05
4,Pavlov,0.05,common_field,Tester,2000000000091,2.0625,2.125,0.4,0.3875,0.0875
4,Pavlov,0.05,common_field,Tester,2000000000092,0.7,3.0125,0.5375,0.075,0.0625
4,Pavlov,0.05,common_field,Tester,2000000000093,0.7,3.0125,0.525,0.0625,0.025
4,Pavlov,0.05,common_field,Tester,2000000000094,0.7125,2.9,0.5,0.0625,0.0375
4,Pavlov,0.05,common_field,Tester,2000000000095,0.6,3.0375,0.525,0.0375,0.025
4,Pavlov,0.05,common_field,Tester,2000000000096,0.8375,2.9,0.525,0.1125,0.0875
4,Pavlov,0.05,common_field,Tester,2000000000097,0.7125,2.8375,0.4875,0.0625,0.05
4,Pavlov,0.05,common_field,Tester,2000000000098,0.6375,3.0125,0.525,0.05,0.0375
4,Pavlov,0.05,common_field,Tester,2000000000099,0.8,2.8625,0.5,0.0875,0.05
4,Pavlov,0.05,common_field,Pavlov (Win-Stay Lose-Shift),2000000000080,2.725,2.9125,0.9,0.8625,0.825
4,Pavlov,0.05,common_field,Pavlov (Win-Stay Lose-Shift),2000000000081,2.7125,2.8375,0.875,0.85,0.8125
4,Pavlov,0.05,common_field,Pavlov (Win-Stay Lose-Shift),2000000000082,2.9,2.7125,0.8625,0.9,0.8375
4,Pavlov,0.05,common_field,Pavlov (Win-Stay Lose-Shift),2000000000083,2.8125,2.875,0.9125,0.9,0.875
4,Pavlov,0.05,common_field,Pavlov (Win-Stay Lose-Shift),2000000000084,2.8375,2.775,0.875,0.8875,0.8375
4,Pavlov,0.05,common_field,Pavlov (Win-Stay Lose-Shift),2000000000085,2.875,2.8125,0.9,0.9125,0.875
4,Pavlov,0.05,common_field,Pavlov (Win-Stay Lose-Shift),2000000000086,2.75,3.0,0.95,0.9,0.9
4,Pavlov,0.05,common_field,Pavlov (Win-Stay Lose-Shift),2000000000087,2.875,2.875,0.925,0.925,0.9
4,Pavlov,0.05,common_field,Pavlov (Win-Stay Lose-Shift),2000000000088,2.75,2.6875,0.825,0.8375,0.775
4,Pavlov,0.05,common_field,Pavlov (Win-Stay Lose-Shift),2000000000089,2.6625,2.725,0.825,0.8125,0.7625
4,Pavlov,0.05,common_field,Pavlov (Win-Stay Lose-Shift),2000000000090,2.8125,2.5625,0.7875,0.8375,0.75
4,Pavlov,0.05,common_field,Pavlov (Win-Stay Lose-Shift),2000000000091,2.6875,2.875,0.8875,0.85,0.825
4,Pavlov,0.05,common_field,Pavlov (Win-Stay Lose-Shift),2000000000092,2.95,2.575,0.8125,0.8875,0.7875
4,Pavlov,0.05,common_field,Pavlov (Win-Stay Lose-Shift),2000000000093,2.8,2.7375,0.85,0.8625,0.8
4,Pavlov,0.05,common_field,Pavlov (Win-Stay Lose-Shift),2000000000094,2.7875,2.85,0.9,0.8875,0.8625
4,Pavlov,0.05,common_field,Pavlov (Win-Stay Lose-Shift),2000000000095,2.875,2.875,0.925,0.925,0.9
4,Pavlov,0.05,common_field,Pavlov (Win-Stay Lose-Shift),2000000000096,2.575,2.8875,0.8625,0.8,0.7625
4,Pavlov,0.05,common_field,Pavlov (Win-Stay Lose-Shift),2000000000097,2.75,2.6875,0.825,0.8375,0.775
4,Pavlov,0.05,common_field,Pavlov (Win-Stay Lose-Shift),2000000000098,2.775,3.025,0.9625,0.9125,0.9125
4,Pavlov,0.05,common_field,Pavlov (Win-Stay Lose-Shift),2000000000099,2.8,2.7375,0.85,0.8625,0.8
4,Pavlov,0.05,ALLC,Memory-1(ALLC),2000000000080,3.9875,1.425,0.4625,0.975,0.45
4,Pavlov,0.05,ALLC,Memory-1(ALLC),2000000000081,3.35,2.1625,0.6875,0.925,0.6625
4,Pavlov,0.05,ALLC,Memory-1(ALLC),2000000000082,4.0125,1.3875,0.45,0.975,0.4375
4,Pavlov,0.05,ALLC,Memory-1(ALLC),2000000000083,4.325,0.8875,0.275,0.9625,0.25
4,Pavlov,0.05,ALLC,Memory-1(ALLC),2000000000084,3.3875,2.2625,0.7375,0.9625,0.725
4,Pavlov,0.05,ALLC,Memory-1(ALLC),2000000000085,3.1,2.85,0.95,1.0,0.95
4,Pavlov,0.05,ALLC,Memory-1(ALLC),2000000000086,3.5375,2.1,0.6875,0.975,0.675
4,Pavlov,0.05,ALLC,Memory-1(ALLC),2000000000087,3.6,1.9125,0.6,0.9375,0.55
4,Pavlov,0.05,ALLC,Memory-1(ALLC),2000000000088,3.6625,1.7875,0.5625,0.9375,0.525
4,Pavlov,0.05,ALLC,Memory-1(ALLC),2000000000089,3.65,1.7125,0.525,0.9125,0.475
4,Pavlov,0.05,ALLC,Memory-1(ALLC),2000000000090,3.925,1.55,0.5,0.975,0.475
4,Pavlov,0.05,ALLC,Memory-1(ALLC),2000000000091,3.8125,1.5625,0.4875,0.9375,0.45
4,Pavlov,0.05,ALLC,Memory-1(ALLC),2000000000092,3.275,2.4,0.7625,0.9375,0.7125
4,Pavlov,0.05,ALLC,Memory-1(ALLC),2000000000093,3.675,1.8,0.5875,0.9625,0.5875
4,Pavlov,0.05,ALLC,Memory-1(ALLC),2000000000094,4.1,1.2875,0.4125,0.975,0.3875
4,Pavlov,0.05,ALLC,Memory-1(ALLC),2000000000095,4.1125,1.175,0.375,0.9625,0.3625
4,Pavlov,0.05,ALLC,Memory-1(ALLC),2000000000096,3.2625,2.3875,0.7625,0.9375,0.725
4,Pavlov,0.05,ALLC,Memory-1(ALLC),2000000000097,4.275,1.025,0.3375,0.9875,0.3375
4,Pavlov,0.05,ALLC,Memory-1(ALLC),2000000000098,3.075,2.7625,0.9,0.9625,0.875
4,Pavlov,0.05,ALLC,Memory-1(ALLC),2000000000099,3.3125,2.3125,0.7375,0.9375,0.7
4,Pavlov,0.05,self,Memory-1(Pavlov),2000000000080,2.8375,2.9,0.925,0.9125,0.8875
4,Pavlov,0.05,self,Memory-1(Pavlov),2000000000081,2.7125,2.8375,0.875,0.85,0.8125
4,Pavlov,0.05,self,Memory-1(Pavlov),2000000000082,2.8375,2.7125,0.85,0.875,0.8125
4,Pavlov,0.05,self,Memory-1(Pavlov),2000000000083,2.9,2.8375,0.9125,0.925,0.8875
4,Pavlov,0.05,self,Memory-1(Pavlov),2000000000084,2.8125,2.8125,0.8875,0.8875,0.85
4,Pavlov,0.05,self,Memory-1(Pavlov),2000000000085,3.0,2.8125,0.925,0.9625,0.925
4,Pavlov,0.05,self,Memory-1(Pavlov),2000000000086,2.875,3.0,0.975,0.95,0.95
4,Pavlov,0.05,self,Memory-1(Pavlov),2000000000087,2.6875,2.875,0.8875,0.85,0.825
4,Pavlov,0.05,self,Memory-1(Pavlov),2000000000088,2.8125,2.6875,0.8375,0.8625,0.8
4,Pavlov,0.05,self,Memory-1(Pavlov),2000000000089,2.6125,2.7375,0.8125,0.7875,0.725
4,Pavlov,0.05,self,Memory-1(Pavlov),2000000000090,2.875,2.5625,0.8,0.8625,0.775
4,Pavlov,0.05,self,Memory-1(Pavlov),2000000000091,2.725,2.9125,0.9125,0.875,0.8625
4,Pavlov,0.05,self,Memory-1(Pavlov),2000000000092,2.6875,2.8125,0.8625,0.8375,0.8
4,Pavlov,0.05,self,Memory-1(Pavlov),2000000000093,2.775,2.775,0.8625,0.8625,0.8125
4,Pavlov,0.05,self,Memory-1(Pavlov),2000000000094,2.875,2.8125,0.9,0.9125,0.875
4,Pavlov,0.05,self,Memory-1(Pavlov),2000000000095,2.8125,2.875,0.9125,0.9,0.875
4,Pavlov,0.05,self,Memory-1(Pavlov),2000000000096,2.6875,2.8125,0.8625,0.8375,0.8
4,Pavlov,0.05,self,Memory-1(Pavlov),2000000000097,2.9375,2.6875,0.8625,0.9125,0.85
4,Pavlov,0.05,self,Memory-1(Pavlov),2000000000098,2.8125,2.9375,0.9375,0.9125,0.9
4,Pavlov,0.05,self,Memory-1(Pavlov),2000000000099,2.6875,2.8125,0.8625,0.8375,0.8
4,ALLD,0.0,common_field,Tit For Tat,2000000000080,1.05,0.9875,0.0,0.0125,0.0
4,ALLD,0.0,common_field,Tit For Tat,2000000000081,1.05,0.9875,0.0,0.0125,0.0
4,ALLD,0.0,common_field,Tit For Tat,2000000000082,1.05,0.9875,0.0,0.0125,0.0
4,ALLD,0.0,common_field,Tit For Tat,2000000000083,1.05,0.9875,0.0,0.0125,0.0
4,ALLD,0.0,common_field,Tit For Tat,2000000000084,1.05,0.9875,0.0,0.0125,0.0
4,ALLD,0.0,common_field,Tit For Tat,2000000000085,1.05,0.9875,0.0,0.0125,0.0
4,ALLD,0.0,common_field,Tit For Tat,2000000000086,1.05,0.9875,0.0,0.0125,0.0
4,ALLD,0.0,common_field,Tit For Tat,2000000000087,1.05,0.9875,0.0,0.0125,0.0
4,ALLD,0.0,common_field,Tit For Tat,2000000000088,1.05,0.9875,0.0,0.0125,0.0
4,ALLD,0.0,common_field,Tit For Tat,2000000000089,1.05,0.9875,0.0,0.0125,0.0
4,ALLD,0.0,common_field,Tit For Tat,2000000000090,1.05,0.9875,0.0,0.0125,0.0
4,ALLD,0.0,common_field,Tit For Tat,2000000000091,1.05,0.9875,0.0,0.0125,0.0
4,ALLD,0.0,common_field,Tit For Tat,2000000000092,1.05,0.9875,0.0,0.0125,0.0
4,ALLD,0.0,common_field,Tit For Tat,2000000000093,1.05,0.9875,0.0,0.0125,0.0
4,ALLD,0.0,common_field,Tit For Tat,2000000000094,1.05,0.9875,0.0,0.0125,0.0
4,ALLD,0.0,common_field,Tit For Tat,2000000000095,1.05,0.9875,0.0,0.0125,0.0
4,ALLD,0.0,common_field,Tit For Tat,2000000000096,1.05,0.9875,0.0,0.0125,0.0
4,ALLD,0.0,common_field,Tit For Tat,2000000000097,1.05,0.9875,0.0,0.0125,0.0
4,ALLD,0.0,common_field,Tit For Tat,2000000000098,1.05,0.9875,0.0,0.0125,0.0
4,ALLD,0.0,common_field,Tit For Tat,2000000000099,1.05,0.9875,0.0,0.0125,0.0
4,ALLD,0.0,common_field,Always Defect,2000000000080,1.0,1.0,0.0,0.0,0.0
4,ALLD,0.0,common_field,Always Defect,2000000000081,1.0,1.0,0.0,0.0,0.0
4,ALLD,0.0,common_field,Always Defect,2000000000082,1.0,1.0,0.0,0.0,0.0
4,ALLD,0.0,common_field,Always Defect,2000000000083,1.0,1.0,0.0,0.0,0.0
4,ALLD,0.0,common_field,Always Defect,2000000000084,1.0,1.0,0.0,0.0,0.0
4,ALLD,0.0,common_field,Always Defect,2000000000085,1.0,1.0,0.0,0.0,0.0
4,ALLD,0.0,common_field,Always Defect,2000000000086,1.0,1.0,0.0,0.0,0.0
4,ALLD,0.0,common_field,Always Defect,2000000000087,1.0,1.0,0.0,0.0,0.0
4,ALLD,0.0,common_field,Always Defect,2000000000088,1.0,1.0,0.0,0.0,0.0
4,ALLD,0.0,common_field,Always Defect,2000000000089,1.0,1.0,0.0,0.0,0.0
4,ALLD,0.0,common_field,Always Defect,2000000000090,1.0,1.0,0.0,0.0,0.0
4,ALLD,0.0,common_field,Always Defect,2000000000091,1.0,1.0,0.0,0.0,0.0
4,ALLD,0.0,common_field,Always Defect,2000000000092,1.0,1.0,0.0,0.0,0.0
4,ALLD,0.0,common_field,Always Defect,2000000000093,1.0,1.0,0.0,0.0,0.0
4,ALLD,0.0,common_field,Always Defect,2000000000094,1.0,1.0,0.0,0.0,0.0
4,ALLD,0.0,common_field,Always Defect,2000000000095,1.0,1.0,0.0,0.0,0.0
4,ALLD,0.0,common_field,Always Defect,2000000000096,1.0,1.0,0.0,0.0,0.0
4,ALLD,0.0,common_field,Always Defect,2000000000097,1.0,1.0,0.0,0.0,0.0
4,ALLD,0.0,common_field,Always Defect,2000000000098,1.0,1.0,0.0,0.0,0.0
4,ALLD,0.0,common_field,Always Defect,2000000000099,1.0,1.0,0.0,0.0,0.0
4,ALLD,0.0,common_field,Grudger,2000000000080,1.05,0.9875,0.0,0.0125,0.0
4,ALLD,0.0,common_field,Grudger,2000000000081,1.05,0.9875,0.0,0.0125,0.0
4,ALLD,0.0,common_field,Grudger,2000000000082,1.05,0.9875,0.0,0.0125,0.0
4,ALLD,0.0,common_field,Grudger,2000000000083,1.05,0.9875,0.0,0.0125,0.0
4,ALLD,0.0,common_field,Grudger,2000000000084,1.05,0.9875,0.0,0.0125,0.0
4,ALLD,0.0,common_field,Grudger,2000000000085,1.05,0.9875,0.0,0.0125,0.0
4,ALLD,0.0,common_field,Grudger,2000000000086,1.05,0.9875,0.0,0.0125,0.0
4,ALLD,0.0,common_field,Grudger,2000000000087,1.05,0.9875,0.0,0.0125,0.0
4,ALLD,0.0,common_field,Grudger,2000000000088,1.05,0.9875,0.0,0.0125,0.0
4,ALLD,0.0,common_field,Grudger,2000000000089,1.05,0.9875,0.0,0.0125,0.0
4,ALLD,0.0,common_field,Grudger,2000000000090,1.05,0.9875,0.0,0.0125,0.0
4,ALLD,0.0,common_field,Grudger,2000000000091,1.05,0.9875,0.0,0.0125,0.0
4,ALLD,0.0,common_field,Grudger,2000000000092,1.05,0.9875,0.0,0.0125,0.0
4,ALLD,0.0,common_field,Grudger,2000000000093,1.05,0.9875,0.0,0.0125,0.0
4,ALLD,0.0,common_field,Grudger,2000000000094,1.05,0.9875,0.0,0.0125,0.0
4,ALLD,0.0,common_field,Grudger,2000000000095,1.05,0.9875,0.0,0.0125,0.0
4,ALLD,0.0,common_field,Grudger,2000000000096,1.05,0.9875,0.0,0.0125,0.0
4,ALLD,0.0,common_field,Grudger,2000000000097,1.05,0.9875,0.0,0.0125,0.0
4,ALLD,0.0,common_field,Grudger,2000000000098,1.05,0.9875,0.0,0.0125,0.0
4,ALLD,0.0,common_field,Grudger,2000000000099,1.05,0.9875,0.0,0.0125,0.0
4,ALLD,0.0,common_field,Joss (0.9),2000000000080,1.05,0.9875,0.0,0.0125,0.0
4,ALLD,0.0,common_field,Joss (0.9),2000000000081,1.05,0.9875,0.0,0.0125,0.0
4,ALLD,0.0,common_field,Joss (0.9),2000000000082,1.05,0.9875,0.0,0.0125,0.0
4,ALLD,0.0,common_field,Joss (0.9),2000000000083,1.05,0.9875,0.0,0.0125,0.0
4,ALLD,0.0,common_field,Joss (0.9),2000000000084,1.05,0.9875,0.0,0.0125,0.0
4,ALLD,0.0,common_field,Joss (0.9),2000000000085,1.05,0.9875,0.0,0.0125,0.0
4,ALLD,0.0,common_field,Joss (0.9),2000000000086,1.05,0.9875,0.0,0.0125,0.0
4,ALLD,0.0,common_field,Joss (0.9),2000000000087,1.05,0.9875,0.0,0.0125,0.0
4,ALLD,0.0,common_field,Joss (0.9),2000000000088,1.05,0.9875,0.0,0.0125,0.0
4,ALLD,0.0,common_field,Joss (0.9),2000000000089,1.05,0.9875,0.0,0.0125,0.0
4,ALLD,0.0,common_field,Joss (0.9),2000000000090,1.05,0.9875,0.0,0.0125,0.0
4,ALLD,0.0,common_field,Joss (0.9),2000000000091,1.05,0.9875,0.0,0.0125,0.0
4,ALLD,0.0,common_field,Joss (0.9),2000000000092,1.05,0.9875,0.0,0.0125,0.0
4,ALLD,0.0,common_field,Joss (0.9),2000000000093,1.05,0.9875,0.0,0.0125,0.0
4,ALLD,0.0,common_field,Joss (0.9),2000000000094,1.05,0.9875,0.0,0.0125,0.0
4,ALLD,0.0,common_field,Joss (0.9),2000000000095,1.05,0.9875,0.0,0.0125,0.0
4,ALLD,0.0,common_field,Joss (0.9),2000000000096,1.05,0.9875,0.0,0.0125,0.0
4,ALLD,0.0,common_field,Joss (0.9),2000000000097,1.05,0.9875,0.0,0.0125,0.0
4,ALLD,0.0,common_field,Joss (0.9),2000000000098,1.05,0.9875,0.0,0.0125,0.0
4,ALLD,0.0,common_field,Joss (0.9),2000000000099,1.05,0.9875,0.0,0.0125,0.0
4,ALLD,0.0,common_field,Random (0.5),2000000000080,2.85,0.5375,0.0,0.4625,0.0
4,ALLD,0.0,common_field,Random (0.5),2000000000081,3.15,0.4625,0.0,0.5375,0.0
4,ALLD,0.0,common_field,Random (0.5),2000000000082,3.05,0.4875,0.0,0.5125,0.0
4,ALLD,0.0,common_field,Random (0.5),2000000000083,3.1,0.475,0.0,0.525,0.0
4,ALLD,0.0,common_field,Random (0.5),2000000000084,3.3,0.425,0.0,0.575,0.0
4,ALLD,0.0,common_field,Random (0.5),2000000000085,3.15,0.4625,0.0,0.5375,0.0
4,ALLD,0.0,common_field,Random (0.5),2000000000086,3.25,0.4375,0.0,0.5625,0.0
4,ALLD,0.0,common_field,Random (0.5),2000000000087,3.1,0.475,0.0,0.525,0.0
4,ALLD,0.0,common_field,Random (0.5),2000000000088,3.0,0.5,0.0,0.5,0.0
4,ALLD,0.0,common_field,Random (0.5),2000000000089,2.85,0.5375,0.0,0.4625,0.0
4,ALLD,0.0,common_field,Random (0.5),2000000000090,2.75,0.5625,0.0,0.4375,0.0
4,ALLD,0.0,common_field,Random (0.5),2000000000091,3.0,0.5,0.0,0.5,0.0
4,ALLD,0.0,common_field,Random (0.5),2000000000092,2.75,0.5625,0.0,0.4375,0.0
4,ALLD,0.0,common_field,Random (0.5),2000000000093,2.9,0.525,0.0,0.475,0.0
4,ALLD,0.0,common_field,Random (0.5),2000000000094,2.9,0.525,0.0,0.475,0.0
4,ALLD,0.0,common_field,Random (0.5),2000000000095,3.15,0.4625,0.0,0.5375,0.0
4,ALLD,0.0,common_field,Random (0.5),2000000000096,2.8,0.55,0.0,0.45,0.0
4,ALLD,0.0,common_field,Random (0.5),2000000000097,3.1,0.475,0.0,0.525,0.0
4,ALLD,0.0,common_field,Random (0.5),2000000000098,3.15,0.4625,0.0,0.5375,0.0
4,ALLD,0.0,common_field,Random (0.5),2000000000099,2.75,0.5625,0.0,0.4375,0.0
4,ALLD,0.0,common_field,Tester,2000000000080,1.1,0.975,0.0,0.025,0.0
4,ALLD,0.0,common_field,Tester,2000000000081,1.1,0.975,0.0,0.025,0.0
4,ALLD,0.0,common_field,Tester,2000000000082,1.1,0.975,0.0,0.025,0.0
4,ALLD,0.0,common_field,Tester,2000000000083,1.1,0.975,0.0,0.025,0.0
4,ALLD,0.0,common_field,Tester,2000000000084,1.1,0.975,0.0,0.025,0.0
4,ALLD,0.0,common_field,Tester,2000000000085,1.1,0.975,0.0,0.025,0.0
4,ALLD,0.0,common_field,Tester,2000000000086,1.1,0.975,0.0,0.025,0.0
4,ALLD,0.0,common_field,Tester,2000000000087,1.1,0.975,0.0,0.025,0.0
4,ALLD,0.0,common_field,Tester,2000000000088,1.1,0.975,0.0,0.025,0.0
4,ALLD,0.0,common_field,Tester,2000000000089,1.1,0.975,0.0,0.025,0.0
4,ALLD,0.0,common_field,Tester,2000000000090,1.1,0.975,0.0,0.025,0.0
4,ALLD,0.0,common_field,Tester,2000000000091,1.1,0.975,0.0,0.025,0.0
4,ALLD,0.0,common_field,Tester,2000000000092,1.1,0.975,0.0,0.025,0.0
4,ALLD,0.0,common_field,Tester,2000000000093,1.1,0.975,0.0,0.025,0.0
4,ALLD,0.0,common_field,Tester,2000000000094,1.1,0.975,0.0,0.025,0.0
4,ALLD,0.0,common_field,Tester,2000000000095,1.1,0.975,0.0,0.025,0.0
4,ALLD,0.0,common_field,Tester,2000000000096,1.1,0.975,0.0,0.025,0.0
4,ALLD,0.0,common_field,Tester,2000000000097,1.1,0.975,0.0,0.025,0.0
4,ALLD,0.0,common_field,Tester,2000000000098,1.1,0.975,0.0,0.025,0.0
4,ALLD,0.0,common_field,Tester,2000000000099,1.1,0.975,0.0,0.025,0.0
4,ALLD,0.0,common_field,Pavlov (Win-Stay Lose-Shift),2000000000080,3.0,0.5,0.0,0.5,0.0
4,ALLD,0.0,common_field,Pavlov (Win-Stay Lose-Shift),2000000000081,3.0,0.5,0.0,0.5,0.0
4,ALLD,0.0,common_field,Pavlov (Win-Stay Lose-Shift),2000000000082,3.0,0.5,0.0,0.5,0.0
4,ALLD,0.0,common_field,Pavlov (Win-Stay Lose-Shift),2000000000083,3.0,0.5,0.0,0.5,0.0
4,ALLD,0.0,common_field,Pavlov (Win-Stay Lose-Shift),2000000000084,3.0,0.5,0.0,0.5,0.0
4,ALLD,0.0,common_field,Pavlov (Win-Stay Lose-Shift),2000000000085,3.0,0.5,0.0,0.5,0.0
4,ALLD,0.0,common_field,Pavlov (Win-Stay Lose-Shift),2000000000086,3.0,0.5,0.0,0.5,0.0
4,ALLD,0.0,common_field,Pavlov (Win-Stay Lose-Shift),2000000000087,3.0,0.5,0.0,0.5,0.0
4,ALLD,0.0,common_field,Pavlov (Win-Stay Lose-Shift),2000000000088,3.0,0.5,0.0,0.5,0.0
4,ALLD,0.0,common_field,Pavlov (Win-Stay Lose-Shift),2000000000089,3.0,0.5,0.0,0.5,0.0
4,ALLD,0.0,common_field,Pavlov (Win-Stay Lose-Shift),2000000000090,3.0,0.5,0.0,0.5,0.0
4,ALLD,0.0,common_field,Pavlov (Win-Stay Lose-Shift),2000000000091,3.0,0.5,0.0,0.5,0.0
4,ALLD,0.0,common_field,Pavlov (Win-Stay Lose-Shift),2000000000092,3.0,0.5,0.0,0.5,0.0
4,ALLD,0.0,common_field,Pavlov (Win-Stay Lose-Shift),2000000000093,3.0,0.5,0.0,0.5,0.0
4,ALLD,0.0,common_field,Pavlov (Win-Stay Lose-Shift),2000000000094,3.0,0.5,0.0,0.5,0.0
4,ALLD,0.0,common_field,Pavlov (Win-Stay Lose-Shift),2000000000095,3.0,0.5,0.0,0.5,0.0
4,ALLD,0.0,common_field,Pavlov (Win-Stay Lose-Shift),2000000000096,3.0,0.5,0.0,0.5,0.0
4,ALLD,0.0,common_field,Pavlov (Win-Stay Lose-Shift),2000000000097,3.0,0.5,0.0,0.5,0.0
4,ALLD,0.0,common_field,Pavlov (Win-Stay Lose-Shift),2000000000098,3.0,0.5,0.0,0.5,0.0
4,ALLD,0.0,common_field,Pavlov (Win-Stay Lose-Shift),2000000000099,3.0,0.5,0.0,0.5,0.0
4,ALLD,0.0,ALLC,Memory-1(ALLC),2000000000080,5.0,0.0,0.0,1.0,0.0
4,ALLD,0.0,ALLC,Memory-1(ALLC),2000000000081,5.0,0.0,0.0,1.0,0.0
4,ALLD,0.0,ALLC,Memory-1(ALLC),2000000000082,5.0,0.0,0.0,1.0,0.0
4,ALLD,0.0,ALLC,Memory-1(ALLC),2000000000083,5.0,0.0,0.0,1.0,0.0
4,ALLD,0.0,ALLC,Memory-1(ALLC),2000000000084,5.0,0.0,0.0,1.0,0.0
4,ALLD,0.0,ALLC,Memory-1(ALLC),2000000000085,5.0,0.0,0.0,1.0,0.0
4,ALLD,0.0,ALLC,Memory-1(ALLC),2000000000086,5.0,0.0,0.0,1.0,0.0
4,ALLD,0.0,ALLC,Memory-1(ALLC),2000000000087,5.0,0.0,0.0,1.0,0.0
4,ALLD,0.0,ALLC,Memory-1(ALLC),2000000000088,5.0,0.0,0.0,1.0,0.0
4,ALLD,0.0,ALLC,Memory-1(ALLC),2000000000089,5.0,0.0,0.0,1.0,0.0
4,ALLD,0.0,ALLC,Memory-1(ALLC),2000000000090,5.0,0.0,0.0,1.0,0.0
4,ALLD,0.0,ALLC,Memory-1(ALLC),2000000000091,5.0,0.0,0.0,1.0,0.0
4,ALLD,0.0,ALLC,Memory-1(ALLC),2000000000092,5.0,0.0,0.0,1.0,0.0
4,ALLD,0.0,ALLC,Memory-1(ALLC),2000000000093,5.0,0.0,0.0,1.0,0.0
4,ALLD,0.0,ALLC,Memory-1(ALLC),2000000000094,5.0,0.0,0.0,1.0,0.0
4,ALLD,0.0,ALLC,Memory-1(ALLC),2000000000095,5.0,0.0,0.0,1.0,0.0
4,ALLD,0.0,ALLC,Memory-1(ALLC),2000000000096,5.0,0.0,0.0,1.0,0.0
4,ALLD,0.0,ALLC,Memory-1(ALLC),2000000000097,5.0,0.0,0.0,1.0,0.0
4,ALLD,0.0,ALLC,Memory-1(ALLC),2000000000098,5.0,0.0,0.0,1.0,0.0
4,ALLD,0.0,ALLC,Memory-1(ALLC),2000000000099,5.0,0.0,0.0,1.0,0.0
4,ALLD,0.0,self,Memory-1(ALLD),2000000000080,1.0,1.0,0.0,0.0,0.0
4,ALLD,0.0,self,Memory-1(ALLD),2000000000081,1.0,1.0,0.0,0.0,0.0
4,ALLD,0.0,self,Memory-1(ALLD),2000000000082,1.0,1.0,0.0,0.0,0.0
4,ALLD,0.0,self,Memory-1(ALLD),2000000000083,1.0,1.0,0.0,0.0,0.0
4,ALLD,0.0,self,Memory-1(ALLD),2000000000084,1.0,1.0,0.0,0.0,0.0
4,ALLD,0.0,self,Memory-1(ALLD),2000000000085,1.0,1.0,0.0,0.0,0.0
4,ALLD,0.0,self,Memory-1(ALLD),2000000000086,1.0,1.0,0.0,0.0,0.0
4,ALLD,0.0,self,Memory-1(ALLD),2000000000087,1.0,1.0,0.0,0.0,0.0
4,ALLD,0.0,self,Memory-1(ALLD),2000000000088,1.0,1.0,0.0,0.0,0.0
4,ALLD,0.0,self,Memory-1(ALLD),2000000000089,1.0,1.0,0.0,0.0,0.0
4,ALLD,0.0,self,Memory-1(ALLD),2000000000090,1.0,1.0,0.0,0.0,0.0
4,ALLD,0.0,self,Memory-1(ALLD),2000000000091,1.0,1.0,0.0,0.0,0.0
4,ALLD,0.0,self,Memory-1(ALLD),2000000000092,1.0,1.0,0.0,0.0,0.0
4,ALLD,0.0,self,Memory-1(ALLD),2000000000093,1.0,1.0,0.0,0.0,0.0
4,ALLD,0.0,self,Memory-1(ALLD),2000000000094,1.0,1.0,0.0,0.0,0.0
4,ALLD,0.0,self,Memory-1(ALLD),2000000000095,1.0,1.0,0.0,0.0,0.0
4,ALLD,0.0,self,Memory-1(ALLD),2000000000096,1.0,1.0,0.0,0.0,0.0
4,ALLD,0.0,self,Memory-1(ALLD),2000000000097,1.0,1.0,0.0,0.0,0.0
4,ALLD,0.0,self,Memory-1(ALLD),2000000000098,1.0,1.0,0.0,0.0,0.0
4,ALLD,0.0,self,Memory-1(ALLD),2000000000099,1.0,1.0,0.0,0.0,0.0
4,ALLD,0.05,common_field,Tit For Tat,2000000000080,1.45,1.0125,0.0375,0.125,0.0125
4,ALLD,0.05,common_field,Tit For Tat,2000000000081,1.425,0.9875,0.025,0.1125,0.0
4,ALLD,0.05,common_field,Tit For Tat,2000000000082,1.3125,1.1875,0.075,0.1,0.0125
4,ALLD,0.05,common_field,Tit For Tat,2000000000083,1.275,1.025,0.025,0.075,0.0
4,ALLD,0.05,common_field,Tit For Tat,2000000000084,1.3625,1.05,0.0375,0.1,0.0
4,ALLD,0.05,common_field,Tit For Tat,2000000000085,1.2625,1.075,0.0375,0.075,0.0
4,ALLD,0.05,common_field,Tit For Tat,2000000000086,1.25,0.9375,0.0,0.0625,0.0
4,ALLD,0.05,common_field,Tit For Tat,2000000000087,1.225,1.0375,0.025,0.0625,0.0
4,ALLD,0.05,common_field,Tit For Tat,2000000000088,1.3375,1.15,0.0625,0.1,0.0
4,ALLD,0.05,common_field,Tit For Tat,2000000000089,1.425,1.1125,0.0625,0.125,0.0125
4,ALLD,0.05,common_field,Tit For Tat,2000000000090,1.45,1.2,0.0875,0.1375,0.0125
4,ALLD,0.05,common_field,Tit For Tat,2000000000091,1.275,1.025,0.025,0.075,0.0
4,ALLD,0.05,common_field,Tit For Tat,2000000000092,1.2875,1.1625,0.0625,0.0875,0.0
4,ALLD,0.05,common_field,Tit For Tat,2000000000093,1.425,1.1125,0.0625,0.125,0.0125
4,ALLD,0.05,common_field,Tit For Tat,2000000000094,1.35,1.0375,0.0375,0.1,0.0125
4,ALLD,0.05,common_field,Tit For Tat,2000000000095,1.225,1.0375,0.025,0.0625,0.0
4,ALLD,0.05,common_field,Tit For Tat,2000000000096,1.4625,1.025,0.0375,0.125,0.0
4,ALLD,0.05,common_field,Tit For Tat,2000000000097,1.4375,1.125,0.0625,0.125,0.0
4,ALLD,0.05,common_field,Tit For Tat,2000000000098,1.2375,0.9875,0.0125,0.0625,0.0
4,ALLD,0.05,common_field,Tit For Tat,2000000000099,1.4625,1.025,0.0375,0.125,0.0
4,ALLD,0.05,common_field,Always Defect,2000000000080,1.2625,1.075,0.0375,0.075,0.0
4,ALLD,0.05,common_field,Always Defect,2000000000081,1.275,1.025,0.025,0.075,0.0
4,ALLD,0.05,common_field,Always Defect,2000000000082,0.975,1.2875,0.075,0.0125,0.0
4,ALLD,0.05,common_field,Always Defect,2000000000083,1.125,1.0625,0.025,0.0375,0.0
4,ALLD,0.05,common_field,Always Defect,2000000000084,1.1625,1.1,0.0375,0.05,0.0
4,ALLD,0.05,common_field,Always Defect,2000000000085,1.0625,1.125,0.0375,0.025,0.0
4,ALLD,0.05,common_field,Always Defect,2000000000086,1.2,0.95,0.0,0.05,0.0
4,ALLD,0.05,common_field,Always Defect,2000000000087,1.075,1.075,0.025,0.025,0.0
4,ALLD,0.05,common_field,Always Defect,2000000000088,1.1375,1.2,0.0625,0.05,0.0
4,ALLD,0.05,common_field,Always Defect,2000000000089,1.225,1.1625,0.0625,0.075,0.0125
4,ALLD,0.05,common_field,Always Defect,2000000000090,1.15,1.275,0.0875,0.0625,0.0125
4,ALLD,0.05,common_field,Always Defect,2000000000091,1.225,1.0375,0.025,0.0625,0.0
4,ALLD,0.05,common_field,Always Defect,2000000000092,1.1875,1.1875,0.0625,0.0625,0.0
4,ALLD,0.05,common_field,Always Defect,2000000000093,1.1375,1.2,0.0625,0.05,0.0
4,ALLD,0.05,common_field,Always Defect,2000000000094,1.15,1.0875,0.0375,0.05,0.0125
4,ALLD,0.05,common_field,Always Defect,2000000000095,1.075,1.075,0.025,0.025,0.0
4,ALLD,0.05,common_field,Always Defect,2000000000096,1.3625,1.05,0.0375,0.1,0.0
4,ALLD,0.05,common_field,Always Defect,2000000000097,1.1375,1.2,0.0625,0.05,0.0
4,ALLD,0.05,common_field,Always Defect,2000000000098,1.1375,1.0125,0.0125,0.0375,0.0
4,ALLD,0.05,common_field,Always Defect,2000000000099,1.2625,1.075,0.0375,0.075,0.0
4,ALLD,0.05,common_field,Grudger,2000000000080,1.3125,1.0625,0.0375,0.0875,0.0
4,ALLD,0.05,common_field,Grudger,2000000000081,1.325,1.0125,0.025,0.0875,0.0
4,ALLD,0.05,common_field,Grudger,2000000000082,1.025,1.275,0.075,0.025,0.0
4,ALLD,0.05,common_field,Grudger,2000000000083,1.175,1.05,0.025,0.05,0.0
4,ALLD,0.05,common_field,Grudger,2000000000084,1.2125,1.0875,0.0375,0.0625,0.0
4,ALLD,0.05,common_field,Grudger,2000000000085,1.1125,1.1125,0.0375,0.0375,0.0
4,ALLD,0.05,common_field,Grudger,2000000000086,1.25,0.9375,0.0,0.0625,0.0
4,ALLD,0.05,common_field,Grudger,2000000000087,1.125,1.0625,0.025,0.0375,0.0
4,ALLD,0.05,common_field,Grudger,2000000000088,1.0875,1.2125,0.0625,0.0375,0.0
4,ALLD,0.05,common_field,Grudger,2000000000089,1.175,1.175,0.0625,0.0625,0.0125
4,ALLD,0.05,common_field,Grudger,2000000000090,1.2,1.2625,0.0875,0.075,0.0125
4,ALLD,0.05,common_field,Grudger,2000000000091,1.175,1.05,0.025,0.05,0.0
4,ALLD,0.05,common_field,Grudger,2000000000092,1.2375,1.175,0.0625,0.075,0.0
4,ALLD,0.05,common_field,Grudger,2000000000093,1.1875,1.1875,0.0625,0.0625,0.0
4,ALLD,0.05,common_field,Grudger,2000000000094,1.2,1.075,0.0375,0.0625,0.0125
4,ALLD,0.05,common_field,Grudger,2000000000095,1.125,1.0625,0.025,0.0375,0.0
4,ALLD,0.05,common_field,Grudger,2000000000096,1.4125,1.0375,0.0375,0.1125,0.0
4,ALLD,0.05,common_field,Grudger,2000000000097,1.1875,1.1875,0.0625,0.0625,0.0
4,ALLD,0.05,common_field,Grudger,2000000000098,1.1875,1.0,0.0125,0.05,0.0
4,ALLD,0.05,common_field,Grudger,2000000000099,1.3125,1.0625,0.0375,0.0875,0.0
4,ALLD,0.05,common_field,Joss (0.9),2000000000080,1.3,1.05,0.0375,0.0875,0.0125
4,ALLD,0.05,common_field,Joss (0.9),2000000000081,1.425,0.9875,0.025,0.1125,0.0
4,ALLD,0.05,common_field,Joss (0.9),2000000000082,1.2625,1.2,0.075,0.0875,0.0125
4,ALLD,0.05,common_field,Joss (0.9),2000000000083,1.275,1.025,0.025,0.075,0.0
4,ALLD,0.05,common_field,Joss (0.9),2000000000084,1.3625,1.05,0.0375,0.1,0.0
4,ALLD,0.05,common_field,Joss (0.9),2000000000085,1.2125,1.0875,0.0375,0.0625,0.0
4,ALLD,0.05,common_field,Joss (0.9),2000000000086,1.25,0.9375,0.0,0.0625,0.0
4,ALLD,0.05,common_field,Joss (0.9),2000000000087,1.225,1.0375,0.025,0.0625,0.0
4,ALLD,0.05,common_field,Joss (0.9),2000000000088,1.3375,1.15,0.0625,0.1,0.0
4,ALLD,0.05,common_field,Joss (0.9),2000000000089,1.425,1.1125,0.0625,0.125,0.0125
4,ALLD,0.05,common_field,Joss (0.9),2000000000090,1.55,1.175,0.0875,0.1625,0.0125
4,ALLD,0.05,common_field,Joss (0.9),2000000000091,1.275,1.025,0.025,0.075,0.0
4,ALLD,0.05,common_field,Joss (0.9),2000000000092,1.4375,1.125,0.0625,0.125,0.0
4,ALLD,0.05,common_field,Joss (0.9),2000000000093,1.375,1.125,0.0625,0.1125,0.0125
4,ALLD,0.05,common_field,Joss (0.9),2000000000094,1.3625,1.05,0.0375,0.1,0.0
4,ALLD,0.05,common_field,Joss (0.9),2000000000095,1.225,1.0375,0.025,0.0625,0.0
4,ALLD,0.05,common_field,Joss (0.9),2000000000096,1.4625,1.025,0.0375,0.125,0.0
4,ALLD,0.05,common_field,Joss (0.9),2000000000097,1.4375,1.125,0.0625,0.125,0.0
4,ALLD,0.05,common_field,Joss (0.9),2000000000098,1.2375,0.9875,0.0125,0.0625,0.0
4,ALLD,0.05,common_field,Joss (0.9),2000000000099,1.4625,1.025,0.0375,0.125,0.0
4,ALLD,0.05,common_field,Random (0.5),2000000000080,2.95,0.6375,0.0375,0.5,0.0125
4,ALLD,0.05,common_field,Random (0.5),2000000000081,3.0125,0.575,0.025,0.5125,0.0125
4,ALLD,0.05,common_field,Random (0.5),2000000000082,2.925,0.7375,0.075,0.5125,0.05
4,ALLD,0.05,common_field,Random (0.5),2000000000083,3.0625,0.5625,0.025,0.525,0.0125
4,ALLD,0.05,common_field,Random (0.5),2000000000084,3.125,0.5625,0.0375,0.55,0.0375
4,ALLD,0.05,common_field,Random (0.5),2000000000085,3.1875,0.5625,0.0375,0.5625,0.025
4,ALLD,0.05,common_field,Random (0.5),2000000000086,3.2,0.45,0.0,0.55,0.0
4,ALLD,0.05,common_field,Random (0.5),2000000000087,3.15,0.525,0.025,0.55,0.025
4,ALLD,0.05,common_field,Random (0.5),2000000000088,2.8,0.7375,0.0625,0.475,0.0375
4,ALLD,0.05,common_field,Random (0.5),2000000000089,2.7375,0.8,0.0625,0.45,0.0
4,ALLD,0.05,common_field,Random (0.5),2000000000090,3.0125,0.7625,0.0875,0.5375,0.05
4,ALLD,0.05,common_field,Random (0.5),2000000000091,3.225,0.5375,0.025,0.5625,0.0
4,ALLD,0.05,common_field,Random (0.5),2000000000092,2.8375,0.7125,0.0625,0.4875,0.05
4,ALLD,0.05,common_field,Random (0.5),2000000000093,3.0375,0.725,0.0625,0.525,0.0
4,ALLD,0.05,common_field,Random (0.5),2000000000094,2.65,0.7125,0.0375,0.425,0.0125
4,ALLD,0.05,common_field,Random (0.5),2000000000095,3.1625,0.5375,0.025,0.55,0.0125
4,ALLD,0.05,common_field,Random (0.5),2000000000096,3.0375,0.6,0.0375,0.525,0.025
4,ALLD,0.05,common_field,Random (0.5),2000000000097,3.2375,0.6125,0.0625,0.5875,0.05
4,ALLD,0.05,common_field,Random (0.5),2000000000098,2.9875,0.55,0.0125,0.5,0.0
4,ALLD,0.05,common_field,Random (0.5),2000000000099,2.7125,0.7125,0.0375,0.4375,0.0
4,ALLD,0.05,common_field,Tester,2000000000080,1.5,1.0,0.0375,0.1375,0.0125
4,ALLD,0.05,common_field,Tester,2000000000081,1.475,0.975,0.025,0.125,0.0
4,ALLD,0.05,common_field,Tester,2000000000082,1.3625,1.175,0.075,0.1125,0.0125
4,ALLD,0.05,common_field,Tester,2000000000083,1.325,1.0125,0.025,0.0875,0.0
4,ALLD,0.05,common_field,Tester,2000000000084,1.4125,1.0375,0.0375,0.1125,0.0
4,ALLD,0.05,common_field,Tester,2000000000085,1.3125,1.0625,0.0375,0.0875,0.0
4,ALLD,0.05,common_field,Tester,2000000000086,1.2,0.95,0.0,0.05,0.0
4,ALLD,0.05,common_field,Tester,2000000000087,1.275,1.025,0.025,0.075,0.0
4,ALLD,0.05,common_field,Tester,2000000000088,1.3875,1.1375,0.0625,0.1125,0.0
4,ALLD,0.05,common_field,Tester,2000000000089,1.475,1.1,0.0625,0.1375,0.0125
4,ALLD,0.05,common_field,Tester,2000000000090,1.5,1.1875,0.0875,0.15,0.0125
4,ALLD,0.05,common_field,Tester,2000000000091,1.325,1.0125,0.025,0.0875,0.0
4,ALLD,0.05,common_field,Tester,2000000000092,1.3375,1.15,0.0625,0.1,0.0
4,ALLD,0.05,common_field,Tester,2000000000093,1.4625,1.0875,0.0625,0.1375,0.025
4,ALLD,0.05,common_field,Tester,2000000000094,1.4,1.025,0.0375,0.1125,0.0125
4,ALLD,0.05,common_field,Tester,2000000000095,1.275,1.025,0.025,0.075,0.0
4,ALLD,0.05,common_field,Tester,2000000000096,1.5125,1.0125,0.0375,0.1375,0.0
4,ALLD,0.05,common_field,Tester,2000000000097,1.4875,1.1125,0.0625,0.1375,0.0
4,ALLD,0.05,common_field,Tester,2000000000098,1.2875,0.975,0.0125,0.075,0.0
4,ALLD,0.05,common_field,Tester,2000000000099,1.5125,1.0125,0.0375,0.1375,0.0
4,ALLD,0.05,common_field,Pavlov (Win-Stay Lose-Shift),2000000000080,2.9375,0.625,0.0375,0.5,0.025
4,ALLD,0.05,common_field,Pavlov (Win-Stay Lose-Shift),2000000000081,3.0125,0.575,0.025,0.5125,0.0125
4,ALLD,0.05,common_field,Pavlov (Win-Stay Lose-Shift),2000000000082,2.8875,0.7625,0.075,0.5,0.0375
4,ALLD,0.05,common_field,Pavlov (Win-Stay Lose-Shift),2000000000083,3.0,0.5625,0.025,0.5125,0.025
4,ALLD,0.05,common_field,Pavlov (Win-Stay Lose-Shift),2000000000084,3.0875,0.5875,0.0375,0.5375,0.025
4,ALLD,0.05,common_field,Pavlov (Win-Stay Lose-Shift),2000000000085,2.9875,0.6125,0.0375,0.5125,0.025
4,ALLD,0.05,common_field,Pavlov (Win-Stay Lose-Shift),2000000000086,3.0,0.5,0.0,0.5,0.0
4,ALLD,0.05,common_field,Pavlov (Win-Stay Lose-Shift),2000000000087,2.9625,0.5875,0.025,0.5,0.0125
4,ALLD,0.05,common_field,Pavlov (Win-Stay Lose-Shift),2000000000088,2.8125,0.75,0.0625,0.475,0.025
4,ALLD,0.05,common_field,Pavlov (Win-Stay Lose-Shift),2000000000089,2.7875,0.7875,0.0625,0.4625,0.0
4,ALLD,0.05,common_field,Pavlov (Win-Stay Lose-Shift),2000000000090,2.825,0.825,0.0875,0.4875,0.0375
4,ALLD,0.05,common_field,Pavlov (Win-Stay Lose-Shift),2000000000091,2.9125,0.6,0.025,0.4875,0.0125
4,ALLD,0.05,common_field,Pavlov (Win-Stay Lose-Shift),2000000000092,3.0,0.6875,0.0625,0.525,0.0375
4,ALLD,0.05,common_field,Pavlov (Win-Stay Lose-Shift),2000000000093,2.975,0.6625,0.0625,0.525,0.0625
4,ALLD,0.05,common_field,Pavlov (Win-Stay Lose-Shift),2000000000094,2.8625,0.675,0.0375,0.475,0.0
4,ALLD,0.05,common_field,Pavlov (Win-Stay Lose-Shift),2000000000095,3.0,0.5625,0.025,0.5125,0.025
4,ALLD,0.05,common_field,Pavlov (Win-Stay Lose-Shift),2000000000096,3.05,0.6125,0.0375,0.525,0.0125
4,ALLD,0.05,common_field,Pavlov (Win-Stay Lose-Shift),2000000000097,2.8875,0.7625,0.0625,0.4875,0.0
4,ALLD,0.05,common_field,Pavlov (Win-Stay Lose-Shift),2000000000098,3.025,0.525,0.0125,0.5125,0.0125
4,ALLD,0.05,common_field,Pavlov (Win-Stay Lose-Shift),2000000000099,2.95,0.6375,0.0375,0.5,0.0125
4,ALLD,0.05,ALLC,Memory-1(ALLC),2000000000080,4.825,0.1375,0.0375,0.975,0.0375
4,ALLD,0.05,ALLC,Memory-1(ALLC),2000000000081,4.65,0.15,0.025,0.925,0.025
4,ALLD,0.05,ALLC,Memory-1(ALLC),2000000000082,4.75,0.25,0.075,0.975,0.075
4,ALLD,0.05,ALLC,Memory-1(ALLC),2000000000083,4.8,0.1125,0.025,0.9625,0.025
4,ALLD,0.05,ALLC,Memory-1(ALLC),2000000000084,4.775,0.15,0.0375,0.9625,0.0375
4,ALLD,0.05,ALLC,Memory-1(ALLC),2000000000085,4.925,0.1125,0.0375,1.0,0.0375
4,ALLD,0.05,ALLC,Memory-1(ALLC),2000000000086,4.9,0.025,0.0,0.975,0.0
4,ALLD,0.05,ALLC,Memory-1(ALLC),2000000000087,4.7,0.1375,0.025,0.9375,0.025
4,ALLD,0.05,ALLC,Memory-1(ALLC),2000000000088,4.6375,0.2625,0.0625,0.9375,0.05
4,ALLD,0.05,ALLC,Memory-1(ALLC),2000000000089,4.525,0.275,0.0625,0.9125,0.0625
4,ALLD,0.05,ALLC,Memory-1(ALLC),2000000000090,4.725,0.2875,0.0875,0.975,0.0875
4,ALLD,0.05,ALLC,Memory-1(ALLC),2000000000091,4.7125,0.15,0.025,0.9375,0.0125
4,ALLD,0.05,ALLC,Memory-1(ALLC),2000000000092,4.6375,0.2625,0.0625,0.9375,0.05
4,ALLD,0.05,ALLC,Memory-1(ALLC),2000000000093,4.725,0.225,0.0625,0.9625,0.0625
4,ALLD,0.05,ALLC,Memory-1(ALLC),2000000000094,4.825,0.1375,0.0375,0.975,0.0375
4,ALLD,0.05,ALLC,Memory-1(ALLC),2000000000095,4.8,0.1125,0.025,0.9625,0.025
4,ALLD,0.05,ALLC,Memory-1(ALLC),2000000000096,4.675,0.175,0.0375,0.9375,0.0375
4,ALLD,0.05,ALLC,Memory-1(ALLC),2000000000097,4.825,0.2,0.0625,0.9875,0.0625
4,ALLD,0.05,ALLC,Memory-1(ALLC),2000000000098,4.825,0.075,0.0125,0.9625,0.0125
4,ALLD,0.05,ALLC,Memory-1(ALLC),2000000000099,4.675,0.175,0.0375,0.9375,0.0375
4,ALLD,0.05,self,Memory-1(ALLD),2000000000080,1.0625,1.125,0.0375,0.025,0.0
4,ALLD,0.05,self,Memory-1(ALLD),2000000000081,1.275,1.025,0.025,0.075,0.0
4,ALLD,0.05,self,Memory-1(ALLD),2000000000082,1.025,1.275,0.075,0.025,0.0
4,ALLD,0.05,self,Memory-1(ALLD),2000000000083,1.125,1.0625,0.025,0.0375,0.0
4,ALLD,0.05,self,Memory-1(ALLD),2000000000084,1.1125,1.1125,0.0375,0.0375,0.0
4,ALLD,0.05,self,Memory-1(ALLD),2000000000085,0.9625,1.15,0.0375,0.0,0.0
4,ALLD,0.05,self,Memory-1(ALLD),2000000000086,1.1,0.975,0.0,0.025,0.0
4,ALLD,0.05,self,Memory-1(ALLD),2000000000087,1.225,1.0375,0.025,0.0625,0.0
4,ALLD,0.05,self,Memory-1(ALLD),2000000000088,1.175,1.175,0.0625,0.0625,0.0125
4,ALLD,0.05,self,Memory-1(ALLD),2000000000089,1.2875,1.1625,0.0625,0.0875,0.0
4,ALLD,0.05,self,Memory-1(ALLD),2000000000090,1.0125,1.325,0.0875,0.025,0.0
4,ALLD,0.05,self,Memory-1(ALLD),2000000000091,1.2125,1.025,0.025,0.0625,0.0125
4,ALLD,0.05,self,Memory-1(ALLD),2000000000092,1.175,1.175,0.0625,0.0625,0.0125
4,ALLD,0.05,self,Memory-1(ALLD),2000000000093,1.0875,1.2125,0.0625,0.0375,0.0
4,ALLD,0.05,self,Memory-1(ALLD),2000000000094,1.0625,1.125,0.0375,0.025,0.0
4,ALLD,0.05,self,Memory-1(ALLD),2000000000095,1.125,1.0625,0.025,0.0375,0.0
4,ALLD,0.05,self,Memory-1(ALLD),2000000000096,1.2125,1.0875,0.0375,0.0625,0.0
4,ALLD,0.05,self,Memory-1(ALLD),2000000000097,0.9875,1.2375,0.0625,0.0125,0.0
4,ALLD,0.05,self,Memory-1(ALLD),2000000000098,1.1375,1.0125,0.0125,0.0375,0.0
4,ALLD,0.05,self,Memory-1(ALLD),2000000000099,1.2125,1.0875,0.0375,0.0625,0.0
