seed,strategy,opponent,match_seed,score_per_turn,opponent_score_per_turn,cooperation,opponent_cooperation,mutual_cooperation
0,TFT,Tit For Tat,3000010000000,2.375,2.3125,0.5125,0.525,0.2125
0,TFT,Tit For Tat,3000010000002,2.5,2.5,0.5375,0.5375,0.1125
0,TFT,Tit For Tat,3000010000004,2.6,2.6,0.725,0.725,0.575
0,TFT,Tit For Tat,3000010000006,2.8,2.8,0.8,0.8,0.6
0,TFT,Tit For Tat,3000010000008,2.3,2.175,0.5125,0.5375,0.3375
0,TFT,Tit For Tat,3000010000010,2.275,2.3375,0.525,0.5125,0.25
0,TFT,Tit For Tat,3000010000012,2.275,2.275,0.55,0.55,0.375
0,TFT,Tit For Tat,3000010000014,2.9125,2.85,0.875,0.8875,0.7625
0,TFT,Tit For Tat,3000010000016,2.2125,2.0875,0.4625,0.4875,0.275
0,TFT,Tit For Tat,3000010000018,2.2375,2.2375,0.5,0.5,0.2625
0,TFT,Tit For Tat,3000010000020,2.8,2.7375,0.7625,0.775,0.5375
0,TFT,Tit For Tat,3000010000022,2.6375,2.7625,0.75,0.725,0.5125
0,TFT,Tit For Tat,3000010000024,2.6375,2.6375,0.7,0.7,0.4625
0,TFT,Tit For Tat,3000010000026,2.775,2.775,0.825,0.825,0.7
0,TFT,Tit For Tat,3000010000028,2.525,2.4625,0.6625,0.675,0.5125
0,TFT,Tit For Tat,3000010000030,2.5875,2.525,0.625,0.6375,0.3375
0,TFT,Tit For Tat,3000010000032,2.0875,2.2125,0.475,0.45,0.2375
0,TFT,Tit For Tat,3000010000034,2.4125,2.475,0.625,0.6125,0.4125
0,TFT,Tit For Tat,3000010000036,2.025,1.9625,0.3875,0.4,0.1875
0,TFT,Tit For Tat,3000010000038,2.775,2.8375,0.8125,0.8,0.6125
0,TFT,Always Defect,3000010000200,1.0625,1.25,0.075,0.0375,0.0125
0,TFT,Always Defect,3000010000202,1.175,1.3625,0.1125,0.075,0.0125
0,TFT,Always Defect,3000010000204,1.0375,1.4125,0.1125,0.0375,0.0
0,TFT,Always Defect,3000010000206,1.0625,1.3125,0.0875,0.0375,0.0
0,TFT,Always Defect,3000010000208,1.0375,1.35,0.1,0.0375,0.0125
0,TFT,Always Defect,3000010000210,1.025,1.2125,0.0625,0.025,0.0125
0,TFT,Always Defect,3000010000212,1.1375,1.3875,0.1125,0.0625,0.0
0,TFT,Always Defect,3000010000214,1.075,1.2625,0.075,0.0375,0.0
0,TFT,Always Defect,3000010000216,1.1125,1.6125,0.175,0.075,0.0125
0,TFT,Always Defect,3000010000218,0.9125,1.725,0.1875,0.025,0.0
0,TFT,Always Defect,3000010000220,1.225,1.35,0.1125,0.0875,0.0125
0,TFT,Always Defect,3000010000222,1.075,1.3875,0.1125,0.05,0.0125
0,TFT,Always Defect,3000010000224,1.3125,1.4375,0.1375,0.1125,0.0
0,TFT,Always Defect,3000010000226,1.0875,1.4,0.1125,0.05,0.0
0,TFT,Always Defect,3000010000228,1.125,1.4375,0.125,0.0625,0.0
0,TFT,Always Defect,3000010000230,1.0375,1.5375,0.15,0.05,0.0125
0,TFT,Always Defect,3000010000232,1.0,1.1875,0.05,0.0125,0.0
0,TFT,Always Defect,3000010000234,1.175,1.3625,0.1125,0.075,0.0125
0,TFT,Always Defect,3000010000236,0.95,1.575,0.15,0.025,0.0
0,TFT,Always Defect,3000010000238,1.05,1.4875,0.1375,0.05,0.0125
0,TFT,Grudger,3000010000400,1.4125,1.6625,0.25,0.2,0.1375
0,TFT,Grudger,3000010000402,1.5125,1.5125,0.2375,0.2375,0.2
0,TFT,Grudger,3000010000404,1.1125,1.3,0.1,0.0625,0.0375
0,TFT,Grudger,3000010000406,1.5375,1.6,0.25,0.2375,0.1625
0,TFT,Grudger,3000010000408,1.1375,1.325,0.1,0.0625,0.0125
0,TFT,Grudger,3000010000410,1.4875,1.7375,0.3,0.25,0.2125
0,TFT,Grudger,3000010000412,1.2125,1.3375,0.125,0.1,0.0625
0,TFT,Grudger,3000010000414,1.1375,1.325,0.1125,0.075,0.05
0,TFT,Grudger,3000010000416,1.35,1.6,0.2,0.15,0.05
0,TFT,Grudger,3000010000418,1.1875,1.3125,0.1125,0.0875,0.05
0,TFT,Grudger,3000010000420,2.1,2.1,0.5,0.5,0.4
0,TFT,Grudger,3000010000422,1.2125,1.3375,0.1125,0.0875,0.025
0,TFT,Grudger,3000010000424,1.0,1.1875,0.05,0.0125,0.0
0,TFT,Grudger,3000010000426,1.425,1.55,0.225,0.2,0.15
0,TFT,Grudger,3000010000428,1.425,1.675,0.2625,0.2125,0.1625
0,TFT,Grudger,3000010000430,1.35,1.725,0.2625,0.1875,0.1375
0,TFT,Grudger,3000010000432,1.375,1.9375,0.3125,0.2,0.1125
0,TFT,Grudger,3000010000434,1.3875,1.575,0.225,0.1875,0.1375
0,TFT,Grudger,3000010000436,1.1625,1.4125,0.125,0.075,0.0125
0,TFT,Grudger,3000010000438,1.4,1.5875,0.225,0.1875,0.125
0,TFT,Joss (0.9),3000010000600,1.85,1.9125,0.3125,0.3,0.0375
0,TFT,Joss (0.9),3000010000602,1.7,1.825,0.3,0.275,0.1
0,TFT,Joss (0.9),3000010000604,2.2,2.3875,0.525,0.4875,0.225
0,TFT,Joss (0.9),3000010000606,2.05,1.9875,0.3625,0.375,0.0875
0,TFT,Joss (0.9),3000010000608,2.175,2.3625,0.5125,0.475,0.2125
0,TFT,Joss (0.9),3000010000610,2.0875,2.15,0.475,0.4625,0.2875
0,TFT,Joss (0.9),3000010000612,1.9875,2.1125,0.375,0.35,0.0375
0,TFT,Joss (0.9),3000010000614,2.35,2.4125,0.6125,0.6,0.4375
0,TFT,Joss (0.9),3000010000616,2.5875,2.7125,0.7,0.675,0.4125
0,TFT,Joss (0.9),3000010000618,1.7875,1.975,0.35,0.3125,0.1125
0,TFT,Joss (0.9),3000010000620,1.7375,1.925,0.325,0.2875,0.0875
0,TFT,Joss (0.9),3000010000622,1.7875,1.85,0.2875,0.275,0.025
0,TFT,Joss (0.9),3000010000624,2.025,2.0875,0.475,0.4625,0.35
0,TFT,Joss (0.9),3000010000626,2.6,2.6625,0.6375,0.625,0.2625
0,TFT,Joss (0.9),3000010000628,2.0625,2.0625,0.4375,0.4375,0.25
0,TFT,Joss (0.9),3000010000630,1.9,1.9,0.325,0.325,0.075
0,TFT,Joss (0.9),3000010000632,1.9875,2.175,0.4375,0.4,0.175
0,TFT,Joss (0.9),3000010000634,2.1125,2.175,0.425,0.4125,0.1125
0,TFT,Joss (0.9),3000010000636,1.5875,1.775,0.2625,0.225,0.05
0,TFT,Joss (0.9),3000010000638,1.8125,1.9375,0.375,0.35,0.2125
0,TFT,Random (0.5),3000010000800,2.2125,2.15,0.4625,0.475,0.225
0,TFT,Random (0.5),3000010000802,2.1,2.35,0.4875,0.4375,0.1625
0,TFT,Random (0.5),3000010000804,2.0875,2.4625,0.55,0.475,0.2625
0,TFT,Random (0.5),3000010000806,2.1,2.0375,0.375,0.3875,0.075
0,TFT,Random (0.5),3000010000808,2.275,2.275,0.525,0.525,0.3
0,TFT,Random (0.5),3000010000810,2.1875,2.1875,0.4625,0.4625,0.2
0,TFT,Random (0.5),3000010000812,2.225,2.35,0.5125,0.4875,0.2125
0,TFT,Random (0.5),3000010000814,2.3625,2.2375,0.525,0.55,0.3125
0,TFT,Random (0.5),3000010000816,2.1125,2.3625,0.5375,0.4875,0.3
0,TFT,Random (0.5),3000010000818,2.175,2.3,0.5375,0.5125,0.3375
0,TFT,Random (0.5),3000010000820,2.075,2.2,0.4625,0.4375,0.2125
0,TFT,Random (0.5),3000010000822,2.15,2.15,0.4625,0.4625,0.2375
0,TFT,Random (0.5),3000010000824,2.2125,2.2125,0.475,0.475,0.2125
0,TFT,Random (0.5),3000010000826,2.3875,2.3875,0.5625,0.5625,0.3
0,TFT,Random (0.5),3000010000828,2.325,2.3875,0.575,0.5625,0.35
0,TFT,Random (0.5),3000010000830,2.2125,2.2125,0.4875,0.4875,0.25
0,TFT,Random (0.5),3000010000832,2.3875,2.2625,0.5,0.525,0.2125
0,TFT,Random (0.5),3000010000834,1.875,1.9375,0.35,0.3375,0.125
0,TFT,Random (0.5),3000010000836,2.275,2.0875,0.4625,0.5,0.2625
0,TFT,Random (0.5),3000010000838,2.1,2.4125,0.55,0.4875,0.3
0,TFT,Tester,3000010001000,1.15,1.275,0.0875,0.0625,0.0125
0,TFT,Tester,3000010001002,1.1125,1.2375,0.075,0.05,0.0125
0,TFT,Tester,3000010001004,1.0375,1.475,0.1375,0.05,0.025
0,TFT,Tester,3000010001006,1.1125,1.3,0.1,0.0625,0.0375
0,TFT,Tester,3000010001008,1.175,1.3625,0.1125,0.075,0.0125
0,TFT,Tester,3000010001010,1.2125,1.4,0.125,0.0875,0.0125
0,TFT,Tester,3000010001012,1.075,1.5125,0.15,0.0625,0.025
0,TFT,Tester,3000010001014,0.9875,1.3625,0.1,0.025,0.0125
0,TFT,Tester,3000010001016,1.15,1.65,0.1875,0.0875,0.0125
0,TFT,Tester,3000010001018,1.125,1.25,0.075,0.05,0.0
0,TFT,Tester,3000010001020,1.1875,1.4375,0.1375,0.0875,0.025
0,TFT,Tester,3000010001022,1.325,1.3875,0.1375,0.125,0.0375
0,TFT,Tester,3000010001024,1.3,1.425,0.1375,0.1125,0.0125
0,TFT,Tester,3000010001026,2.7,2.7625,0.75,0.7375,0.5
0,TFT,Tester,3000010001028,2.4125,2.475,0.675,0.6625,0.5625
0,TFT,Tester,3000010001030,1.025,1.4,0.1125,0.0375,0.0125
0,TFT,Tester,3000010001032,1.0125,1.45,0.125,0.0375,0.0125
0,TFT,Tester,3000010001034,1.0375,1.35,0.1,0.0375,0.0125
0,TFT,Tester,3000010001036,1.0625,1.4375,0.125,0.05,0.0125
0,TFT,Tester,3000010001038,1.25,1.5,0.1625,0.1125,0.0375
0,TFT,Pavlov (Win-Stay Lose-Shift),3000010001200,2.15,2.15,0.4375,0.4375,0.1625
0,TFT,Pavlov (Win-Stay Lose-Shift),3000010001202,2.3625,2.175,0.5,0.5375,0.2875
0,TFT,Pavlov (Win-Stay Lose-Shift),3000010001204,2.2875,2.2875,0.525,0.525,0.2875
0,TFT,Pavlov (Win-Stay Lose-Shift),3000010001206,2.5625,2.5625,0.7,0.7,0.5375
0,TFT,Pavlov (Win-Stay Lose-Shift),3000010001208,2.675,2.6125,0.75,0.7625,0.625
0,TFT,Pavlov (Win-Stay Lose-Shift),3000010001210,2.1875,2.0625,0.4,0.425,0.1125
0,TFT,Pavlov (Win-Stay Lose-Shift),3000010001212,2.2625,2.2625,0.4875,0.4875,0.2
0,TFT,Pavlov (Win-Stay Lose-Shift),3000010001214,2.4125,2.5375,0.6625,0.6375,0.475
0,TFT,Pavlov (Win-Stay Lose-Shift),3000010001216,2.275,2.15,0.4625,0.4875,0.2125
0,TFT,Pavlov (Win-Stay Lose-Shift),3000010001218,2.225,2.2875,0.5125,0.5,0.2625
0,TFT,Pavlov (Win-Stay Lose-Shift),3000010001220,2.925,2.8625,0.925,0.9375,0.9
0,TFT,Pavlov (Win-Stay Lose-Shift),3000010001222,2.5375,2.475,0.6625,0.675,0.5
0,TFT,Pavlov (Win-Stay Lose-Shift),3000010001224,2.6375,2.6375,0.75,0.75,0.6125
0,TFT,Pavlov (Win-Stay Lose-Shift),3000010001226,2.45,2.2625,0.55,0.5875,0.35
0,TFT,Pavlov (Win-Stay Lose-Shift),3000010001228,2.375,2.25,0.525,0.55,0.3
0,TFT,Pavlov (Win-Stay Lose-Shift),3000010001230,2.4,2.4,0.6,0.6,0.4
0,TFT,Pavlov (Win-Stay Lose-Shift),3000010001232,2.175,2.3,0.5,0.475,0.225
0,TFT,Pavlov (Win-Stay Lose-Shift),3000010001234,2.4625,2.275,0.55,0.5875,0.3375
0,TFT,Pavlov (Win-Stay Lose-Shift),3000010001236,2.575,2.6375,0.75,0.7375,0.625
0,TFT,Pavlov (Win-Stay Lose-Shift),3000010001238,2.3375,2.2125,0.5,0.525,0.2625
0,GTFT(0.1),Tit For Tat,3000010000000,2.3875,2.3875,0.5375,0.5375,0.225
0,GTFT(0.1),Tit For Tat,3000010000002,2.625,2.5625,0.7,0.7125,0.525
0,GTFT(0.1),Tit For Tat,3000010000004,2.7375,2.7375,0.7875,0.7875,0.625
0,GTFT(0.1),Tit For Tat,3000010000006,2.8,2.925,0.875,0.85,0.725
0,GTFT(0.1),Tit For Tat,3000010000008,2.6625,2.6625,0.7375,0.7375,0.55
0,GTFT(0.1),Tit For Tat,3000010000010,2.2,2.45,0.5625,0.5125,0.2875
0,GTFT(0.1),Tit For Tat,3000010000012,2.8375,3.025,0.95,0.9125,0.8625
0,GTFT(0.1),Tit For Tat,3000010000014,2.9125,2.85,0.875,0.8875,0.7625
0,GTFT(0.1),Tit For Tat,3000010000016,2.3375,2.4625,0.6375,0.6125,0.475
0,GTFT(0.1),Tit For Tat,3000010000018,2.825,2.575,0.7375,0.7875,0.5875
0,GTFT(0.1),Tit For Tat,3000010000020,2.7,2.7,0.7375,0.7375,0.5125
0,GTFT(0.1),Tit For Tat,3000010000022,2.625,2.8125,0.775,0.7375,0.55
0,GTFT(0.1),Tit For Tat,3000010000024,2.6375,2.6375,0.7,0.7,0.4625
0,GTFT(0.1),Tit For Tat,3000010000026,2.5375,2.6625,0.7625,0.7375,0.65
0,GTFT(0.1),Tit For Tat,3000010000028,2.5625,2.625,0.6375,0.625,0.3
0,GTFT(0.1),Tit For Tat,3000010000030,2.7125,2.7125,0.7875,0.7875,0.65
0,GTFT(0.1),Tit For Tat,3000010000032,2.2625,2.45,0.55,0.5125,0.2375
0,GTFT(0.1),Tit For Tat,3000010000034,2.4625,2.65,0.6125,0.575,0.225
0,GTFT(0.1),Tit For Tat,3000010000036,2.3625,2.3625,0.5375,0.5375,0.25
0,GTFT(0.1),Tit For Tat,3000010000038,2.7875,2.85,0.825,0.8125,0.6375
0,GTFT(0.1),Always Defect,3000010000200,0.975,1.6,0.1625,0.0375,0.0125
0,GTFT(0.1),Always Defect,3000010000202,1.0625,1.8125,0.225,0.075,0.0125
0,GTFT(0.1),Always Defect,3000010000204,1.0,1.5625,0.15,0.0375,0.0
0,GTFT(0.1),Always Defect,3000010000206,0.975,1.6625,0.175,0.0375,0.0
0,GTFT(0.1),Always Defect,3000010000208,0.9625,1.65,0.175,0.0375,0.0125
0,GTFT(0.1),Always Defect,3000010000210,0.95,1.5125,0.1375,0.025,0.0125
0,GTFT(0.1),Always Defect,3000010000212,1.0625,1.6875,0.1875,0.0625,0.0
0,GTFT(0.1),Always Defect,3000010000214,1.0,1.5625,0.15,0.0375,0.0
0,GTFT(0.1),Always Defect,3000010000216,1.05,1.8625,0.2375,0.075,0.0125
0,GTFT(0.1),Always Defect,3000010000218,0.9125,1.725,0.1875,0.025,0.0
0,GTFT(0.1),Always Defect,3000010000220,1.075,1.7625,0.225,0.0875,0.05
0,GTFT(0.1),Always Defect,3000010000222,1.0125,1.6375,0.175,0.05,0.0125
0,GTFT(0.1),Always Defect,3000010000224,1.2125,1.775,0.225,0.1125,0.0125
0,GTFT(0.1),Always Defect,3000010000226,1.0,1.75,0.2,0.05,0.0
0,GTFT(0.1),Always Defect,3000010000228,1.0375,1.7875,0.2125,0.0625,0.0
0,GTFT(0.1),Always Defect,3000010000230,0.95,1.8875,0.2375,0.05,0.0125
0,GTFT(0.1),Always Defect,3000010000232,0.875,1.625,0.1625,0.0125,0.0125
0,GTFT(0.1),Always Defect,3000010000234,1.0375,1.9125,0.25,0.075,0.0125
0,GTFT(0.1),Always Defect,3000010000236,0.9,1.775,0.2,0.025,0.0
0,GTFT(0.1),Always Defect,3000010000238,0.9875,1.7375,0.2,0.05,0.0125
0,GTFT(0.1),Grudger,3000010000400,1.325,1.95,0.325,0.2,0.15
0,GTFT(0.1),Grudger,3000010000402,1.45,1.7625,0.3,0.2375,0.2
0,GTFT(0.1),Grudger,3000010000404,1.0125,1.7,0.2,0.0625,0.0375
0,GTFT(0.1),Grudger,3000010000406,1.4375,1.9375,0.3375,0.2375,0.175
0,GTFT(0.1),Grudger,3000010000408,1.075,1.575,0.1625,0.0625,0.0125
0,GTFT(0.1),Grudger,3000010000410,1.375,2.125,0.4,0.25,0.225
0,GTFT(0.1),Grudger,3000010000412,1.2,1.3875,0.1375,0.1,0.0625
0,GTFT(0.1),Grudger,3000010000414,1.0375,1.725,0.2125,0.075,0.05
0,GTFT(0.1),Grudger,3000010000416,1.275,1.8375,0.2625,0.15,0.0625
0,GTFT(0.1),Grudger,3000010000418,1.075,1.7625,0.225,0.0875,0.05
0,GTFT(0.1),Grudger,3000010000420,2.0375,2.2875,0.55,0.5,0.4125
0,GTFT(0.1),Grudger,3000010000422,1.1,1.7875,0.225,0.0875,0.025
0,GTFT(0.1),Grudger,3000010000424,0.8625,1.7375,0.1875,0.0125,0.0
0,GTFT(0.1),Grudger,3000010000426,1.3125,2.0,0.3375,0.2,0.15
0,GTFT(0.1),Grudger,3000010000428,1.3125,2.0625,0.3625,0.2125,0.175
0,GTFT(0.1),Grudger,3000010000430,1.2875,1.9125,0.3125,0.1875,0.15
0,GTFT(0.1),Grudger,3000010000432,1.2875,2.225,0.3875,0.2,0.125
0,GTFT(0.1),Grudger,3000010000434,1.4375,1.9375,0.35,0.25,0.2125
0,GTFT(0.1),Grudger,3000010000436,1.05,1.8,0.225,0.075,0.025
0,GTFT(0.1),Grudger,3000010000438,1.325,1.8875,0.3,0.1875,0.125
0,GTFT(0.1),Joss (0.9),3000010000600,2.0625,2.4375,0.5125,0.4375,0.175
0,GTFT(0.1),Joss (0.9),3000010000602,2.725,2.975,0.875,0.825,0.7
0,GTFT(0.1),Joss (0.9),3000010000604,2.05,2.2375,0.475,0.4375,0.225
0,GTFT(0.1),Joss (0.9),3000010000606,2.1625,2.35,0.5375,0.5,0.3
0,GTFT(0.1),Joss (0.9),3000010000608,2.2125,2.4,0.525,0.4875,0.2125
0,GTFT(0.1),Joss (0.9),3000010000610,1.925,2.3,0.4875,0.4125,0.2375
0,GTFT(0.1),Joss (0.9),3000010000612,2.2125,2.4625,0.6125,0.5625,0.425
0,GTFT(0.1),Joss (0.9),3000010000614,2.5125,2.575,0.6625,0.65,0.425
0,GTFT(0.1),Joss (0.9),3000010000616,2.55,2.675,0.7,0.675,0.45
0,GTFT(0.1),Joss (0.9),3000010000618,2.325,2.575,0.6,0.55,0.275
0,GTFT(0.1),Joss (0.9),3000010000620,2.0625,2.5,0.55,0.4625,0.2375
0,GTFT(0.1),Joss (0.9),3000010000622,2.725,2.85,0.8,0.775,0.575
0,GTFT(0.1),Joss (0.9),3000010000624,2.075,2.45,0.575,0.5,0.35
0,GTFT(0.1),Joss (0.9),3000010000626,2.3875,2.6375,0.7,0.65,0.5125
0,GTFT(0.1),Joss (0.9),3000010000628,2.4,2.525,0.5875,0.5625,0.2625
0,GTFT(0.1),Joss (0.9),3000010000630,1.9875,2.175,0.4625,0.425,0.25
0,GTFT(0.1),Joss (0.9),3000010000632,2.1125,2.425,0.55,0.4875,0.2875
0,GTFT(0.1),Joss (0.9),3000010000634,2.2625,2.5125,0.5625,0.5125,0.225
0,GTFT(0.1),Joss (0.9),3000010000636,2.35,2.725,0.625,0.55,0.225
0,GTFT(0.1),Joss (0.9),3000010000638,2.2,2.5125,0.625,0.5625,0.425
0,GTFT(0.1),Random (0.5),3000010000800,2.2125,2.15,0.4625,0.475,0.225
0,GTFT(0.1),Random (0.5),3000010000802,2.0,2.6875,0.575,0.4375,0.175
0,GTFT(0.1),Random (0.5),3000010000804,2.025,2.65,0.6,0.475,0.275
0,GTFT(0.1),Random (0.5),3000010000806,2.0,2.25,0.4375,0.3875,0.1125
0,GTFT(0.1),Random (0.5),3000010000808,2.2125,2.4,0.5625,0.525,0.325
0,GTFT(0.1),Random (0.5),3000010000810,2.1375,2.2625,0.4875,0.4625,0.225
0,GTFT(0.1),Random (0.5),3000010000812,2.1,2.6625,0.6,0.4875,0.25
0,GTFT(0.1),Random (0.5),3000010000814,2.3375,2.3375,0.55,0.55,0.3125
0,GTFT(0.1),Random (0.5),3000010000816,2.075,2.5125,0.575,0.4875,0.3
0,GTFT(0.1),Random (0.5),3000010000818,2.1375,2.3875,0.5625,0.5125,0.35
0,GTFT(0.1),Random (0.5),3000010000820,2.05,2.2375,0.475,0.4375,0.225
0,GTFT(0.1),Random (0.5),3000010000822,2.125,2.1875,0.475,0.4625,0.25
0,GTFT(0.1),Random (0.5),3000010000824,2.1625,2.35,0.5125,0.475,0.225
0,GTFT(0.1),Random (0.5),3000010000826,2.375,2.4375,0.575,0.5625,0.3
0,GTFT(0.1),Random (0.5),3000010000828,2.25,2.5625,0.625,0.5625,0.375
0,GTFT(0.1),Random (0.5),3000010000830,2.15,2.4,0.5375,0.4875,0.2625
0,GTFT(0.1),Random (0.5),3000010000832,2.325,2.3875,0.5375,0.525,0.2375
0,GTFT(0.1),Random (0.5),3000010000834,1.8125,2.125,0.4,0.3375,0.1375
0,GTFT(0.1),Random (0.5),3000010000836,2.2,2.2625,0.5125,0.5,0.2875
0,GTFT(0.1),Random (0.5),3000010000838,2.025,2.5875,0.6,0.4875,0.325
0,GTFT(0.1),Tester,3000010001000,0.9875,1.8,0.225,0.0625,0.0375
0,GTFT(0.1),Tester,3000010001002,1.075,1.3875,0.1125,0.05,0.0125
0,GTFT(0.1),Tester,3000010001004,0.9375,1.875,0.2375,0.05,0.025
0,GTFT(0.1),Tester,3000010001006,0.9875,1.8,0.225,0.0625,0.0375
0,GTFT(0.1),Tester,3000010001008,1.025,1.775,0.225,0.075,0.05
0,GTFT(0.1),Tester,3000010001010,1.125,1.75,0.2125,0.0875,0.0125
0,GTFT(0.1),Tester,3000010001012,0.9875,1.8625,0.2375,0.0625,0.025
0,GTFT(0.1),Tester,3000010001014,0.925,1.6125,0.1625,0.025,0.0125
0,GTFT(0.1),Tester,3000010001016,1.1,1.7875,0.225,0.0875,0.025
0,GTFT(0.1),Tester,3000010001018,0.925,1.9875,0.2625,0.05,0.0125
0,GTFT(0.1),Tester,3000010001020,1.0875,1.8375,0.2375,0.0875,0.025
0,GTFT(0.1),Tester,3000010001022,1.2125,1.775,0.2375,0.125,0.05
0,GTFT(0.1),Tester,3000010001024,1.2125,1.7125,0.2125,0.1125,0.025
0,GTFT(0.1),Tester,3000010001026,2.6125,2.7375,0.7,0.675,0.3875
0,GTFT(0.1),Tester,3000010001028,2.4875,2.55,0.7,0.6875,0.5625
0,GTFT(0.1),Tester,3000010001030,0.9,1.9,0.2375,0.0375,0.0125
0,GTFT(0.1),Tester,3000010001032,0.875,1.9375,0.25,0.0375,0.025
0,GTFT(0.1),Tester,3000010001034,0.95,1.7,0.1875,0.0375,0.0125
0,GTFT(0.1),Tester,3000010001036,0.95,1.8875,0.2375,0.05,0.0125
0,GTFT(0.1),Tester,3000010001038,1.125,1.875,0.2625,0.1125,0.0625
0,GTFT(0.1),Pavlov (Win-Stay Lose-Shift),3000010001200,2.3,2.3625,0.575,0.5625,0.375
0,GTFT(0.1),Pavlov (Win-Stay Lose-Shift),3000010001202,2.5625,2.625,0.7375,0.725,0.6
0,GTFT(0.1),Pavlov (Win-Stay Lose-Shift),3000010001204,2.35,2.4125,0.6,0.5875,0.4
0,GTFT(0.1),Pavlov (Win-Stay Lose-Shift),3000010001206,2.325,2.5125,0.625,0.5875,0.4
0,GTFT(0.1),Pavlov (Win-Stay Lose-Shift),3000010001208,2.6375,2.8875,0.8625,0.8125,0.75
0,GTFT(0.1),Pavlov (Win-Stay Lose-Shift),3000010001210,2.1,2.2875,0.475,0.4375,0.175
0,GTFT(0.1),Pavlov (Win-Stay Lose-Shift),3000010001212,2.2125,2.2125,0.4625,0.4625,0.175
0,GTFT(0.1),Pavlov (Win-Stay Lose-Shift),3000010001214,2.1125,2.2375,0.45,0.425,0.1375
0,GTFT(0.1),Pavlov (Win-Stay Lose-Shift),3000010001216,2.475,2.6,0.7,0.675,0.525
0,GTFT(0.1),Pavlov (Win-Stay Lose-Shift),3000010001218,2.2,2.2,0.475,0.475,0.225
0,GTFT(0.1),Pavlov (Win-Stay Lose-Shift),3000010001220,2.4375,2.625,0.7,0.6625,0.5125
0,GTFT(0.1),Pavlov (Win-Stay Lose-Shift),3000010001222,2.625,2.6875,0.7625,0.75,0.6125
0,GTFT(0.1),Pavlov (Win-Stay Lose-Shift),3000010001224,2.6875,2.625,0.7625,0.775,0.65
0,GTFT(0.1),Pavlov (Win-Stay Lose-Shift),3000010001226,2.7625,2.7625,0.8375,0.8375,0.75
0,GTFT(0.1),Pavlov (Win-Stay Lose-Shift),3000010001228,2.025,2.15,0.4,0.375,0.075
0,GTFT(0.1),Pavlov (Win-Stay Lose-Shift),3000010001230,2.4,2.4,0.6,0.6,0.4
0,GTFT(0.1),Pavlov (Win-Stay Lose-Shift),3000010001232,2.325,2.575,0.6375,0.5875,0.3875
0,GTFT(0.1),Pavlov (Win-Stay Lose-Shift),3000010001234,2.3125,2.5,0.6125,0.575,0.375
0,GTFT(0.1),Pavlov (Win-Stay Lose-Shift),3000010001236,2.2375,2.6125,0.65,0.575,0.4125
0,GTFT(0.1),Pavlov (Win-Stay Lose-Shift),3000010001238,2.4875,2.4875,0.6625,0.6625,0.5
0,Pavlov,Tit For Tat,3000010000000,2.05,2.175,0.4375,0.4125,0.1625
0,Pavlov,Tit For Tat,3000010000002,2.0125,2.075,0.3625,0.35,0.025
0,Pavlov,Tit For Tat,3000010000004,2.325,2.2625,0.525,0.5375,0.3
0,Pavlov,Tit For Tat,3000010000006,2.3125,2.375,0.575,0.5625,0.3625
0,Pavlov,Tit For Tat,3000010000008,2.4125,2.2875,0.55,0.575,0.3375
0,Pavlov,Tit For Tat,3000010000010,2.1125,2.175,0.425,0.4125,0.1125
0,Pavlov,Tit For Tat,3000010000012,2.625,2.6875,0.775,0.7625,0.65
0,Pavlov,Tit For Tat,3000010000014,2.8125,2.75,0.85,0.8625,0.7875
0,Pavlov,Tit For Tat,3000010000016,2.275,2.0875,0.425,0.4625,0.15
0,Pavlov,Tit For Tat,3000010000018,2.4125,2.225,0.5125,0.55,0.275
0,Pavlov,Tit For Tat,3000010000020,2.3875,2.325,0.575,0.5875,0.3875
0,Pavlov,Tit For Tat,3000010000022,2.2375,2.05,0.4,0.4375,0.1125
0,Pavlov,Tit For Tat,3000010000024,2.1875,2.25,0.475,0.4625,0.1875
0,Pavlov,Tit For Tat,3000010000026,2.775,2.7125,0.825,0.8375,0.75
0,Pavlov,Tit For Tat,3000010000028,2.6625,2.725,0.8,0.7875,0.6875
0,Pavlov,Tit For Tat,3000010000030,2.3625,2.3,0.55,0.5625,0.3375
0,Pavlov,Tit For Tat,3000010000032,2.5,2.4375,0.65,0.6625,0.5
0,Pavlov,Tit For Tat,3000010000034,1.9625,2.15,0.3875,0.35,0.05
0,Pavlov,Tit For Tat,3000010000036,2.3625,2.175,0.5,0.5375,0.2875
0,Pavlov,Tit For Tat,3000010000038,2.5875,2.65,0.75,0.7375,0.6125
0,Pavlov,Always Defect,3000010000200,0.6375,2.95,0.5,0.0375,0.0125
0,Pavlov,Always Defect,3000010000202,0.775,2.8375,0.4875,0.075,0.0375
0,Pavlov,Always Defect,3000010000204,0.6375,2.95,0.5,0.0375,0.0125
0,Pavlov,Always Defect,3000010000206,0.5875,3.025,0.525,0.0375,0.0375
0,Pavlov,Always Defect,3000010000208,0.6,3.0375,0.525,0.0375,0.025
0,Pavlov,Always Defect,3000010000210,0.6,2.975,0.5,0.025,0.0
0,Pavlov,Always Defect,3000010000212,0.7375,2.925,0.5,0.0625,0.0125
0,Pavlov,Always Defect,3000010000214,0.5875,3.025,0.525,0.0375,0.0375
0,Pavlov,Always Defect,3000010000216,0.725,3.0375,0.5375,0.075,0.0375
0,Pavlov,Always Defect,3000010000218,0.5625,3.0625,0.525,0.025,0.0125
0,Pavlov,Always Defect,3000010000220,0.8625,2.8,0.475,0.0875,0.0125
0,Pavlov,Always Defect,3000010000222,0.7,2.825,0.475,0.05,0.025
0,Pavlov,Always Defect,3000010000224,0.95,2.7,0.4625,0.1125,0.0375
0,Pavlov,Always Defect,3000010000226,0.65,3.025,0.525,0.05,0.025
0,Pavlov,Always Defect,3000010000228,0.6875,3.0,0.525,0.0625,0.0375
0,Pavlov,Always Defect,3000010000230,0.625,3.0625,0.5375,0.05,0.0375
0,Pavlov,Always Defect,3000010000232,0.525,3.025,0.5125,0.0125,0.0125
0,Pavlov,Always Defect,3000010000234,0.8125,2.8125,0.475,0.075,0.0125
0,Pavlov,Always Defect,3000010000236,0.5625,3.0,0.5125,0.025,0.025
0,Pavlov,Always Defect,3000010000238,0.6625,2.975,0.5125,0.05,0.025
0,Pavlov,Grudger,3000010000400,1.0625,2.875,0.5625,0.2,0.175
0,Pavlov,Grudger,3000010000402,1.1875,2.875,0.575,0.2375,0.1875
0,Pavlov,Grudger,3000010000404,0.7,2.95,0.5125,0.0625,0.0375
0,Pavlov,Grudger,3000010000406,1.1375,2.95,0.6,0.2375,0.2125
0,Pavlov,Grudger,3000010000408,0.7375,2.8625,0.4875,0.0625,0.025
0,Pavlov,Grudger,3000010000410,1.225,2.85,0.575,0.25,0.2
0,Pavlov,Grudger,3000010000412,0.775,2.9625,0.5375,0.1,0.0875
0,Pavlov,Grudger,3000010000414,0.7,3.0125,0.5375,0.075,0.0625
0,Pavlov,Grudger,3000010000416,0.9625,2.9,0.5375,0.15,0.1
0,Pavlov,Grudger,3000010000418,0.8125,2.8125,0.4875,0.0875,0.05
0,Pavlov,Grudger,3000010000420,1.8625,2.8,0.6875,0.5,0.45
0,Pavlov,Grudger,3000010000422,0.7875,2.9125,0.5125,0.0875,0.05
0,Pavlov,Grudger,3000010000424,0.575,2.8875,0.475,0.0125,0.0
0,Pavlov,Grudger,3000010000426,1.025,2.9625,0.5875,0.2,0.1875
0,Pavlov,Grudger,3000010000428,1.0875,2.9625,0.5875,0.2125,0.175
0,Pavlov,Grudger,3000010000430,1.0625,2.875,0.55,0.1875,0.1375
0,Pavlov,Grudger,3000010000432,1.05,2.9875,0.5875,0.2,0.1625
0,Pavlov,Grudger,3000010000434,1.0,2.9375,0.575,0.1875,0.175
0,Pavlov,Grudger,3000010000436,0.8,2.8,0.475,0.075,0.025
0,Pavlov,Grudger,3000010000438,1.025,2.9,0.5625,0.1875,0.1625
0,Pavlov,Joss (0.9),3000010000600,2.0,2.25,0.4375,0.3875,0.1125
0,Pavlov,Joss (0.9),3000010000602,2.0875,2.15,0.4125,0.4,0.1
0,Pavlov,Joss (0.9),3000010000604,2.025,2.275,0.475,0.425,0.2
0,Pavlov,Joss (0.9),3000010000606,2.1375,2.2,0.4625,0.45,0.2
0,Pavlov,Joss (0.9),3000010000608,2.1875,2.375,0.5375,0.5,0.275
0,Pavlov,Joss (0.9),3000010000610,2.1875,2.3125,0.5125,0.4875,0.25
0,Pavlov,Joss (0.9),3000010000612,1.95,2.0125,0.3375,0.325,0.0125
0,Pavlov,Joss (0.9),3000010000614,2.15,2.275,0.4875,0.4625,0.2125
0,Pavlov,Joss (0.9),3000010000616,2.0625,2.25,0.4625,0.425,0.175
0,Pavlov,Joss (0.9),3000010000618,2.0125,2.325,0.4875,0.425,0.2
0,Pavlov,Joss (0.9),3000010000620,1.825,2.325,0.45,0.35,0.125
0,Pavlov,Joss (0.9),3000010000622,2.05,2.175,0.425,0.4,0.125
0,Pavlov,Joss (0.9),3000010000624,2.025,2.275,0.475,0.425,0.2
0,Pavlov,Joss (0.9),3000010000626,1.9375,2.0625,0.3625,0.3375,0.05
0,Pavlov,Joss (0.9),3000010000628,2.2,2.2,0.4625,0.4625,0.1875
0,Pavlov,Joss (0.9),3000010000630,1.975,2.1625,0.4,0.3625,0.075
0,Pavlov,Joss (0.9),3000010000632,2.0375,2.35,0.5,0.4375,0.2125
0,Pavlov,Joss (0.9),3000010000634,2.3,2.3,0.525,0.525,0.275
0,Pavlov,Joss (0.9),3000010000636,2.05,2.05,0.375,0.375,0.075
0,Pavlov,Joss (0.9),3000010000638,2.225,2.6,0.65,0.575,0.425
0,Pavlov,Random (0.5),3000010000800,2.3,2.05,0.425,0.475,0.175
0,Pavlov,Random (0.5),3000010000802,1.9375,2.4375,0.5375,0.4375,0.275
0,Pavlov,Random (0.5),3000010000804,2.325,2.0125,0.4125,0.475,0.1625
0,Pavlov,Random (0.5),3000010000806,1.85,2.475,0.5125,0.3875,0.1875
0,Pavlov,Random (0.5),3000010000808,2.35,2.1625,0.4875,0.525,0.2625
0,Pavlov,Random (0.5),3000010000810,2.0,2.5625,0.575,0.4625,0.275
0,Pavlov,Random (0.5),3000010000812,2.15,2.3375,0.525,0.4875,0.275
0,Pavlov,Random (0.5),3000010000814,2.3875,2.2,0.5125,0.55,0.3
0,Pavlov,Random (0.5),3000010000816,2.3625,2.05,0.425,0.4875,0.1625
0,Pavlov,Random (0.5),3000010000818,2.4375,2.0625,0.4375,0.5125,0.175
0,Pavlov,Random (0.5),3000010000820,2.1875,2.0625,0.4125,0.4375,0.15
0,Pavlov,Random (0.5),3000010000822,2.15,2.2125,0.475,0.4625,0.225
0,Pavlov,Random (0.5),3000010000824,2.025,2.4625,0.5625,0.475,0.3125
0,Pavlov,Random (0.5),3000010000826,2.5,2.125,0.4875,0.5625,0.2625
0,Pavlov,Random (0.5),3000010000828,2.4125,2.2875,0.5375,0.5625,0.3
0,Pavlov,Random (0.5),3000010000830,2.2625,2.2,0.475,0.4875,0.2125
0,Pavlov,Random (0.5),3000010000832,2.375,2.1875,0.4875,0.525,0.2375
0,Pavlov,Random (0.5),3000010000834,1.7125,2.4625,0.4875,0.3375,0.15
0,Pavlov,Random (0.5),3000010000836,2.2375,2.3,0.5125,0.5,0.25
0,Pavlov,Random (0.5),3000010000838,2.0875,2.4625,0.5625,0.4875,0.3
0,Pavlov,Tester,3000010001000,0.7625,2.825,0.475,0.0625,0.0125
0,Pavlov,Tester,3000010001002,0.6125,3.05,0.5375,0.05,0.05
0,Pavlov,Tester,3000010001004,0.725,2.7875,0.4625,0.05,0.0125
0,Pavlov,Tester,3000010001006,0.675,2.9875,0.525,0.0625,0.05
0,Pavlov,Tester,3000010001008,0.75,2.875,0.5,0.075,0.05
0,Pavlov,Tester,3000010001010,0.7875,2.9125,0.5125,0.0875,0.05
0,Pavlov,Tester,3000010001012,0.725,2.85,0.4875,0.0625,0.0375
0,Pavlov,Tester,3000010001014,0.5625,3.0,0.5125,0.025,0.025
0,Pavlov,Tester,3000010001016,0.775,2.9,0.5125,0.0875,0.0625
0,Pavlov,Tester,3000010001018,2.1625,2.1625,0.4375,0.4375,0.15
0,Pavlov,Tester,3000010001020,0.825,2.825,0.4875,0.0875,0.0375
0,Pavlov,Tester,3000010001022,0.925,2.8,0.5,0.125,0.075
0,Pavlov,Tester,3000010001024,0.95,2.7625,0.475,0.1125,0.025
0,Pavlov,Tester,3000010001026,2.1875,2.375,0.5375,0.5,0.275
0,Pavlov,Tester,3000010001028,2.125,1.875,0.3125,0.3625,0.0125
0,Pavlov,Tester,3000010001030,0.625,2.9375,0.5,0.0375,0.025
0,Pavlov,Tester,3000010001032,0.625,2.9375,0.5,0.0375,0.025
0,Pavlov,Tester,3000010001034,0.6375,2.95,0.5,0.0375,0.0125
0,Pavlov,Tester,3000010001036,2.3875,2.3875,0.5875,0.5875,0.375
0,Pavlov,Tester,3000010001038,0.825,2.95,0.5375,0.1125,0.0875
0,Pavlov,Pavlov (Win-Stay Lose-Shift),3000010001200,2.625,2.875,0.875,0.825,0.8
0,Pavlov,Pavlov (Win-Stay Lose-Shift),3000010001202,2.8375,2.775,0.875,0.8875,0.8375
0,Pavlov,Pavlov (Win-Stay Lose-Shift),3000010001204,3.0125,2.6375,0.85,0.925,0.8375
0,Pavlov,Pavlov (Win-Stay Lose-Shift),3000010001206,2.75,2.75,0.85,0.85,0.8
0,Pavlov,Pavlov (Win-Stay Lose-Shift),3000010001208,2.8125,2.875,0.9125,0.9,0.875
0,Pavlov,Pavlov (Win-Stay Lose-Shift),3000010001210,2.6875,2.75,0.8375,0.825,0.775
0,Pavlov,Pavlov (Win-Stay Lose-Shift),3000010001212,2.5875,2.525,0.725,0.7375,0.6375
0,Pavlov,Pavlov (Win-Stay Lose-Shift),3000010001214,2.9,2.775,0.8875,0.9125,0.8625
0,Pavlov,Pavlov (Win-Stay Lose-Shift),3000010001216,2.9375,2.875,0.9375,0.95,0.925
0,Pavlov,Pavlov (Win-Stay Lose-Shift),3000010001218,2.9,2.775,0.8875,0.9125,0.8625
0,Pavlov,Pavlov (Win-Stay Lose-Shift),3000010001220,2.9125,2.7875,0.9,0.925,0.8875
0,Pavlov,Pavlov (Win-Stay Lose-Shift),3000010001222,2.65,2.775,0.8375,0.8125,0.7625
0,Pavlov,Pavlov (Win-Stay Lose-Shift),3000010001224,2.8375,2.8375,0.9,0.9,0.8625
0,Pavlov,Pavlov (Win-Stay Lose-Shift),3000010001226,2.9375,2.8125,0.9125,0.9375,0.9
0,Pavlov,Pavlov (Win-Stay Lose-Shift),3000010001228,2.9375,2.5625,0.8125,0.8875,0.8
0,Pavlov,Pavlov (Win-Stay Lose-Shift),3000010001230,2.775,2.8375,0.8875,0.875,0.8375
0,Pavlov,Pavlov (Win-Stay Lose-Shift),3000010001232,2.8,2.8,0.875,0.875,0.825
0,Pavlov,Pavlov (Win-Stay Lose-Shift),3000010001234,2.575,2.7,0.7875,0.7625,0.6875
0,Pavlov,Pavlov (Win-Stay Lose-Shift),3000010001236,2.625,2.8125,0.85,0.8125,0.775
0,Pavlov,Pavlov (Win-Stay Lose-Shift),3000010001238,2.8375,2.65,0.825,0.8625,0.7875
0,ALLD,Tit For Tat,3000010000000,1.6625,1.2875,0.125,0.2,0.0125
0,ALLD,Tit For Tat,3000010000002,1.3625,1.05,0.0375,0.1,0.0
0,ALLD,Tit For Tat,3000010000004,1.3125,1.0,0.025,0.0875,0.0125
0,ALLD,Tit For Tat,3000010000006,1.3375,1.15,0.0625,0.1,0.0
0,ALLD,Tit For Tat,3000010000008,1.3,1.05,0.0375,0.0875,0.0125
0,ALLD,Tit For Tat,3000010000010,1.3625,1.05,0.0375,0.1,0.0
0,ALLD,Tit For Tat,3000010000012,1.2375,0.9875,0.0125,0.0625,0.0
0,ALLD,Tit For Tat,3000010000014,1.2875,1.1625,0.0625,0.0875,0.0
0,ALLD,Tit For Tat,3000010000016,1.3625,1.05,0.0375,0.1,0.0
0,ALLD,Tit For Tat,3000010000018,1.425,1.1125,0.0625,0.125,0.0125
0,ALLD,Tit For Tat,3000010000020,1.3375,1.15,0.0625,0.1,0.0
0,ALLD,Tit For Tat,3000010000022,1.3875,1.075,0.05,0.1125,0.0125
0,ALLD,Tit For Tat,3000010000024,1.4,1.0875,0.05,0.1125,0.0
0,ALLD,Tit For Tat,3000010000026,1.2875,0.975,0.0125,0.075,0.0
0,ALLD,Tit For Tat,3000010000028,1.2875,0.975,0.0125,0.075,0.0
0,ALLD,Tit For Tat,3000010000030,1.1875,1.0,0.0125,0.05,0.0
0,ALLD,Tit For Tat,3000010000032,1.2875,1.1625,0.0625,0.0875,0.0
0,ALLD,Tit For Tat,3000010000034,1.3125,1.0625,0.0375,0.0875,0.0
0,ALLD,Tit For Tat,3000010000036,1.3625,1.05,0.0375,0.1,0.0
0,ALLD,Tit For Tat,3000010000038,1.2,0.95,0.0,0.05,0.0
0,ALLD,Always Defect,3000010000200,1.1125,1.05,0.025,0.0375,0.0125
0,ALLD,Always Defect,3000010000202,1.275,1.025,0.025,0.075,0.0
0,ALLD,Always Defect,3000010000204,1.0875,1.2125,0.0625,0.0375,0.0
0,ALLD,Always Defect,3000010000206,1.1125,1.1125,0.0375,0.0375,0.0
0,ALLD,Always Defect,3000010000208,1.0875,1.15,0.05,0.0375,0.0125
0,ALLD,Always Defect,3000010000210,1.0125,1.2625,0.075,0.025,0.0125
0,ALLD,Always Defect,3000010000212,1.2125,1.0875,0.0375,0.0625,0.0
0,ALLD,Always Defect,3000010000214,1.125,1.0625,0.025,0.0375,0.0
0,ALLD,Always Defect,3000010000216,1.2,1.2625,0.0875,0.075,0.0125
0,ALLD,Always Defect,3000010000218,0.95,1.575,0.15,0.025,0.0
0,ALLD,Always Defect,3000010000220,1.3375,0.9625,0.0125,0.0875,0.0
0,ALLD,Always Defect,3000010000222,1.15,1.15,0.05,0.05,0.0
0,ALLD,Always Defect,3000010000224,1.4125,1.0375,0.0375,0.1125,0.0
0,ALLD,Always Defect,3000010000226,1.15,1.15,0.05,0.05,0.0
0,ALLD,Always Defect,3000010000228,1.2,1.1375,0.05,0.0625,0.0
0,ALLD,Always Defect,3000010000230,1.1,1.2875,0.0875,0.05,0.0125
0,ALLD,Always Defect,3000010000232,1.025,1.0875,0.025,0.0125,0.0
0,ALLD,Always Defect,3000010000234,1.275,1.025,0.025,0.075,0.0
0,ALLD,Always Defect,3000010000236,0.9875,1.425,0.1125,0.025,0.0
0,ALLD,Always Defect,3000010000238,1.125,1.25,0.075,0.05,0.0
0,ALLD,Grudger,3000010000400,1.3,1.05,0.0375,0.0875,0.0125
0,ALLD,Grudger,3000010000402,1.2125,1.0875,0.0375,0.0625,0.0
0,ALLD,Grudger,3000010000404,1.125,1.0625,0.025,0.0375,0.0
0,ALLD,Grudger,3000010000406,1.275,1.025,0.025,0.075,0.0
0,ALLD,Grudger,3000010000408,1.15,1.15,0.05,0.05,0.0
0,ALLD,Grudger,3000010000410,1.4125,1.0375,0.0375,0.1125,0.0
0,ALLD,Grudger,3000010000412,1.1875,1.0,0.0125,0.05,0.0
0,ALLD,Grudger,3000010000414,1.125,1.0625,0.025,0.0375,0.0
0,ALLD,Grudger,3000010000416,1.4625,1.025,0.0375,0.125,0.0
0,ALLD,Grudger,3000010000418,1.1,1.1625,0.05,0.0375,0.0
0,ALLD,Grudger,3000010000420,1.4125,1.0375,0.0375,0.1125,0.0
0,ALLD,Grudger,3000010000422,1.4,1.0875,0.0625,0.125,0.0375
0,ALLD,Grudger,3000010000424,1.0375,1.1625,0.05,0.025,0.0125
0,ALLD,Grudger,3000010000426,1.1375,1.2,0.0625,0.05,0.0
0,ALLD,Grudger,3000010000428,1.1125,1.3,0.0875,0.05,0.0
0,ALLD,Grudger,3000010000430,1.1625,1.2875,0.0875,0.0625,0.0
0,ALLD,Grudger,3000010000432,1.3125,1.375,0.125,0.1125,0.0125
0,ALLD,Grudger,3000010000434,1.225,1.0375,0.025,0.0625,0.0
0,ALLD,Grudger,3000010000436,1.1875,1.1875,0.0625,0.0625,0.0
0,ALLD,Grudger,3000010000438,1.275,1.025,0.025,0.075,0.0
0,ALLD,Joss (0.9),3000010000600,1.2125,1.025,0.025,0.0625,0.0125
0,ALLD,Joss (0.9),3000010000602,1.2375,0.9875,0.0125,0.0625,0.0
0,ALLD,Joss (0.9),3000010000604,1.325,1.0125,0.025,0.0875,0.0
0,ALLD,Joss (0.9),3000010000606,1.375,1.0,0.025,0.1,0.0
0,ALLD,Joss (0.9),3000010000608,1.3625,1.05,0.0375,0.1,0.0
0,ALLD,Joss (0.9),3000010000610,1.3875,0.95,0.0125,0.1,0.0
0,ALLD,Joss (0.9),3000010000612,1.325,1.1375,0.0625,0.1,0.0125
0,ALLD,Joss (0.9),3000010000614,1.3875,1.1375,0.0625,0.1125,0.0
0,ALLD,Joss (0.9),3000010000616,1.325,1.0125,0.025,0.0875,0.0
0,ALLD,Joss (0.9),3000010000618,1.275,1.025,0.025,0.075,0.0
0,ALLD,Joss (0.9),3000010000620,1.2625,1.0125,0.025,0.075,0.0125
0,ALLD,Joss (0.9),3000010000622,1.2375,0.9875,0.0125,0.0625,0.0
0,ALLD,Joss (0.9),3000010000624,1.4875,1.05,0.05,0.1375,0.0125
0,ALLD,Joss (0.9),3000010000626,1.2125,1.0875,0.0375,0.0625,0.0
0,ALLD,Joss (0.9),3000010000628,1.325,1.1375,0.0625,0.1,0.0125
0,ALLD,Joss (0.9),3000010000630,1.3375,1.275,0.1,0.1125,0.0125
0,ALLD,Joss (0.9),3000010000632,1.375,1.0,0.025,0.1,0.0
0,ALLD,Joss (0.9),3000010000634,1.3625,0.9875,0.025,0.1,0.0125
0,ALLD,Joss (0.9),3000010000636,1.2375,1.1125,0.05,0.075,0.0125
0,ALLD,Joss (0.9),3000010000638,1.3125,1.0625,0.0375,0.0875,0.0
0,ALLD,Random (0.5),3000010000800,2.8375,0.65,0.0375,0.475,0.025
0,ALLD,Random (0.5),3000010000802,2.65,0.9,0.0875,0.4375,0.0125
0,ALLD,Random (0.5),3000010000804,2.8125,0.75,0.0625,0.475,0.025
0,ALLD,Random (0.5),3000010000806,2.4375,0.9375,0.0875,0.3875,0.025
0,ALLD,Random (0.5),3000010000808,3.0125,0.7625,0.075,0.525,0.0125
0,ALLD,Random (0.5),3000010000810,2.7875,0.725,0.05,0.4625,0.0125
0,ALLD,Random (0.5),3000010000812,2.925,0.55,0.0125,0.4875,0.0125
0,ALLD,Random (0.5),3000010000814,3.1375,0.575,0.0375,0.55,0.025
0,ALLD,Random (0.5),3000010000816,2.8375,0.8375,0.0875,0.4875,0.025
0,ALLD,Random (0.5),3000010000818,2.9375,0.75,0.075,0.5125,0.0375
0,ALLD,Random (0.5),3000010000820,2.6625,0.7875,0.0625,0.4375,0.025
0,ALLD,Random (0.5),3000010000822,2.775,0.8375,0.075,0.4625,0.0
0,ALLD,Random (0.5),3000010000824,2.8,0.7375,0.0625,0.475,0.0375
0,ALLD,Random (0.5),3000010000826,3.075,0.825,0.1125,0.5625,0.0625
0,ALLD,Random (0.5),3000010000828,3.2,0.575,0.0375,0.5625,0.0125
0,ALLD,Random (0.5),3000010000830,2.875,0.6875,0.05,0.4875,0.025
0,ALLD,Random (0.5),3000010000832,2.9875,0.675,0.0625,0.525,0.05
0,ALLD,Random (0.5),3000010000834,2.25,0.9375,0.075,0.3375,0.025
0,ALLD,Random (0.5),3000010000836,2.9375,0.6875,0.05,0.5,0.0125
0,ALLD,Random (0.5),3000010000838,2.8125,0.8125,0.0875,0.4875,0.05
0,ALLD,Tester,3000010001000,1.4125,1.0375,0.0375,0.1125,0.0
0,ALLD,Tester,3000010001002,1.2875,0.975,0.0125,0.075,0.0
0,ALLD,Tester,3000010001004,1.4625,1.15,0.075,0.1375,0.0125
0,ALLD,Tester,3000010001006,1.3625,0.9875,0.025,0.1,0.0125
0,ALLD,Tester,3000010001008,1.4,1.0875,0.05,0.1125,0.0
0,ALLD,Tester,3000010001010,1.475,0.975,0.025,0.125,0.0
0,ALLD,Tester,3000010001012,1.4125,1.1625,0.075,0.125,0.0125
0,ALLD,Tester,3000010001014,1.3375,1.15,0.0625,0.1,0.0
0,ALLD,Tester,3000010001016,1.55,1.175,0.0875,0.1625,0.0125
0,ALLD,Tester,3000010001018,1.3,1.05,0.0375,0.0875,0.0125
0,ALLD,Tester,3000010001020,1.5,1.0,0.0375,0.1375,0.0125
0,ALLD,Tester,3000010001022,1.7,1.0125,0.05,0.1875,0.0
0,ALLD,Tester,3000010001024,1.55,1.05,0.05,0.15,0.0
0,ALLD,Tester,3000010001026,1.2625,1.075,0.0375,0.075,0.0
0,ALLD,Tester,3000010001028,1.2,1.1375,0.05,0.0625,0.0
0,ALLD,Tester,3000010001030,1.275,1.15,0.0625,0.0875,0.0125
0,ALLD,Tester,3000010001032,1.4125,1.1625,0.075,0.125,0.0125
0,ALLD,Tester,3000010001034,1.3,1.1125,0.05,0.0875,0.0
0,ALLD,Tester,3000010001036,1.4375,1.1875,0.0875,0.1375,0.025
0,ALLD,Tester,3000010001038,1.675,1.05,0.0625,0.1875,0.0125
0,ALLD,Pavlov (Win-Stay Lose-Shift),3000010001200,2.925,0.6125,0.025,0.4875,0.0
0,ALLD,Pavlov (Win-Stay Lose-Shift),3000010001202,2.9875,0.675,0.0625,0.525,0.05
0,ALLD,Pavlov (Win-Stay Lose-Shift),3000010001204,2.9125,0.6625,0.05,0.5,0.0375
0,ALLD,Pavlov (Win-Stay Lose-Shift),3000010001206,3.0125,0.6375,0.05,0.525,0.0375
0,ALLD,Pavlov (Win-Stay Lose-Shift),3000010001208,3.05,0.55,0.025,0.525,0.025
0,ALLD,Pavlov (Win-Stay Lose-Shift),3000010001210,2.9,0.7125,0.05,0.4875,0.0
0,ALLD,Pavlov (Win-Stay Lose-Shift),3000010001212,3.025,0.775,0.1,0.55,0.075
0,ALLD,Pavlov (Win-Stay Lose-Shift),3000010001214,2.9125,0.725,0.0625,0.5,0.025
0,ALLD,Pavlov (Win-Stay Lose-Shift),3000010001216,3.05,0.55,0.025,0.525,0.025
0,ALLD,Pavlov (Win-Stay Lose-Shift),3000010001218,3.0375,0.6,0.0375,0.525,0.025
0,ALLD,Pavlov (Win-Stay Lose-Shift),3000010001220,3.05,0.6125,0.05,0.5375,0.05
0,ALLD,Pavlov (Win-Stay Lose-Shift),3000010001222,2.9875,0.6125,0.0375,0.5125,0.025
0,ALLD,Pavlov (Win-Stay Lose-Shift),3000010001224,2.8375,0.7125,0.05,0.475,0.0125
0,ALLD,Pavlov (Win-Stay Lose-Shift),3000010001226,2.9875,0.6125,0.0375,0.5125,0.025
0,ALLD,Pavlov (Win-Stay Lose-Shift),3000010001228,2.9,0.775,0.0875,0.5125,0.0625
0,ALLD,Pavlov (Win-Stay Lose-Shift),3000010001230,2.9,0.65,0.0375,0.4875,0.0125
0,ALLD,Pavlov (Win-Stay Lose-Shift),3000010001232,3.075,0.575,0.025,0.525,0.0
0,ALLD,Pavlov (Win-Stay Lose-Shift),3000010001234,2.875,0.625,0.0375,0.4875,0.0375
0,ALLD,Pavlov (Win-Stay Lose-Shift),3000010001236,2.95,0.6375,0.0375,0.5,0.0125
0,ALLD,Pavlov (Win-Stay Lose-Shift),3000010001238,2.9125,0.7875,0.0875,0.5125,0.05
1,TFT,Tit For Tat,3000110000000,2.5,2.5625,0.6125,0.6,0.2875
1,TFT,Tit For Tat,3000110000002,2.2625,2.3875,0.55,0.525,0.2875
1,TFT,Tit For Tat,3000110000004,2.4,2.4625,0.525,0.5125,0.125
1,TFT,Tit For Tat,3000110000006,2.4375,2.25,0.5,0.5375,0.2125
1,TFT,Tit For Tat,3000110000008,2.2875,2.0375,0.375,0.425,0.0375
1,TFT,Tit For Tat,3000110000010,2.3,2.425,0.5625,0.5375,0.2875
1,TFT,Tit For Tat,3000110000012,2.2125,2.15,0.4375,0.45,0.15
1,TFT,Tit For Tat,3000110000014,1.975,2.0375,0.425,0.4125,0.25
1,TFT,Tit For Tat,3000110000016,2.3625,2.3,0.45,0.4625,0.0375
1,TFT,Tit For Tat,3000110000018,2.2875,2.4125,0.525,0.5,0.1875
1,TFT,Tit For Tat,3000110000020,2.0375,2.0375,0.4,0.4,0.1625
1,TFT,Tit For Tat,3000110000022,2.5125,2.5125,0.6125,0.6125,0.325
1,TFT,Tit For Tat,3000110000024,2.0625,2.0625,0.475,0.475,0.3625
1,TFT,Tit For Tat,3000110000026,2.475,2.5375,0.6375,0.625,0.3875
1,TFT,Tit For Tat,3000110000028,1.9375,1.9375,0.3625,0.3625,0.15
1,TFT,Tit For Tat,3000110000030,2.4625,2.3375,0.5125,0.5375,0.175
1,TFT,Tit For Tat,3000110000032,2.575,2.6375,0.7,0.6875,0.475
1,TFT,Tit For Tat,3000110000034,2.175,2.175,0.5125,0.5125,0.3625
1,TFT,Tit For Tat,3000110000036,2.3125,2.375,0.5625,0.55,0.325
1,TFT,Tit For Tat,3000110000038,2.375,2.1875,0.45,0.4875,0.125
1,TFT,Always Defect,3000110000200,1.0375,1.225,0.0625,0.025,0.0
1,TFT,Always Defect,3000110000202,1.1,1.6625,0.1875,0.075,0.0125
1,TFT,Always Defect,3000110000204,1.175,1.425,0.1375,0.0875,0.0375
1,TFT,Always Defect,3000110000206,1.1625,1.475,0.1375,0.075,0.0
1,TFT,Always Defect,3000110000208,1.025,1.4625,0.125,0.0375,0.0
1,TFT,Always Defect,3000110000210,1.2375,1.4875,0.15,0.1,0.0125
1,TFT,Always Defect,3000110000212,1.1375,1.5125,0.15,0.075,0.0125
1,TFT,Always Defect,3000110000214,1.15,1.525,0.15,0.075,0.0
1,TFT,Always Defect,3000110000216,1.15,1.3375,0.1,0.0625,0.0
1,TFT,Always Defect,3000110000218,1.0625,1.4375,0.125,0.05,0.0125
1,TFT,Always Defect,3000110000220,1.15,1.525,0.15,0.075,0.0
1,TFT,Always Defect,3000110000222,1.0,1.1875,0.05,0.0125,0.0
1,TFT,Always Defect,3000110000224,1.1375,1.2,0.0625,0.05,0.0
1,TFT,Always Defect,3000110000226,1.075,1.45,0.125,0.05,0.0
1,TFT,Always Defect,3000110000228,1.0125,1.1375,0.0375,0.0125,0.0
1,TFT,Always Defect,3000110000230,0.975,1.4125,0.1125,0.025,0.0125
1,TFT,Always Defect,3000110000232,1.1625,1.4125,0.125,0.075,0.0125
1,TFT,Always Defect,3000110000234,1.0375,1.4125,0.1125,0.0375,0.0
1,TFT,Always Defect,3000110000236,1.1125,1.3,0.0875,0.05,0.0
1,TFT,Always Defect,3000110000238,1.225,1.4125,0.125,0.0875,0.0
1,TFT,Grudger,3000110000400,1.6375,1.7,0.3125,0.3,0.25
1,TFT,Grudger,3000110000402,1.1,1.2875,0.0875,0.05,0.0125
1,TFT,Grudger,3000110000404,1.0875,1.4625,0.15,0.075,0.0625
1,TFT,Grudger,3000110000406,1.3125,1.5,0.2,0.1625,0.1375
1,TFT,Grudger,3000110000408,1.3,1.3,0.125,0.125,0.075
1,TFT,Grudger,3000110000410,1.525,1.7125,0.2875,0.25,0.1875
1,TFT,Grudger,3000110000412,1.2625,1.45,0.15,0.1125,0.0375
1,TFT,Grudger,3000110000414,1.15,1.2125,0.075,0.0625,0.025
1,TFT,Grudger,3000110000416,1.15,1.65,0.2,0.1,0.05
1,TFT,Grudger,3000110000418,1.3375,1.525,0.2,0.1625,0.1125
1,TFT,Grudger,3000110000420,1.5125,1.8875,0.35,0.275,0.2375
1,TFT,Grudger,3000110000422,1.2625,1.575,0.2125,0.15,0.125
1,TFT,Grudger,3000110000424,1.6875,1.8125,0.3625,0.3375,0.3
1,TFT,Grudger,3000110000426,1.3625,1.6125,0.2125,0.1625,0.075
1,TFT,Grudger,3000110000428,1.4375,1.6875,0.275,0.225,0.1875
1,TFT,Grudger,3000110000430,1.075,1.2625,0.075,0.0375,0.0
1,TFT,Grudger,3000110000432,1.175,1.425,0.1375,0.0875,0.0375
1,TFT,Grudger,3000110000434,1.1,1.2875,0.0875,0.05,0.0125
1,TFT,Grudger,3000110000436,1.0875,1.4,0.1125,0.05,0.0
1,TFT,Grudger,3000110000438,1.25,1.4375,0.15,0.1125,0.05
1,TFT,Joss (0.9),3000110000600,1.9,2.15,0.4375,0.3875,0.2125
1,TFT,Joss (0.9),3000110000602,1.8,2.1125,0.4,0.3375,0.15
1,TFT,Joss (0.9),3000110000604,1.7125,1.9,0.3375,0.3,0.15
1,TFT,Joss (0.9),3000110000606,1.85,1.975,0.35,0.325,0.1
1,TFT,Joss (0.9),3000110000608,2.55,2.6125,0.725,0.7125,0.575
1,TFT,Joss (0.9),3000110000610,1.7875,1.6625,0.275,0.3,0.1375
1,TFT,Joss (0.9),3000110000612,2.3375,2.525,0.5625,0.525,0.2
1,TFT,Joss (0.9),3000110000614,1.7375,1.8,0.2875,0.275,0.075
1,TFT,Joss (0.9),3000110000616,2.0625,2.1875,0.5,0.475,0.3375
1,TFT,Joss (0.9),3000110000618,1.6875,1.625,0.2375,0.25,0.075
1,TFT,Joss (0.9),3000110000620,1.9125,1.85,0.3125,0.325,0.075
1,TFT,Joss (0.9),3000110000622,1.575,1.7625,0.25,0.2125,0.025
1,TFT,Joss (0.9),3000110000624,2.0375,2.1,0.4,0.3875,0.1125
1,TFT,Joss (0.9),3000110000626,1.7375,1.925,0.4,0.3625,0.3125
1,TFT,Joss (0.9),3000110000628,1.9875,2.175,0.4375,0.4,0.175
1,TFT,Joss (0.9),3000110000630,2.1,2.225,0.425,0.4,0.075
1,TFT,Joss (0.9),3000110000632,2.425,2.55,0.625,0.6,0.35
1,TFT,Joss (0.9),3000110000634,2.05,2.3,0.5125,0.4625,0.2875
1,TFT,Joss (0.9),3000110000636,2.525,2.775,0.75,0.7,0.525
1,TFT,Joss (0.9),3000110000638,1.625,1.75,0.2625,0.2375,0.0625
1,TFT,Random (0.5),3000110000800,2.325,2.2,0.5,0.525,0.275
1,TFT,Random (0.5),3000110000802,2.3125,2.25,0.525,0.5375,0.3125
1,TFT,Random (0.5),3000110000804,2.225,2.35,0.525,0.5,0.25
1,TFT,Random (0.5),3000110000806,2.2125,2.2125,0.4875,0.4875,0.25
1,TFT,Random (0.5),3000110000808,2.5125,2.45,0.6,0.6125,0.3375
1,TFT,Random (0.5),3000110000810,2.4,2.2125,0.5,0.5375,0.25
1,TFT,Random (0.5),3000110000812,2.375,2.0625,0.4625,0.525,0.2625
1,TFT,Random (0.5),3000110000814,2.1875,2.3125,0.525,0.5,0.2875
1,TFT,Random (0.5),3000110000816,2.35,2.1625,0.4875,0.525,0.2625
1,TFT,Random (0.5),3000110000818,2.2875,2.35,0.5375,0.525,0.275
1,TFT,Random (0.5),3000110000820,2.15,2.3375,0.5375,0.5,0.3125
1,TFT,Random (0.5),3000110000822,2.375,2.25,0.5125,0.5375,0.2625
1,TFT,Random (0.5),3000110000824,2.0,2.125,0.425,0.4,0.175
1,TFT,Random (0.5),3000110000826,2.3875,2.5125,0.625,0.6,0.3875
1,TFT,Random (0.5),3000110000828,2.25,2.5,0.575,0.525,0.275
1,TFT,Random (0.5),3000110000830,2.3,2.3,0.5,0.5,0.2
1,TFT,Random (0.5),3000110000832,2.15,1.9625,0.375,0.4125,0.125
1,TFT,Random (0.5),3000110000834,2.25,2.3125,0.55,0.5375,0.35
1,TFT,Random (0.5),3000110000836,2.2125,2.4,0.55,0.5125,0.2875
1,TFT,Random (0.5),3000110000838,2.1375,2.325,0.5,0.4625,0.2125
1,TFT,Tester,3000110001000,1.1875,1.125,0.05,0.0625,0.0125
1,TFT,Tester,3000110001002,1.025,1.4,0.1125,0.0375,0.0125
1,TFT,Tester,3000110001004,1.1,1.6625,0.1875,0.075,0.0125
1,TFT,Tester,3000110001006,1.2375,1.425,0.1375,0.1,0.025
1,TFT,Tester,3000110001008,1.2875,1.4125,0.1375,0.1125,0.025
1,TFT,Tester,3000110001010,1.05,1.3,0.0875,0.0375,0.0125
1,TFT,Tester,3000110001012,1.85,1.9125,0.35,0.3375,0.15
1,TFT,Tester,3000110001014,1.125,1.5,0.15,0.075,0.025
1,TFT,Tester,3000110001016,1.075,1.7625,0.2125,0.075,0.0125
1,TFT,Tester,3000110001018,0.9875,1.3625,0.1,0.025,0.0125
1,TFT,Tester,3000110001020,1.2125,1.525,0.1625,0.1,0.025
1,TFT,Tester,3000110001022,1.05,1.4875,0.1375,0.05,0.0125
1,TFT,Tester,3000110001024,1.1125,1.3625,0.1125,0.0625,0.025
1,TFT,Tester,3000110001026,0.9875,1.175,0.05,0.0125,0.0125
1,TFT,Tester,3000110001028,1.0125,1.075,0.025,0.0125,0.0125
1,TFT,Tester,3000110001030,2.3375,2.5875,0.6375,0.5875,0.375
1,TFT,Tester,3000110001032,1.1875,1.625,0.1875,0.1,0.025
1,TFT,Tester,3000110001034,1.0125,1.2625,0.075,0.025,0.0125
1,TFT,Tester,3000110001036,1.125,1.375,0.1125,0.0625,0.0125
1,TFT,Tester,3000110001038,1.1625,1.4125,0.125,0.075,0.0125
1,TFT,Pavlov (Win-Stay Lose-Shift),3000110001200,2.0,2.125,0.3875,0.3625,0.0625
1,TFT,Pavlov (Win-Stay Lose-Shift),3000110001202,2.45,2.3875,0.6,0.6125,0.4
1,TFT,Pavlov (Win-Stay Lose-Shift),3000110001204,2.125,2.1875,0.4375,0.425,0.1375
1,TFT,Pavlov (Win-Stay Lose-Shift),3000110001206,2.325,2.1375,0.4625,0.5,0.2125
1,TFT,Pavlov (Win-Stay Lose-Shift),3000110001208,2.225,2.35,0.525,0.5,0.25
1,TFT,Pavlov (Win-Stay Lose-Shift),3000110001210,1.975,2.1,0.3625,0.3375,0.0125
1,TFT,Pavlov (Win-Stay Lose-Shift),3000110001212,2.2,2.2625,0.4875,0.475,0.2125
1,TFT,Pavlov (Win-Stay Lose-Shift),3000110001214,2.4375,2.25,0.5375,0.575,0.325
1,TFT,Pavlov (Win-Stay Lose-Shift),3000110001216,2.4875,2.3,0.575,0.6125,0.3875
1,TFT,Pavlov (Win-Stay Lose-Shift),3000110001218,2.1,2.1625,0.4375,0.425,0.1625
1,TFT,Pavlov (Win-Stay Lose-Shift),3000110001220,2.3625,2.2375,0.5125,0.5375,0.275
1,TFT,Pavlov (Win-Stay Lose-Shift),3000110001222,2.3125,2.25,0.5125,0.525,0.275
1,TFT,Pavlov (Win-Stay Lose-Shift),3000110001224,2.0625,2.125,0.4,0.3875,0.0875
1,TFT,Pavlov (Win-Stay Lose-Shift),3000110001226,2.3375,2.2125,0.5125,0.5375,0.3
1,TFT,Pavlov (Win-Stay Lose-Shift),3000110001228,2.2,2.2625,0.4875,0.475,0.2125
1,TFT,Pavlov (Win-Stay Lose-Shift),3000110001230,2.4,2.275,0.55,0.575,0.35
1,TFT,Pavlov (Win-Stay Lose-Shift),3000110001232,2.0875,2.2125,0.4375,0.4125,0.125
1,TFT,Pavlov (Win-Stay Lose-Shift),3000110001234,2.2375,2.3,0.5125,0.5,0.25
1,TFT,Pavlov (Win-Stay Lose-Shift),3000110001236,2.0625,2.3125,0.4875,0.4375,0.2
1,TFT,Pavlov (Win-Stay Lose-Shift),3000110001238,2.4375,2.625,0.7125,0.675,0.55
1,GTFT(0.1),Tit For Tat,3000110000000,2.775,2.775,0.85,0.85,0.775
1,GTFT(0.1),Tit For Tat,3000110000002,2.1625,2.225,0.575,0.5625,0.5125
1,GTFT(0.1),Tit For Tat,3000110000004,2.45,2.575,0.65,0.625,0.4
1,GTFT(0.1),Tit For Tat,3000110000006,2.425,2.425,0.6,0.6,0.375
1,GTFT(0.1),Tit For Tat,3000110000008,2.6125,2.55,0.6375,0.65,0.35
1,GTFT(0.1),Tit For Tat,3000110000010,2.175,2.3,0.5125,0.4875,0.2625
1,GTFT(0.1),Tit For Tat,3000110000012,2.8625,2.675,0.7625,0.8,0.575
1,GTFT(0.1),Tit For Tat,3000110000014,2.75,2.625,0.7625,0.7875,0.6375
1,GTFT(0.1),Tit For Tat,3000110000016,2.5125,2.6375,0.7375,0.7125,0.6
1,GTFT(0.1),Tit For Tat,3000110000018,2.3,2.4875,0.5625,0.525,0.2375
1,GTFT(0.1),Tit For Tat,3000110000020,2.3625,2.425,0.5375,0.525,0.2
1,GTFT(0.1),Tit For Tat,3000110000022,2.525,2.7125,0.725,0.6875,0.5
1,GTFT(0.1),Tit For Tat,3000110000024,2.525,2.5875,0.6875,0.675,0.4875
1,GTFT(0.1),Tit For Tat,3000110000026,2.3625,2.55,0.65,0.6125,0.4375
1,GTFT(0.1),Tit For Tat,3000110000028,2.4,2.525,0.625,0.6,0.375
1,GTFT(0.1),Tit For Tat,3000110000030,2.6125,2.675,0.775,0.7625,0.6625
1,GTFT(0.1),Tit For Tat,3000110000032,2.575,2.6375,0.7,0.6875,0.475
1,GTFT(0.1),Tit For Tat,3000110000034,2.7625,2.95,0.875,0.8375,0.7125
1,GTFT(0.1),Tit For Tat,3000110000036,2.5625,2.625,0.7125,0.7,0.525
1,GTFT(0.1),Tit For Tat,3000110000038,2.7375,2.8625,0.8125,0.7875,0.6
1,GTFT(0.1),Always Defect,3000110000200,0.9875,1.425,0.1125,0.025,0.0
1,GTFT(0.1),Always Defect,3000110000202,0.9875,2.05,0.2875,0.075,0.025
1,GTFT(0.1),Always Defect,3000110000204,1.0375,1.9125,0.2625,0.0875,0.05
1,GTFT(0.1),Always Defect,3000110000206,1.1125,1.6125,0.175,0.075,0.0125
1,GTFT(0.1),Always Defect,3000110000208,0.9875,1.6125,0.1625,0.0375,0.0
1,GTFT(0.1),Always Defect,3000110000210,1.125,1.875,0.25,0.1,0.025
1,GTFT(0.1),Always Defect,3000110000212,0.9875,2.05,0.2875,0.075,0.025
1,GTFT(0.1),Always Defect,3000110000214,1.075,1.7625,0.2125,0.075,0.0125
1,GTFT(0.1),Always Defect,3000110000216,1.0,1.8125,0.225,0.0625,0.025
1,GTFT(0.1),Always Defect,3000110000218,1.025,1.65,0.175,0.05,0.0
1,GTFT(0.1),Always Defect,3000110000220,1.0875,1.775,0.2125,0.075,0.0
1,GTFT(0.1),Always Defect,3000110000222,0.8375,1.8375,0.2125,0.0125,0.0
1,GTFT(0.1),Always Defect,3000110000224,1.0875,1.4,0.1125,0.05,0.0
1,GTFT(0.1),Always Defect,3000110000226,1.0,1.75,0.2,0.05,0.0
1,GTFT(0.1),Always Defect,3000110000228,0.95,1.3875,0.1,0.0125,0.0
1,GTFT(0.1),Always Defect,3000110000230,0.925,1.6125,0.1625,0.025,0.0125
1,GTFT(0.1),Always Defect,3000110000232,1.0875,1.7125,0.2,0.075,0.0125
1,GTFT(0.1),Always Defect,3000110000234,0.9625,1.7125,0.1875,0.0375,0.0
1,GTFT(0.1),Always Defect,3000110000236,1.0,1.75,0.2,0.05,0.0
1,GTFT(0.1),Always Defect,3000110000238,1.125,1.75,0.2125,0.0875,0.0125
1,GTFT(0.1),Grudger,3000110000400,1.6125,1.8,0.3375,0.3,0.25
1,GTFT(0.1),Grudger,3000110000402,1.0,1.6875,0.1875,0.05,0.0125
1,GTFT(0.1),Grudger,3000110000404,1.0,1.8125,0.2375,0.075,0.0625
1,GTFT(0.1),Grudger,3000110000406,1.2125,1.9,0.3,0.1625,0.1375
1,GTFT(0.1),Grudger,3000110000408,1.15,1.775,0.25,0.125,0.1
1,GTFT(0.1),Grudger,3000110000410,1.4375,2.0625,0.375,0.25,0.1875
1,GTFT(0.1),Grudger,3000110000412,1.2125,1.65,0.2,0.1125,0.0375
1,GTFT(0.1),Grudger,3000110000414,1.075,1.45,0.1375,0.0625,0.0375
1,GTFT(0.1),Grudger,3000110000416,1.1,1.85,0.25,0.1,0.05
1,GTFT(0.1),Grudger,3000110000418,1.25,1.8125,0.275,0.1625,0.125
1,GTFT(0.1),Grudger,3000110000420,1.425,2.175,0.425,0.275,0.25
1,GTFT(0.1),Grudger,3000110000422,1.225,1.6625,0.2375,0.15,0.1375
1,GTFT(0.1),Grudger,3000110000424,1.5625,2.25,0.475,0.3375,0.3125
1,GTFT(0.1),Grudger,3000110000426,1.225,2.1625,0.35,0.1625,0.075
1,GTFT(0.1),Grudger,3000110000428,1.4,1.9,0.325,0.225,0.175
1,GTFT(0.1),Grudger,3000110000430,1.025,1.4625,0.125,0.0375,0.0
1,GTFT(0.1),Grudger,3000110000432,1.1,1.725,0.2125,0.0875,0.0375
1,GTFT(0.1),Grudger,3000110000434,0.975,1.7875,0.2125,0.05,0.0125
1,GTFT(0.1),Grudger,3000110000436,1.0125,1.7,0.1875,0.05,0.0
1,GTFT(0.1),Grudger,3000110000438,1.1875,1.6875,0.2125,0.1125,0.05
1,GTFT(0.1),Joss (0.9),3000110000600,1.925,2.6125,0.5625,0.425,0.2125
1,GTFT(0.1),Joss (0.9),3000110000602,2.1125,2.3,0.5,0.4625,0.2375
1,GTFT(0.1),Joss (0.9),3000110000604,2.25,2.5,0.575,0.525,0.275
1,GTFT(0.1),Joss (0.9),3000110000606,2.575,2.825,0.7875,0.7375,0.5875
1,GTFT(0.1),Joss (0.9),3000110000608,2.2875,2.5375,0.5875,0.5375,0.275
1,GTFT(0.1),Joss (0.9),3000110000610,2.3375,2.525,0.6125,0.575,0.35
1,GTFT(0.1),Joss (0.9),3000110000612,2.1875,2.5625,0.6,0.525,0.3125
1,GTFT(0.1),Joss (0.9),3000110000614,2.05,2.6125,0.625,0.5125,0.375
1,GTFT(0.1),Joss (0.9),3000110000616,2.3625,2.4875,0.625,0.6,0.4125
1,GTFT(0.1),Joss (0.9),3000110000618,2.4625,2.7125,0.675,0.625,0.3625
1,GTFT(0.1),Joss (0.9),3000110000620,2.3625,2.4875,0.55,0.525,0.1875
1,GTFT(0.1),Joss (0.9),3000110000622,2.225,2.5375,0.5875,0.525,0.2875
1,GTFT(0.1),Joss (0.9),3000110000624,2.025,2.2125,0.45,0.4125,0.175
1,GTFT(0.1),Joss (0.9),3000110000626,2.075,2.2625,0.55,0.5125,0.425
1,GTFT(0.1),Joss (0.9),3000110000628,1.9,2.275,0.425,0.35,0.075
1,GTFT(0.1),Joss (0.9),3000110000630,2.4,2.65,0.675,0.625,0.425
1,GTFT(0.1),Joss (0.9),3000110000632,2.425,2.55,0.625,0.6,0.35
1,GTFT(0.1),Joss (0.9),3000110000634,2.0625,2.4375,0.525,0.45,0.2125
1,GTFT(0.1),Joss (0.9),3000110000636,2.4125,2.725,0.7125,0.65,0.475
1,GTFT(0.1),Joss (0.9),3000110000638,2.55,2.7375,0.7375,0.7,0.5125
1,GTFT(0.1),Random (0.5),3000110000800,2.3,2.3,0.525,0.525,0.275
1,GTFT(0.1),Random (0.5),3000110000802,2.25,2.4375,0.575,0.5375,0.325
1,GTFT(0.1),Random (0.5),3000110000804,2.125,2.625,0.6,0.5,0.275
1,GTFT(0.1),Random (0.5),3000110000806,2.15,2.3375,0.525,0.4875,0.275
1,GTFT(0.1),Random (0.5),3000110000808,2.3875,2.6375,0.6625,0.6125,0.4
1,GTFT(0.1),Random (0.5),3000110000810,2.25,2.5,0.5875,0.5375,0.3125
1,GTFT(0.1),Random (0.5),3000110000812,2.2375,2.4875,0.575,0.525,0.2875
1,GTFT(0.1),Random (0.5),3000110000814,2.15,2.3375,0.5375,0.5,0.3125
1,GTFT(0.1),Random (0.5),3000110000816,2.325,2.2625,0.5125,0.525,0.2625
1,GTFT(0.1),Random (0.5),3000110000818,2.2625,2.45,0.5625,0.525,0.275
1,GTFT(0.1),Random (0.5),3000110000820,2.0375,2.6,0.6125,0.5,0.35
1,GTFT(0.1),Random (0.5),3000110000822,2.2625,2.5125,0.5875,0.5375,0.3
1,GTFT(0.1),Random (0.5),3000110000824,1.925,2.3625,0.4875,0.4,0.1875
1,GTFT(0.1),Random (0.5),3000110000826,2.325,2.7,0.675,0.6,0.4
1,GTFT(0.1),Random (0.5),3000110000828,2.175,2.675,0.625,0.525,0.3
1,GTFT(0.1),Random (0.5),3000110000830,2.25,2.375,0.525,0.5,0.225
1,GTFT(0.1),Random (0.5),3000110000832,2.0875,2.15,0.425,0.4125,0.1375
1,GTFT(0.1),Random (0.5),3000110000834,2.1875,2.4375,0.5875,0.5375,0.375
1,GTFT(0.1),Random (0.5),3000110000836,2.15,2.525,0.5875,0.5125,0.3125
1,GTFT(0.1),Random (0.5),3000110000838,2.0625,2.4375,0.5375,0.4625,0.25
1,GTFT(0.1),Tester,3000110001000,1.125,1.375,0.1125,0.0625,0.0125
1,GTFT(0.1),Tester,3000110001002,0.8875,1.95,0.25,0.0375,0.0125
1,GTFT(0.1),Tester,3000110001004,0.975,2.1,0.3,0.075,0.025
1,GTFT(0.1),Tester,3000110001006,1.1,1.7875,0.2375,0.1,0.0625
1,GTFT(0.1),Tester,3000110001008,1.2375,1.6125,0.1875,0.1125,0.025
1,GTFT(0.1),Tester,3000110001010,0.95,1.7,0.1875,0.0375,0.0125
1,GTFT(0.1),Tester,3000110001012,1.8,2.05,0.4,0.35,0.2
1,GTFT(0.1),Tester,3000110001014,1.0875,1.7125,0.2,0.075,0.0125
1,GTFT(0.1),Tester,3000110001016,0.975,2.1625,0.3125,0.075,0.0125
1,GTFT(0.1),Tester,3000110001018,0.8875,1.7625,0.2,0.025,0.0125
1,GTFT(0.1),Tester,3000110001020,1.1375,1.825,0.2375,0.1,0.025
1,GTFT(0.1),Tester,3000110001022,1.025,1.5875,0.1625,0.05,0.0125
1,GTFT(0.1),Tester,3000110001024,0.9875,1.8,0.225,0.0625,0.0375
1,GTFT(0.1),Tester,3000110001026,0.8875,1.575,0.15,0.0125,0.0125
1,GTFT(0.1),Tester,3000110001028,0.95,1.325,0.0875,0.0125,0.0125
1,GTFT(0.1),Tester,3000110001030,2.1375,2.5125,0.6,0.525,0.3625
1,GTFT(0.1),Tester,3000110001032,1.05,2.1125,0.3125,0.1,0.0375
1,GTFT(0.1),Tester,3000110001034,0.95,1.5125,0.1375,0.025,0.0125
1,GTFT(0.1),Tester,3000110001036,1.025,1.775,0.2125,0.0625,0.0125
1,GTFT(0.1),Tester,3000110001038,1.075,1.7625,0.2125,0.075,0.0125
1,GTFT(0.1),Pavlov (Win-Stay Lose-Shift),3000110001200,2.2375,2.3,0.525,0.5125,0.2875
1,GTFT(0.1),Pavlov (Win-Stay Lose-Shift),3000110001202,2.45,2.3875,0.6,0.6125,0.4
1,GTFT(0.1),Pavlov (Win-Stay Lose-Shift),3000110001204,2.3875,2.6375,0.6875,0.6375,0.475
1,GTFT(0.1),Pavlov (Win-Stay Lose-Shift),3000110001206,2.2875,2.2875,0.525,0.525,0.2875
1,GTFT(0.1),Pavlov (Win-Stay Lose-Shift),3000110001208,2.175,2.3625,0.525,0.4875,0.25
1,GTFT(0.1),Pavlov (Win-Stay Lose-Shift),3000110001210,2.35,2.475,0.6125,0.5875,0.3875
1,GTFT(0.1),Pavlov (Win-Stay Lose-Shift),3000110001212,2.25,2.625,0.6625,0.5875,0.4375
1,GTFT(0.1),Pavlov (Win-Stay Lose-Shift),3000110001214,2.4375,2.25,0.5375,0.575,0.325
1,GTFT(0.1),Pavlov (Win-Stay Lose-Shift),3000110001216,2.4875,2.425,0.625,0.6375,0.4375
1,GTFT(0.1),Pavlov (Win-Stay Lose-Shift),3000110001218,2.1375,2.2,0.4625,0.45,0.2
1,GTFT(0.1),Pavlov (Win-Stay Lose-Shift),3000110001220,2.2,2.5125,0.6,0.5375,0.35
1,GTFT(0.1),Pavlov (Win-Stay Lose-Shift),3000110001222,2.2875,2.6,0.65,0.5875,0.4125
1,GTFT(0.1),Pavlov (Win-Stay Lose-Shift),3000110001224,2.25,2.5,0.6125,0.5625,0.3875
1,GTFT(0.1),Pavlov (Win-Stay Lose-Shift),3000110001226,2.4,2.525,0.6625,0.6375,0.4875
1,GTFT(0.1),Pavlov (Win-Stay Lose-Shift),3000110001228,2.3,2.4875,0.6125,0.575,0.3875
1,GTFT(0.1),Pavlov (Win-Stay Lose-Shift),3000110001230,2.4125,2.475,0.6375,0.625,0.45
1,GTFT(0.1),Pavlov (Win-Stay Lose-Shift),3000110001232,2.0875,2.2125,0.4375,0.4125,0.125
1,GTFT(0.1),Pavlov (Win-Stay Lose-Shift),3000110001234,2.3125,2.4375,0.6,0.575,0.3875
1,GTFT(0.1),Pavlov (Win-Stay Lose-Shift),3000110001236,2.2,2.5125,0.6125,0.55,0.3875
1,GTFT(0.1),Pavlov (Win-Stay Lose-Shift),3000110001238,2.45,2.575,0.6875,0.6625,0.5125
1,Pavlov,Tit For Tat,3000110000000,2.3625,2.2375,0.5125,0.5375,0.275
1,Pavlov,Tit For Tat,3000110000002,2.5,2.5,0.6625,0.6625,0.4875
1,Pavlov,Tit For Tat,3000110000004,2.0375,1.975,0.3375,0.35,0.025
1,Pavlov,Tit For Tat,3000110000006,2.175,2.2375,0.4625,0.45,0.1625
1,Pavlov,Tit For Tat,3000110000008,2.0875,2.0875,0.3875,0.3875,0.075
1,Pavlov,Tit For Tat,3000110000010,2.3875,2.3875,0.575,0.575,0.3375
1,Pavlov,Tit For Tat,3000110000012,2.5,2.3125,0.5875,0.625,0.4125
1,Pavlov,Tit For Tat,3000110000014,2.4,2.4,0.5875,0.5875,0.3625
1,Pavlov,Tit For Tat,3000110000016,2.1375,2.0125,0.375,0.4,0.0875
1,Pavlov,Tit For Tat,3000110000018,2.325,2.3875,0.575,0.5625,0.35
1,Pavlov,Tit For Tat,3000110000020,2.25,2.1875,0.475,0.4875,0.225
1,Pavlov,Tit For Tat,3000110000022,2.175,2.2375,0.475,0.4625,0.2
1,Pavlov,Tit For Tat,3000110000024,2.7625,2.6375,0.7875,0.8125,0.7
1,Pavlov,Tit For Tat,3000110000026,2.325,2.325,0.55,0.55,0.325
1,Pavlov,Tit For Tat,3000110000028,2.3375,2.4625,0.6125,0.5875,0.4
1,Pavlov,Tit For Tat,3000110000030,2.2,2.075,0.425,0.45,0.175
1,Pavlov,Tit For Tat,3000110000032,2.175,2.175,0.4375,0.4375,0.1375
1,Pavlov,Tit For Tat,3000110000034,2.2875,2.2875,0.5125,0.5125,0.25
1,Pavlov,Tit For Tat,3000110000036,2.375,2.1875,0.5,0.5375,0.275
1,Pavlov,Tit For Tat,3000110000038,2.275,2.2125,0.4875,0.5,0.2375
1,Pavlov,Always Defect,3000110000200,0.625,2.875,0.475,0.025,0.0
1,Pavlov,Always Defect,3000110000202,0.775,2.9,0.5,0.075,0.025
1,Pavlov,Always Defect,3000110000204,0.8,2.8625,0.5,0.0875,0.05
1,Pavlov,Always Defect,3000110000206,0.725,2.975,0.525,0.075,0.05
1,Pavlov,Always Defect,3000110000208,0.625,2.9375,0.5,0.0375,0.025
1,Pavlov,Always Defect,3000110000210,0.8,2.9875,0.5375,0.1,0.0625
1,Pavlov,Always Defect,3000110000212,0.7125,2.9625,0.525,0.075,0.0625
1,Pavlov,Always Defect,3000110000214,0.75,2.9375,0.5125,0.075,0.0375
1,Pavlov,Always Defect,3000110000216,0.7125,2.9625,0.5125,0.0625,0.025
1,Pavlov,Always Defect,3000110000218,0.65,2.9625,0.5125,0.05,0.0375
1,Pavlov,Always Defect,3000110000220,0.7125,3.025,0.5375,0.075,0.05
1,Pavlov,Always Defect,3000110000222,0.5625,2.9375,0.4875,0.0125,0.0
1,Pavlov,Always Defect,3000110000224,0.6875,2.875,0.4875,0.05,0.025
1,Pavlov,Always Defect,3000110000226,0.675,2.925,0.5,0.05,0.025
1,Pavlov,Always Defect,3000110000228,0.5375,2.975,0.5,0.0125,0.0125
1,Pavlov,Always Defect,3000110000230,0.5875,3.025,0.5125,0.025,0.0
1,Pavlov,Always Defect,3000110000232,0.775,2.8375,0.4875,0.075,0.0375
1,Pavlov,Always Defect,3000110000234,0.6125,2.9875,0.5125,0.0375,0.025
1,Pavlov,Always Defect,3000110000236,0.7125,2.9,0.4875,0.05,0.0
1,Pavlov,Always Defect,3000110000238,0.8,2.8625,0.5,0.0875,0.05
1,Pavlov,Grudger,3000110000400,1.3375,2.8375,0.6,0.3,0.2625
1,Pavlov,Grudger,3000110000402,0.7125,2.8375,0.475,0.05,0.0125
1,Pavlov,Grudger,3000110000404,0.7625,2.8875,0.5,0.075,0.0375
1,Pavlov,Grudger,3000110000406,0.925,2.9875,0.575,0.1625,0.15
1,Pavlov,Grudger,3000110000408,0.8625,2.925,0.5375,0.125,0.1
1,Pavlov,Grudger,3000110000410,1.2125,2.8375,0.575,0.25,0.2125
1,Pavlov,Grudger,3000110000412,0.85,2.9125,0.525,0.1125,0.075
1,Pavlov,Grudger,3000110000414,0.725,2.85,0.4875,0.0625,0.0375
1,Pavlov,Grudger,3000110000416,0.8625,2.8,0.4875,0.1,0.05
1,Pavlov,Grudger,3000110000418,1.025,2.775,0.5125,0.1625,0.1125
1,Pavlov,Grudger,3000110000420,1.225,2.9125,0.6125,0.275,0.2625
1,Pavlov,Grudger,3000110000422,0.9,2.9625,0.5625,0.15,0.1375
1,Pavlov,Grudger,3000110000424,1.3875,2.8875,0.6375,0.3375,0.325
1,Pavlov,Grudger,3000110000426,1.0375,2.7875,0.5125,0.1625,0.1
1,Pavlov,Grudger,3000110000428,1.1625,2.85,0.5625,0.225,0.175
1,Pavlov,Grudger,3000110000430,0.65,2.9625,0.5,0.0375,0.0
1,Pavlov,Grudger,3000110000432,0.75,2.9375,0.525,0.0875,0.075
1,Pavlov,Grudger,3000110000434,0.6875,2.875,0.4875,0.05,0.025
1,Pavlov,Grudger,3000110000436,0.6875,2.9375,0.5,0.05,0.0125
1,Pavlov,Grudger,3000110000438,0.8875,2.825,0.5,0.1125,0.0625
1,Pavlov,Joss (0.9),3000110000600,2.15,2.275,0.5,0.475,0.25
1,Pavlov,Joss (0.9),3000110000602,1.9875,2.1125,0.3875,0.3625,0.075
1,Pavlov,Joss (0.9),3000110000604,2.1875,2.3125,0.5125,0.4875,0.25
1,Pavlov,Joss (0.9),3000110000606,2.125,2.0625,0.4,0.4125,0.125
1,Pavlov,Joss (0.9),3000110000608,2.3,2.3625,0.5625,0.55,0.3375
1,Pavlov,Joss (0.9),3000110000610,2.1625,2.35,0.525,0.4875,0.2625
1,Pavlov,Joss (0.9),3000110000612,1.9625,2.275,0.45,0.3875,0.1375
1,Pavlov,Joss (0.9),3000110000614,1.8625,2.2375,0.4125,0.3375,0.075
1,Pavlov,Joss (0.9),3000110000616,2.05,2.1125,0.3875,0.375,0.0625
1,Pavlov,Joss (0.9),3000110000618,1.7375,2.2375,0.3875,0.2875,0.025
1,Pavlov,Joss (0.9),3000110000620,2.1375,2.3875,0.525,0.475,0.2375
1,Pavlov,Joss (0.9),3000110000622,2.1875,2.3125,0.5125,0.4875,0.25
1,Pavlov,Joss (0.9),3000110000624,2.1375,2.2625,0.475,0.45,0.1875
1,Pavlov,Joss (0.9),3000110000626,2.225,2.475,0.6,0.55,0.375
1,Pavlov,Joss (0.9),3000110000628,1.9875,2.175,0.4,0.3625,0.0625
1,Pavlov,Joss (0.9),3000110000630,2.0,2.25,0.4375,0.3875,0.1125
1,Pavlov,Joss (0.9),3000110000632,2.1,2.2875,0.4875,0.45,0.2125
1,Pavlov,Joss (0.9),3000110000634,2.075,2.325,0.5,0.45,0.225
1,Pavlov,Joss (0.9),3000110000636,2.4,2.4625,0.6375,0.625,0.4625
1,Pavlov,Joss (0.9),3000110000638,2.125,2.3125,0.5,0.4625,0.225
1,Pavlov,Random (0.5),3000110000800,2.35,2.225,0.5,0.525,0.25
1,Pavlov,Random (0.5),3000110000802,2.4625,2.025,0.45,0.5375,0.2375
1,Pavlov,Random (0.5),3000110000804,2.2,2.325,0.525,0.5,0.275
1,Pavlov,Random (0.5),3000110000806,2.3,2.1125,0.45,0.4875,0.2
1,Pavlov,Random (0.5),3000110000808,2.425,2.425,0.6125,0.6125,0.4125
1,Pavlov,Random (0.5),3000110000810,2.3,2.3,0.5375,0.5375,0.3125
1,Pavlov,Random (0.5),3000110000812,2.3375,2.275,0.5125,0.525,0.25
1,Pavlov,Random (0.5),3000110000814,2.375,2.0625,0.4375,0.5,0.1875
1,Pavlov,Random (0.5),3000110000816,2.325,2.2625,0.5125,0.525,0.2625
1,Pavlov,Random (0.5),3000110000818,2.35,2.225,0.5,0.525,0.25
1,Pavlov,Random (0.5),3000110000820,2.3875,2.0125,0.425,0.5,0.1875
1,Pavlov,Random (0.5),3000110000822,2.325,2.2625,0.525,0.5375,0.3
1,Pavlov,Random (0.5),3000110000824,1.7625,2.575,0.5625,0.4,0.275
1,Pavlov,Random (0.5),3000110000826,2.675,1.9875,0.4625,0.6,0.2625
1,Pavlov,Random (0.5),3000110000828,2.2625,2.3875,0.55,0.525,0.2875
1,Pavlov,Random (0.5),3000110000830,2.175,2.425,0.55,0.5,0.275
1,Pavlov,Random (0.5),3000110000832,2.025,2.275,0.4625,0.4125,0.1625
1,Pavlov,Random (0.5),3000110000834,2.6,1.85,0.3875,0.5375,0.1625
1,Pavlov,Random (0.5),3000110000836,2.175,2.425,0.5625,0.5125,0.3125
1,Pavlov,Random (0.5),3000110000838,2.0125,2.3875,0.5375,0.4625,0.3
1,Pavlov,Tester,3000110001000,0.6625,2.975,0.525,0.0625,0.0625
1,Pavlov,Tester,3000110001002,0.6125,3.05,0.525,0.0375,0.0125
1,Pavlov,Tester,3000110001004,0.7375,2.9875,0.525,0.075,0.0375
1,Pavlov,Tester,3000110001006,0.8625,2.8625,0.5,0.1,0.0375
1,Pavlov,Tester,3000110001008,0.8375,2.9,0.525,0.1125,0.0875
1,Pavlov,Tester,3000110001010,0.5875,3.025,0.525,0.0375,0.0375
1,Pavlov,Tester,3000110001012,2.0625,2.25,0.4625,0.425,0.175
1,Pavlov,Tester,3000110001014,0.7375,2.925,0.5125,0.075,0.05
1,Pavlov,Tester,3000110001016,0.7625,2.8875,0.5,0.075,0.0375
1,Pavlov,Tester,3000110001018,0.55,3.05,0.525,0.025,0.025
1,Pavlov,Tester,3000110001020,0.875,2.8125,0.4875,0.1,0.0375
1,Pavlov,Tester,3000110001022,0.6625,2.975,0.5125,0.05,0.025
1,Pavlov,Tester,3000110001024,0.7125,2.9,0.5,0.0625,0.0375
1,Pavlov,Tester,3000110001026,0.5375,2.975,0.5,0.0125,0.0125
1,Pavlov,Tester,3000110001028,0.525,3.025,0.5125,0.0125,0.0125
1,Pavlov,Tester,3000110001030,2.5,2.5625,0.6875,0.675,0.5125
1,Pavlov,Tester,3000110001032,0.8125,2.9375,0.525,0.1,0.0625
1,Pavlov,Tester,3000110001034,0.6,2.9125,0.4875,0.025,0.0125
1,Pavlov,Tester,3000110001036,0.7125,2.9,0.5,0.0625,0.0375
1,Pavlov,Tester,3000110001038,0.7875,2.85,0.4875,0.075,0.025
1,Pavlov,Pavlov (Win-Stay Lose-Shift),3000110001200,2.8125,2.8125,0.8875,0.8875,0.85
1,Pavlov,Pavlov (Win-Stay Lose-Shift),3000110001202,2.8375,2.65,0.825,0.8625,0.7875
1,Pavlov,Pavlov (Win-Stay Lose-Shift),3000110001204,2.8625,2.7375,0.8625,0.8875,0.825
1,Pavlov,Pavlov (Win-Stay Lose-Shift),3000110001206,2.8375,2.775,0.875,0.8875,0.8375
1,Pavlov,Pavlov (Win-Stay Lose-Shift),3000110001208,2.8125,2.9375,0.9375,0.9125,0.9
1,Pavlov,Pavlov (Win-Stay Lose-Shift),3000110001210,2.7125,2.7125,0.825,0.825,0.7625
1,Pavlov,Pavlov (Win-Stay Lose-Shift),3000110001212,2.8125,2.6875,0.8375,0.8625,0.8
1,Pavlov,Pavlov (Win-Stay Lose-Shift),3000110001214,2.725,2.7875,0.8625,0.85,0.8125
1,Pavlov,Pavlov (Win-Stay Lose-Shift),3000110001216,2.65,2.775,0.8375,0.8125,0.7625
1,Pavlov,Pavlov (Win-Stay Lose-Shift),3000110001218,2.5625,2.75,0.8125,0.775,0.725
1,Pavlov,Pavlov (Win-Stay Lose-Shift),3000110001220,2.8375,2.775,0.875,0.8875,0.8375
1,Pavlov,Pavlov (Win-Stay Lose-Shift),3000110001222,3.0,2.75,0.9,0.95,0.9
1,Pavlov,Pavlov (Win-Stay Lose-Shift),3000110001224,2.8625,2.6125,0.8125,0.8625,0.775
1,Pavlov,Pavlov (Win-Stay Lose-Shift),3000110001226,2.8125,2.8125,0.8875,0.8875,0.85
1,Pavlov,Pavlov (Win-Stay Lose-Shift),3000110001228,2.9625,2.775,0.9,0.9375,0.8875
1,Pavlov,Pavlov (Win-Stay Lose-Shift),3000110001230,2.5625,2.75,0.8125,0.775,0.725
1,Pavlov,Pavlov (Win-Stay Lose-Shift),3000110001232,2.775,2.525,0.7625,0.8125,0.7125
1,Pavlov,Pavlov (Win-Stay Lose-Shift),3000110001234,2.75,2.75,0.85,0.85,0.8
1,Pavlov,Pavlov (Win-Stay Lose-Shift),3000110001236,2.725,2.6625,0.8125,0.825,0.7625
1,Pavlov,Pavlov (Win-Stay Lose-Shift),3000110001238,2.775,2.65,0.8125,0.8375,0.7625
1,ALLD,Tit For Tat,3000110000000,1.4375,0.9375,0.0125,0.1125,0.0
1,ALLD,Tit For Tat,3000110000002,1.3875,1.2,0.0875,0.125,0.025
1,ALLD,Tit For Tat,3000110000004,1.2,1.1375,0.05,0.0625,0.0
1,ALLD,Tit For Tat,3000110000006,1.2625,1.2,0.075,0.0875,0.0125
1,ALLD,Tit For Tat,3000110000008,1.3375,1.0875,0.05,0.1,0.0125
1,ALLD,Tit For Tat,3000110000010,1.4375,1.125,0.0625,0.125,0.0
1,ALLD,Tit For Tat,3000110000012,1.225,1.225,0.075,0.075,0.0
1,ALLD,Tit For Tat,3000110000014,1.4625,1.3375,0.125,0.15,0.0125
1,ALLD,Tit For Tat,3000110000016,1.3625,1.175,0.075,0.1125,0.0125
1,ALLD,Tit For Tat,3000110000018,1.3125,1.0625,0.0375,0.0875,0.0
1,ALLD,Tit For Tat,3000110000020,1.3625,1.05,0.0375,0.1,0.0
1,ALLD,Tit For Tat,3000110000022,1.2625,1.0125,0.025,0.075,0.0125
1,ALLD,Tit For Tat,3000110000024,1.225,1.0375,0.025,0.0625,0.0
1,ALLD,Tit For Tat,3000110000026,1.5625,1.0625,0.0625,0.1625,0.025
1,ALLD,Tit For Tat,3000110000028,1.45,1.075,0.05,0.125,0.0
1,ALLD,Tit For Tat,3000110000030,1.325,1.2,0.075,0.1,0.0
1,ALLD,Tit For Tat,3000110000032,1.5,1.1875,0.0875,0.15,0.0125
1,ALLD,Tit For Tat,3000110000034,1.425,1.175,0.075,0.125,0.0
1,ALLD,Tit For Tat,3000110000036,1.5,1.0625,0.05,0.1375,0.0
1,ALLD,Tit For Tat,3000110000038,1.2875,1.1,0.05,0.0875,0.0125
1,ALLD,Always Defect,3000110000200,1.05,1.175,0.05,0.025,0.0
1,ALLD,Always Defect,3000110000202,1.1875,1.3125,0.1,0.075,0.0125
1,ALLD,Always Defect,3000110000204,1.3125,1.0625,0.0375,0.0875,0.0
1,ALLD,Always Defect,3000110000206,1.25,1.125,0.05,0.075,0.0
1,ALLD,Always Defect,3000110000208,1.075,1.2625,0.075,0.0375,0.0
1,ALLD,Always Defect,3000110000210,1.3375,1.15,0.0625,0.1,0.0
1,ALLD,Always Defect,3000110000212,1.2375,1.175,0.0625,0.075,0.0
1,ALLD,Always Defect,3000110000214,1.2375,1.175,0.0625,0.075,0.0
1,ALLD,Always Defect,3000110000216,1.225,1.0375,0.025,0.0625,0.0
1,ALLD,Always Defect,3000110000218,1.125,1.1875,0.0625,0.05,0.0125
1,ALLD,Always Defect,3000110000220,1.2375,1.175,0.0625,0.075,0.0
1,ALLD,Always Defect,3000110000222,1.025,1.0875,0.025,0.0125,0.0
1,ALLD,Always Defect,3000110000224,1.175,1.05,0.025,0.05,0.0
1,ALLD,Always Defect,3000110000226,1.1375,1.2,0.0625,0.05,0.0
1,ALLD,Always Defect,3000110000228,1.0125,1.1375,0.0375,0.0125,0.0
1,ALLD,Always Defect,3000110000230,1.025,1.275,0.075,0.025,0.0
1,ALLD,Always Defect,3000110000232,1.2625,1.075,0.0375,0.075,0.0
1,ALLD,Always Defect,3000110000234,1.0875,1.2125,0.0625,0.0375,0.0
1,ALLD,Always Defect,3000110000236,1.1625,1.1,0.0375,0.05,0.0
1,ALLD,Always Defect,3000110000238,1.325,1.0125,0.025,0.0875,0.0
1,ALLD,Grudger,3000110000400,1.175,1.05,0.025,0.05,0.0
1,ALLD,Grudger,3000110000402,1.1,1.1625,0.05,0.0375,0.0
1,ALLD,Grudger,3000110000404,1.1375,1.2,0.0625,0.05,0.0
1,ALLD,Grudger,3000110000406,1.125,1.0625,0.025,0.0375,0.0
1,ALLD,Grudger,3000110000408,1.1875,1.0,0.0125,0.05,0.0
1,ALLD,Grudger,3000110000410,1.2,1.1375,0.05,0.0625,0.0
1,ALLD,Grudger,3000110000412,1.325,1.0125,0.025,0.0875,0.0
1,ALLD,Grudger,3000110000414,1.1,1.1625,0.05,0.0375,0.0
1,ALLD,Grudger,3000110000416,1.1,1.475,0.1375,0.0625,0.0125
1,ALLD,Grudger,3000110000418,1.15,1.15,0.05,0.05,0.0
1,ALLD,Grudger,3000110000420,1.0625,1.3125,0.0875,0.0375,0.0
1,ALLD,Grudger,3000110000422,1.025,1.275,0.075,0.025,0.0
1,ALLD,Grudger,3000110000424,1.1125,1.1125,0.0375,0.0375,0.0
1,ALLD,Grudger,3000110000426,1.3625,1.05,0.0375,0.1,0.0
1,ALLD,Grudger,3000110000428,1.2,1.075,0.0375,0.0625,0.0125
1,ALLD,Grudger,3000110000430,1.05,1.175,0.05,0.025,0.0
1,ALLD,Grudger,3000110000432,1.1375,1.2,0.0625,0.05,0.0
1,ALLD,Grudger,3000110000434,1.175,1.05,0.025,0.05,0.0
1,ALLD,Grudger,3000110000436,1.1,1.1625,0.05,0.0375,0.0
1,ALLD,Grudger,3000110000438,1.25,1.125,0.05,0.075,0.0
1,ALLD,Joss (0.9),3000110000600,1.5875,1.15,0.0875,0.175,0.025
1,ALLD,Joss (0.9),3000110000602,1.25,1.125,0.05,0.075,0.0
1,ALLD,Joss (0.9),3000110000604,1.275,1.025,0.025,0.075,0.0
1,ALLD,Joss (0.9),3000110000606,1.3625,1.05,0.0375,0.1,0.0
1,ALLD,Joss (0.9),3000110000608,1.3375,0.9625,0.0125,0.0875,0.0
1,ALLD,Joss (0.9),3000110000610,1.475,0.975,0.025,0.125,0.0
1,ALLD,Joss (0.9),3000110000612,1.3375,1.0875,0.05,0.1,0.0125
1,ALLD,Joss (0.9),3000110000614,1.275,1.025,0.025,0.075,0.0
1,ALLD,Joss (0.9),3000110000616,1.3875,0.95,0.0125,0.1,0.0
1,ALLD,Joss (0.9),3000110000618,1.1625,1.0375,0.025,0.05,0.0125
1,ALLD,Joss (0.9),3000110000620,1.4,1.15,0.075,0.125,0.025
1,ALLD,Joss (0.9),3000110000622,1.325,1.0125,0.025,0.0875,0.0
1,ALLD,Joss (0.9),3000110000624,1.4875,1.2375,0.1,0.15,0.0125
1,ALLD,Joss (0.9),3000110000626,1.3,1.1125,0.05,0.0875,0.0
1,ALLD,Joss (0.9),3000110000628,1.1875,1.125,0.05,0.0625,0.0125
1,ALLD,Joss (0.9),3000110000630,1.2625,1.1375,0.0625,0.0875,0.025
1,ALLD,Joss (0.9),3000110000632,1.2125,1.0875,0.0375,0.0625,0.0
1,ALLD,Joss (0.9),3000110000634,1.425,1.175,0.075,0.125,0.0
1,ALLD,Joss (0.9),3000110000636,1.3625,1.175,0.075,0.1125,0.0125
1,ALLD,Joss (0.9),3000110000638,1.275,1.15,0.0625,0.0875,0.0125
1,ALLD,Random (0.5),3000110000800,3.025,0.65,0.05,0.525,0.025
1,ALLD,Random (0.5),3000110000802,3.0875,0.65,0.05,0.5375,0.0125
1,ALLD,Random (0.5),3000110000804,2.975,0.5375,0.0125,0.5,0.0125
1,ALLD,Random (0.5),3000110000806,2.925,0.55,0.0125,0.4875,0.0125
1,ALLD,Random (0.5),3000110000808,3.325,0.6375,0.075,0.6125,0.05
1,ALLD,Random (0.5),3000110000810,3.0125,0.7625,0.0875,0.5375,0.05
1,ALLD,Random (0.5),3000110000812,2.975,0.7875,0.0875,0.525,0.0375
1,ALLD,Random (0.5),3000110000814,2.8875,0.7625,0.075,0.5,0.0375
1,ALLD,Random (0.5),3000110000816,3.05,0.6125,0.0375,0.525,0.0125
1,ALLD,Random (0.5),3000110000818,2.95,0.825,0.1,0.525,0.05
1,ALLD,Random (0.5),3000110000820,2.9625,0.5875,0.025,0.5,0.0125
1,ALLD,Random (0.5),3000110000822,3.05,0.7375,0.075,0.5375,0.025
1,ALLD,Random (0.5),3000110000824,2.5375,0.85,0.0625,0.4,0.0
1,ALLD,Random (0.5),3000110000826,3.325,0.5125,0.0375,0.6,0.0375
1,ALLD,Random (0.5),3000110000828,3.0375,0.6,0.0375,0.525,0.025
1,ALLD,Random (0.5),3000110000830,2.9125,0.725,0.0625,0.5,0.025
1,ALLD,Random (0.5),3000110000832,2.55,0.8625,0.075,0.4125,0.025
1,ALLD,Random (0.5),3000110000834,3.0875,0.5875,0.0375,0.5375,0.025
1,ALLD,Random (0.5),3000110000836,2.975,0.6625,0.05,0.5125,0.025
1,ALLD,Random (0.5),3000110000838,2.7375,0.8625,0.0875,0.4625,0.025
1,ALLD,Tester,3000110001000,1.4125,1.0375,0.0375,0.1125,0.0
1,ALLD,Tester,3000110001002,1.375,1.125,0.0625,0.1125,0.0125
1,ALLD,Tester,3000110001004,1.625,1.1875,0.1,0.1875,0.025
1,ALLD,Tester,3000110001006,1.425,0.9875,0.025,0.1125,0.0
1,ALLD,Tester,3000110001008,1.5375,0.9125,0.0125,0.1375,0.0
1,ALLD,Tester,3000110001010,1.3125,1.0625,0.0375,0.0875,0.0
1,ALLD,Tester,3000110001012,1.275,1.2125,0.075,0.0875,0.0
1,ALLD,Tester,3000110001014,1.5875,1.15,0.0875,0.175,0.025
1,ALLD,Tester,3000110001016,1.6125,1.3,0.125,0.1875,0.0125
1,ALLD,Tester,3000110001018,1.3375,1.15,0.0625,0.1,0.0
1,ALLD,Tester,3000110001020,1.4875,1.05,0.05,0.1375,0.0125
1,ALLD,Tester,3000110001022,1.4625,1.15,0.075,0.1375,0.0125
1,ALLD,Tester,3000110001024,1.4,1.025,0.0375,0.1125,0.0125
1,ALLD,Tester,3000110001026,1.175,1.05,0.025,0.05,0.0
1,ALLD,Tester,3000110001028,1.1,0.975,0.0,0.025,0.0
1,ALLD,Tester,3000110001030,1.55,0.9875,0.0375,0.15,0.0125
1,ALLD,Tester,3000110001032,1.575,1.1375,0.075,0.1625,0.0
1,ALLD,Tester,3000110001034,1.2625,1.075,0.0375,0.075,0.0
1,ALLD,Tester,3000110001036,1.4125,1.0375,0.0375,0.1125,0.0
1,ALLD,Tester,3000110001038,1.4375,1.125,0.0625,0.125,0.0
1,ALLD,Pavlov (Win-Stay Lose-Shift),3000110001200,2.85,0.6625,0.0375,0.475,0.0125
1,ALLD,Pavlov (Win-Stay Lose-Shift),3000110001202,2.9375,0.75,0.075,0.5125,0.0375
1,ALLD,Pavlov (Win-Stay Lose-Shift),3000110001204,3.05,0.6125,0.05,0.5375,0.05
1,ALLD,Pavlov (Win-Stay Lose-Shift),3000110001206,2.8625,0.7375,0.0625,0.4875,0.025
1,ALLD,Pavlov (Win-Stay Lose-Shift),3000110001208,3.025,0.525,0.0125,0.5125,0.0125
1,ALLD,Pavlov (Win-Stay Lose-Shift),3000110001210,2.975,0.725,0.075,0.525,0.05
1,ALLD,Pavlov (Win-Stay Lose-Shift),3000110001212,2.9,0.7125,0.0625,0.5,0.0375
1,ALLD,Pavlov (Win-Stay Lose-Shift),3000110001214,3.05,0.6125,0.05,0.5375,0.05
1,ALLD,Pavlov (Win-Stay Lose-Shift),3000110001216,2.975,0.6,0.0375,0.5125,0.0375
1,ALLD,Pavlov (Win-Stay Lose-Shift),3000110001218,2.8625,0.8,0.075,0.4875,0.0125
1,ALLD,Pavlov (Win-Stay Lose-Shift),3000110001220,2.9,0.65,0.0375,0.4875,0.0125
1,ALLD,Pavlov (Win-Stay Lose-Shift),3000110001222,2.9625,0.65,0.05,0.5125,0.0375
1,ALLD,Pavlov (Win-Stay Lose-Shift),3000110001224,2.95,0.7,0.0625,0.5125,0.0375
1,ALLD,Pavlov (Win-Stay Lose-Shift),3000110001226,2.9875,0.6125,0.0375,0.5125,0.025
1,ALLD,Pavlov (Win-Stay Lose-Shift),3000110001228,2.975,0.6,0.0375,0.5125,0.0375
1,ALLD,Pavlov (Win-Stay Lose-Shift),3000110001230,3.025,0.65,0.05,0.525,0.025
1,ALLD,Pavlov (Win-Stay Lose-Shift),3000110001232,2.95,0.7625,0.0875,0.525,0.0625
1,ALLD,Pavlov (Win-Stay Lose-Shift),3000110001234,2.975,0.6625,0.05,0.5125,0.025
1,ALLD,Pavlov (Win-Stay Lose-Shift),3000110001236,3.0125,0.7,0.075,0.5375,0.0625
1,ALLD,Pavlov (Win-Stay Lose-Shift),3000110001238,2.8625,0.7375,0.0625,0.4875,0.025
2,TFT,Tit For Tat,3000210000000,2.05,2.1125,0.4,0.3875,0.1
2,TFT,Tit For Tat,3000210000002,1.775,1.775,0.3125,0.3125,0.1625
2,TFT,Tit For Tat,3000210000004,2.275,2.275,0.5375,0.5375,0.3375
2,TFT,Tit For Tat,3000210000006,2.1875,2.125,0.5,0.5125,0.3625
2,TFT,Tit For Tat,3000210000008,2.3625,2.425,0.5375,0.525,0.2
2,TFT,Tit For Tat,3000210000010,2.2625,2.2,0.5,0.5125,0.2875
2,TFT,Tit For Tat,3000210000012,2.0,2.0,0.4125,0.4125,0.2375
2,TFT,Tit For Tat,3000210000014,2.3625,2.2375,0.4625,0.4875,0.125
2,TFT,Tit For Tat,3000210000016,2.1875,2.1875,0.4875,0.4875,0.275
2,TFT,Tit For Tat,3000210000018,2.1125,2.175,0.4875,0.475,0.3
2,TFT,Tit For Tat,3000210000020,2.35,2.225,0.5,0.525,0.25
2,TFT,Tit For Tat,3000210000022,1.975,1.85,0.3625,0.3875,0.2125
2,TFT,Tit For Tat,3000210000024,2.325,2.325,0.55,0.55,0.325
2,TFT,Tit For Tat,3000210000026,2.4875,2.425,0.65,0.6625,0.5125
2,TFT,Tit For Tat,3000210000028,2.725,2.6625,0.7375,0.75,0.5375
2,TFT,Tit For Tat,3000210000030,2.75,2.75,0.7625,0.7625,0.5375
2,TFT,Tit For Tat,3000210000032,2.5125,2.575,0.6,0.5875,0.2375
2,TFT,Tit For Tat,3000210000034,2.2625,2.3875,0.4875,0.4625,0.1
2,TFT,Tit For Tat,3000210000036,1.75,1.875,0.2875,0.2625,0.0125
2,TFT,Tit For Tat,3000210000038,2.0125,1.95,0.375,0.3875,0.1625
2,TFT,Always Defect,3000210000200,1.0875,1.3375,0.1,0.05,0.0125
2,TFT,Always Defect,3000210000202,1.175,1.2375,0.075,0.0625,0.0
2,TFT,Always Defect,3000210000204,1.075,1.3875,0.1125,0.05,0.0125
2,TFT,Always Defect,3000210000206,1.175,1.2375,0.075,0.0625,0.0
2,TFT,Always Defect,3000210000208,1.075,1.45,0.125,0.05,0.0
2,TFT,Always Defect,3000210000210,1.0125,1.5125,0.1375,0.0375,0.0
2,TFT,Always Defect,3000210000212,0.9875,1.2375,0.0625,0.0125,0.0
2,TFT,Always Defect,3000210000214,1.1375,1.5125,0.15,0.075,0.0125
2,TFT,Always Defect,3000210000216,1.1375,1.2,0.0625,0.05,0.0
2,TFT,Always Defect,3000210000218,1.1625,1.475,0.1375,0.075,0.0
2,TFT,Always Defect,3000210000220,1.1375,1.2,0.0625,0.05,0.0
2,TFT,Always Defect,3000210000222,1.0875,1.4625,0.1375,0.0625,0.025
2,TFT,Always Defect,3000210000224,1.2,1.45,0.1375,0.0875,0.0125
2,TFT,Always Defect,3000210000226,1.0375,1.225,0.0625,0.025,0.0
2,TFT,Always Defect,3000210000228,1.1125,1.425,0.125,0.0625,0.0125
2,TFT,Always Defect,3000210000230,1.1875,1.3125,0.1,0.075,0.0125
2,TFT,Always Defect,3000210000232,0.9875,1.2375,0.0625,0.0125,0.0
2,TFT,Always Defect,3000210000234,1.225,1.5375,0.1625,0.1,0.0125
2,TFT,Always Defect,3000210000236,1.1375,1.5125,0.15,0.075,0.0125
2,TFT,Always Defect,3000210000238,0.975,1.2875,0.075,0.0125,0.0
2,TFT,Grudger,3000210000400,1.0875,1.4625,0.1375,0.0625,0.025
2,TFT,Grudger,3000210000402,1.125,1.5,0.15,0.075,0.025
2,TFT,Grudger,3000210000404,1.4625,1.775,0.3,0.2375,0.1875
2,TFT,Grudger,3000210000406,1.375,1.5,0.1875,0.1625,0.0875
2,TFT,Grudger,3000210000408,1.6,1.85,0.35,0.3,0.25
2,TFT,Grudger,3000210000410,1.225,1.5375,0.1875,0.125,0.0875
2,TFT,Grudger,3000210000412,1.2,1.45,0.15,0.1,0.05
2,TFT,Grudger,3000210000414,1.125,1.5,0.1625,0.0875,0.0625
2,TFT,Grudger,3000210000416,1.45,1.7625,0.3,0.2375,0.2
2,TFT,Grudger,3000210000418,1.475,1.725,0.275,0.225,0.15
2,TFT,Grudger,3000210000420,1.1,1.475,0.15,0.075,0.05
2,TFT,Grudger,3000210000422,1.275,1.525,0.2,0.15,0.125
2,TFT,Grudger,3000210000424,2.075,2.1375,0.55,0.5375,0.525
2,TFT,Grudger,3000210000426,1.9875,2.1125,0.525,0.5,0.4875
2,TFT,Grudger,3000210000428,1.45,1.7,0.2875,0.2375,0.2125
2,TFT,Grudger,3000210000430,1.1625,1.475,0.15,0.0875,0.0375
2,TFT,Grudger,3000210000432,1.1875,1.5,0.1625,0.1,0.05
2,TFT,Grudger,3000210000434,2.075,2.2,0.55,0.525,0.475
2,TFT,Grudger,3000210000436,1.2875,1.4125,0.15,0.125,0.0625
2,TFT,Grudger,3000210000438,1.1,1.475,0.1375,0.0625,0.0125
2,TFT,Joss (0.9),3000210000600,1.3375,1.525,0.1625,0.125,0.0
2,TFT,Joss (0.9),3000210000602,1.5625,1.6875,0.2375,0.2125,0.05
2,TFT,Joss (0.9),3000210000604,1.9625,2.0875,0.375,0.35,0.0625
2,TFT,Joss (0.9),3000210000606,2.175,2.175,0.4625,0.4625,0.2125
2,TFT,Joss (0.9),3000210000608,1.6125,1.8625,0.2875,0.2375,0.05
2,TFT,Joss (0.9),3000210000610,1.7875,1.85,0.3125,0.3,0.1
2,TFT,Joss (0.9),3000210000612,2.3,2.4875,0.55,0.5125,0.2
2,TFT,Joss (0.9),3000210000614,1.7375,1.675,0.2375,0.25,0.025
2,TFT,Joss (0.9),3000210000616,1.775,1.8375,0.2875,0.275,0.0375
2,TFT,Joss (0.9),3000210000618,2.1,2.0375,0.425,0.4375,0.225
2,TFT,Joss (0.9),3000210000620,1.7125,1.8375,0.3125,0.2875,0.125
2,TFT,Joss (0.9),3000210000622,2.375,2.375,0.5375,0.5375,0.2375
2,TFT,Joss (0.9),3000210000624,1.6625,1.725,0.25,0.2375,0.0375
2,TFT,Joss (0.9),3000210000626,1.825,1.8875,0.3875,0.375,0.2875
2,TFT,Joss (0.9),3000210000628,1.6,1.725,0.2625,0.2375,0.0875
2,TFT,Joss (0.9),3000210000630,2.05,2.175,0.4375,0.4125,0.1625
2,TFT,Joss (0.9),3000210000632,1.525,1.775,0.25,0.2,0.025
2,TFT,Joss (0.9),3000210000634,2.3375,2.4625,0.575,0.55,0.2875
2,TFT,Joss (0.9),3000210000636,2.2875,2.475,0.5625,0.525,0.25
2,TFT,Joss (0.9),3000210000638,1.75,1.9375,0.35,0.3125,0.15
2,TFT,Random (0.5),3000210000800,2.3125,2.3125,0.5125,0.5125,0.225
2,TFT,Random (0.5),3000210000802,2.125,2.0625,0.425,0.4375,0.2
2,TFT,Random (0.5),3000210000804,2.25,2.3125,0.5375,0.525,0.3125
2,TFT,Random (0.5),3000210000806,2.2625,2.2625,0.5,0.5,0.2375
2,TFT,Random (0.5),3000210000808,2.2,2.2625,0.5,0.4875,0.25
2,TFT,Random (0.5),3000210000810,2.2125,2.275,0.5125,0.5,0.275
2,TFT,Random (0.5),3000210000812,2.2875,2.35,0.5375,0.525,0.275
2,TFT,Random (0.5),3000210000814,2.1125,2.2375,0.4875,0.4625,0.25
2,TFT,Random (0.5),3000210000816,2.3,2.3625,0.55,0.5375,0.3
2,TFT,Random (0.5),3000210000818,2.2875,2.4125,0.575,0.55,0.3375
2,TFT,Random (0.5),3000210000820,2.3625,2.3,0.525,0.5375,0.2625
2,TFT,Random (0.5),3000210000822,2.3375,2.4,0.55,0.5375,0.2625
2,TFT,Random (0.5),3000210000824,2.45,2.325,0.5375,0.5625,0.2625
2,TFT,Random (0.5),3000210000826,2.325,2.45,0.5875,0.5625,0.3375
2,TFT,Random (0.5),3000210000828,2.125,2.3125,0.5,0.4625,0.225
2,TFT,Random (0.5),3000210000830,2.4125,2.35,0.575,0.5875,0.3625
2,TFT,Random (0.5),3000210000832,2.3625,2.175,0.4625,0.5,0.175
2,TFT,Random (0.5),3000210000834,2.1625,2.1,0.425,0.4375,0.1625
2,TFT,Random (0.5),3000210000836,2.525,2.4,0.575,0.6,0.3
2,TFT,Random (0.5),3000210000838,2.275,2.275,0.5125,0.5125,0.2625
2,TFT,Tester,3000210001000,1.225,1.2875,0.1,0.0875,0.025
2,TFT,Tester,3000210001002,1.1625,1.5375,0.1625,0.0875,0.025
2,TFT,Tester,3000210001004,1.025,1.2125,0.0625,0.025,0.0125
2,TFT,Tester,3000210001006,1.125,1.5625,0.1625,0.075,0.0125
2,TFT,Tester,3000210001008,1.0625,1.25,0.075,0.0375,0.0125
2,TFT,Tester,3000210001010,1.075,1.3875,0.1125,0.05,0.0125
2,TFT,Tester,3000210001012,1.1625,1.4125,0.125,0.075,0.0125
2,TFT,Tester,3000210001014,1.275,1.7125,0.2125,0.125,0.0125
2,TFT,Tester,3000210001016,1.1375,1.45,0.1375,0.075,0.025
2,TFT,Tester,3000210001018,0.975,1.4125,0.1125,0.025,0.0125
2,TFT,Tester,3000210001020,1.0,1.3125,0.0875,0.025,0.0125
2,TFT,Tester,3000210001022,1.075,1.3875,0.1125,0.05,0.0125
2,TFT,Tester,3000210001024,1.1375,1.325,0.1,0.0625,0.0125
2,TFT,Tester,3000210001026,0.9875,1.3625,0.1,0.025,0.0125
2,TFT,Tester,3000210001028,1.1125,1.2375,0.075,0.05,0.0125
2,TFT,Tester,3000210001030,1.075,1.325,0.1,0.05,0.025
2,TFT,Tester,3000210001032,1.25,1.4375,0.15,0.1125,0.05
2,TFT,Tester,3000210001034,1.125,1.375,0.1125,0.0625,0.0125
2,TFT,Tester,3000210001036,1.1375,1.2,0.0625,0.05,0.0
2,TFT,Tester,3000210001038,1.0625,1.4375,0.125,0.05,0.0125
2,TFT,Pavlov (Win-Stay Lose-Shift),3000210001200,2.0,2.0625,0.375,0.3625,0.075
2,TFT,Pavlov (Win-Stay Lose-Shift),3000210001202,2.0,2.125,0.3875,0.3625,0.0625
2,TFT,Pavlov (Win-Stay Lose-Shift),3000210001204,2.3625,2.425,0.5875,0.575,0.35
2,TFT,Pavlov (Win-Stay Lose-Shift),3000210001206,2.2625,2.3875,0.5625,0.5375,0.325
2,TFT,Pavlov (Win-Stay Lose-Shift),3000210001208,2.45,2.45,0.6375,0.6375,0.4625
2,TFT,Pavlov (Win-Stay Lose-Shift),3000210001210,2.15,2.025,0.375,0.4,0.075
2,TFT,Pavlov (Win-Stay Lose-Shift),3000210001212,2.0,2.25,0.4375,0.3875,0.1125
2,TFT,Pavlov (Win-Stay Lose-Shift),3000210001214,2.0125,2.1375,0.4,0.375,0.0875
2,TFT,Pavlov (Win-Stay Lose-Shift),3000210001216,2.0875,2.275,0.4625,0.425,0.15
2,TFT,Pavlov (Win-Stay Lose-Shift),3000210001218,2.25,2.4375,0.575,0.5375,0.325
2,TFT,Pavlov (Win-Stay Lose-Shift),3000210001220,2.175,2.1125,0.4125,0.425,0.1125
2,TFT,Pavlov (Win-Stay Lose-Shift),3000210001222,2.6,2.6625,0.7625,0.75,0.6375
2,TFT,Pavlov (Win-Stay Lose-Shift),3000210001224,2.1125,2.175,0.4375,0.425,0.15
2,TFT,Pavlov (Win-Stay Lose-Shift),3000210001226,2.65,2.65,0.7625,0.7625,0.6375
2,TFT,Pavlov (Win-Stay Lose-Shift),3000210001228,2.2125,2.15,0.4625,0.475,0.225
2,TFT,Pavlov (Win-Stay Lose-Shift),3000210001230,2.65,2.525,0.7125,0.7375,0.5875
2,TFT,Pavlov (Win-Stay Lose-Shift),3000210001232,2.2875,2.2875,0.525,0.525,0.2875
2,TFT,Pavlov (Win-Stay Lose-Shift),3000210001234,2.55,2.3,0.6,0.65,0.45
2,TFT,Pavlov (Win-Stay Lose-Shift),3000210001236,2.0,2.0,0.3375,0.3375,0.0125
2,TFT,Pavlov (Win-Stay Lose-Shift),3000210001238,2.325,2.2625,0.525,0.5375,0.3
2,GTFT(0.1),Tit For Tat,3000210000000,2.3875,2.5125,0.575,0.55,0.2375
2,GTFT(0.1),Tit For Tat,3000210000002,2.4625,2.4625,0.65,0.65,0.4875
2,GTFT(0.1),Tit For Tat,3000210000004,2.625,2.8125,0.75,0.7125,0.475
2,GTFT(0.1),Tit For Tat,3000210000006,2.85,2.85,0.85,0.85,0.7
2,GTFT(0.1),Tit For Tat,3000210000008,2.5625,2.625,0.7,0.6875,0.4875
2,GTFT(0.1),Tit For Tat,3000210000010,2.25,2.375,0.5375,0.5125,0.2625
2,GTFT(0.1),Tit For Tat,3000210000012,2.225,2.35,0.4875,0.4625,0.1375
2,GTFT(0.1),Tit For Tat,3000210000014,2.5875,2.65,0.7,0.6875,0.4625
2,GTFT(0.1),Tit For Tat,3000210000016,2.425,2.55,0.625,0.6,0.35
2,GTFT(0.1),Tit For Tat,3000210000018,2.4625,2.4625,0.6625,0.6625,0.525
2,GTFT(0.1),Tit For Tat,3000210000020,2.35,2.6625,0.675,0.6125,0.425
2,GTFT(0.1),Tit For Tat,3000210000022,2.1875,2.375,0.5875,0.55,0.425
2,GTFT(0.1),Tit For Tat,3000210000024,2.3875,2.3875,0.6,0.6,0.4125
2,GTFT(0.1),Tit For Tat,3000210000026,2.3125,2.375,0.55,0.5375,0.2875
2,GTFT(0.1),Tit For Tat,3000210000028,2.725,2.7875,0.8125,0.8,0.6625
2,GTFT(0.1),Tit For Tat,3000210000030,2.2625,2.45,0.5125,0.475,0.125
2,GTFT(0.1),Tit For Tat,3000210000032,2.6125,2.4875,0.6625,0.6875,0.475
2,GTFT(0.1),Tit For Tat,3000210000034,2.225,2.4125,0.6125,0.575,0.4625
2,GTFT(0.1),Tit For Tat,3000210000036,2.5375,2.7875,0.725,0.675,0.4375
2,GTFT(0.1),Tit For Tat,3000210000038,2.5375,2.725,0.775,0.7375,0.6375
2,GTFT(0.1),Always Defect,3000210000200,0.875,2.0625,0.2875,0.05,0.0375
2,GTFT(0.1),Always Defect,3000210000202,1.1,1.5375,0.15,0.0625,0.0
2,GTFT(0.1),Always Defect,3000210000204,0.9875,1.7375,0.2,0.05,0.0125
2,GTFT(0.1),Always Defect,3000210000206,1.0375,1.725,0.2,0.0625,0.0125
2,GTFT(0.1),Always Defect,3000210000208,0.9875,1.8,0.2125,0.05,0.0
2,GTFT(0.1),Always Defect,3000210000210,0.95,1.7625,0.2,0.0375,0.0
2,GTFT(0.1),Always Defect,3000210000212,0.925,1.4875,0.125,0.0125,0.0
2,GTFT(0.1),Always Defect,3000210000214,1.0375,1.85,0.2375,0.075,0.025
2,GTFT(0.1),Always Defect,3000210000216,1.0125,1.6375,0.175,0.05,0.0125
2,GTFT(0.1),Always Defect,3000210000218,0.9875,1.9875,0.275,0.075,0.0375
2,GTFT(0.1),Always Defect,3000210000220,1.0625,1.4375,0.125,0.05,0.0125
2,GTFT(0.1),Always Defect,3000210000222,0.9375,1.9375,0.2625,0.0625,0.05
2,GTFT(0.1),Always Defect,3000210000224,1.025,2.0875,0.3,0.0875,0.025
2,GTFT(0.1),Always Defect,3000210000226,0.975,1.475,0.125,0.025,0.0
2,GTFT(0.1),Always Defect,3000210000228,1.025,1.775,0.2125,0.0625,0.0125
2,GTFT(0.1),Always Defect,3000210000230,1.1,1.6625,0.1875,0.075,0.0125
2,GTFT(0.1),Always Defect,3000210000232,0.85,1.7875,0.2,0.0125,0.0
2,GTFT(0.1),Always Defect,3000210000234,1.125,1.8125,0.2375,0.1,0.0375
2,GTFT(0.1),Always Defect,3000210000236,1.0375,1.9125,0.25,0.075,0.0125
2,GTFT(0.1),Always Defect,3000210000238,0.8625,1.7375,0.1875,0.0125,0.0
2,GTFT(0.1),Grudger,3000210000400,1.025,1.7125,0.2,0.0625,0.025
2,GTFT(0.1),Grudger,3000210000402,1.025,1.9,0.25,0.075,0.025
2,GTFT(0.1),Grudger,3000210000404,1.425,1.925,0.3375,0.2375,0.1875
2,GTFT(0.1),Grudger,3000210000406,1.3,1.8,0.2625,0.1625,0.0875
2,GTFT(0.1),Grudger,3000210000408,1.5125,2.2,0.4375,0.3,0.25
2,GTFT(0.1),Grudger,3000210000410,1.15,1.8375,0.2625,0.125,0.0875
2,GTFT(0.1),Grudger,3000210000412,2.025,2.2125,0.55,0.5125,0.475
2,GTFT(0.1),Grudger,3000210000414,1.025,1.9,0.2625,0.0875,0.0625
2,GTFT(0.1),Grudger,3000210000416,1.3625,2.05,0.375,0.2375,0.2125
2,GTFT(0.1),Grudger,3000210000418,1.45,1.825,0.3,0.225,0.15
2,GTFT(0.1),Grudger,3000210000420,1.0375,1.725,0.2125,0.075,0.05
2,GTFT(0.1),Grudger,3000210000422,1.125,2.125,0.35,0.15,0.125
2,GTFT(0.1),Grudger,3000210000424,2.025,2.3375,0.6,0.5375,0.525
2,GTFT(0.1),Grudger,3000210000426,1.9,2.4625,0.6125,0.5,0.4875
2,GTFT(0.1),Grudger,3000210000428,1.425,1.8,0.3125,0.2375,0.2125
2,GTFT(0.1),Grudger,3000210000430,1.05,1.8625,0.25,0.0875,0.05
2,GTFT(0.1),Grudger,3000210000432,1.1125,1.8,0.2375,0.1,0.05
2,GTFT(0.1),Grudger,3000210000434,2.0375,2.35,0.5875,0.525,0.475
2,GTFT(0.1),Grudger,3000210000436,1.175,1.8625,0.2625,0.125,0.0625
2,GTFT(0.1),Grudger,3000210000438,1.025,1.8375,0.225,0.0625,0.0
2,GTFT(0.1),Joss (0.9),3000210000600,2.0375,2.35,0.5,0.4375,0.2125
2,GTFT(0.1),Joss (0.9),3000210000602,2.175,2.425,0.55,0.5,0.275
2,GTFT(0.1),Joss (0.9),3000210000604,1.7375,2.3,0.4625,0.35,0.2
2,GTFT(0.1),Joss (0.9),3000210000606,1.9875,2.3625,0.475,0.4,0.1375
2,GTFT(0.1),Joss (0.9),3000210000608,2.1625,2.725,0.6375,0.525,0.3
2,GTFT(0.1),Joss (0.9),3000210000610,2.2375,2.4875,0.55,0.5,0.2125
2,GTFT(0.1),Joss (0.9),3000210000612,2.125,2.625,0.6,0.5,0.275
2,GTFT(0.1),Joss (0.9),3000210000614,2.15,2.275,0.4875,0.4625,0.2125
2,GTFT(0.1),Joss (0.9),3000210000616,1.9875,2.3625,0.5125,0.4375,0.25
2,GTFT(0.1),Joss (0.9),3000210000618,2.475,2.7875,0.7,0.6375,0.375
2,GTFT(0.1),Joss (0.9),3000210000620,2.0375,2.4125,0.4875,0.4125,0.125
2,GTFT(0.1),Joss (0.9),3000210000622,2.425,2.7375,0.725,0.6625,0.5
2,GTFT(0.1),Joss (0.9),3000210000624,1.8875,2.2,0.475,0.4125,0.2875
2,GTFT(0.1),Joss (0.9),3000210000626,2.05,2.425,0.525,0.45,0.225
2,GTFT(0.1),Joss (0.9),3000210000628,2.3875,2.5125,0.6,0.575,0.3125
2,GTFT(0.1),Joss (0.9),3000210000630,2.225,2.4125,0.5375,0.5,0.2375
2,GTFT(0.1),Joss (0.9),3000210000632,2.2,2.45,0.5625,0.5125,0.2875
2,GTFT(0.1),Joss (0.9),3000210000634,2.0875,2.3375,0.45,0.4,0.0625
2,GTFT(0.1),Joss (0.9),3000210000636,2.25,2.5,0.5875,0.5375,0.3125
2,GTFT(0.1),Joss (0.9),3000210000638,2.05,2.175,0.4125,0.3875,0.0875
2,GTFT(0.1),Random (0.5),3000210000800,2.225,2.475,0.5625,0.5125,0.2625
2,GTFT(0.1),Random (0.5),3000210000802,2.1,2.1625,0.45,0.4375,0.2
2,GTFT(0.1),Random (0.5),3000210000804,2.1625,2.475,0.5875,0.525,0.35
2,GTFT(0.1),Random (0.5),3000210000806,2.2125,2.3375,0.525,0.5,0.2625
2,GTFT(0.1),Random (0.5),3000210000808,2.1,2.5375,0.575,0.4875,0.275
2,GTFT(0.1),Random (0.5),3000210000810,2.1125,2.55,0.5875,0.5,0.3
2,GTFT(0.1),Random (0.5),3000210000812,2.25,2.4375,0.5625,0.525,0.2875
2,GTFT(0.1),Random (0.5),3000210000814,2.0,2.5,0.5625,0.4625,0.2875
2,GTFT(0.1),Random (0.5),3000210000816,2.2875,2.4125,0.5625,0.5375,0.3
2,GTFT(0.1),Random (0.5),3000210000818,2.1875,2.625,0.6375,0.55,0.375
2,GTFT(0.1),Random (0.5),3000210000820,2.3125,2.4375,0.5625,0.5375,0.275
2,GTFT(0.1),Random (0.5),3000210000822,2.2625,2.575,0.6,0.5375,0.2875
2,GTFT(0.1),Random (0.5),3000210000824,2.4375,2.375,0.55,0.5625,0.2625
2,GTFT(0.1),Random (0.5),3000210000826,2.3125,2.4375,0.5875,0.5625,0.35
2,GTFT(0.1),Random (0.5),3000210000828,2.125,2.3125,0.5,0.4625,0.225
2,GTFT(0.1),Random (0.5),3000210000830,2.3625,2.425,0.6,0.5875,0.3875
2,GTFT(0.1),Random (0.5),3000210000832,2.2625,2.3875,0.525,0.5,0.2125
2,GTFT(0.1),Random (0.5),3000210000834,2.1625,2.1,0.425,0.4375,0.1625
2,GTFT(0.1),Random (0.5),3000210000836,2.45,2.575,0.625,0.6,0.325
2,GTFT(0.1),Random (0.5),3000210000838,2.2625,2.325,0.525,0.5125,0.2625
2,GTFT(0.1),Tester,3000210001000,1.125,1.6875,0.2,0.0875,0.025
2,GTFT(0.1),Tester,3000210001002,1.0375,1.975,0.275,0.0875,0.0375
2,GTFT(0.1),Tester,3000210001004,0.9375,1.5625,0.15,0.025,0.0125
2,GTFT(0.1),Tester,3000210001006,1.0625,1.8125,0.225,0.075,0.0125
2,GTFT(0.1),Tester,3000210001008,0.95,1.7,0.1875,0.0375,0.0125
2,GTFT(0.1),Tester,3000210001010,1.0375,1.5375,0.15,0.05,0.0125
2,GTFT(0.1),Tester,3000210001012,1.05,1.8625,0.2375,0.075,0.0125
2,GTFT(0.1),Tester,3000210001014,1.2125,1.8375,0.25,0.125,0.0375
2,GTFT(0.1),Tester,3000210001016,1.0625,1.75,0.2125,0.075,0.025
2,GTFT(0.1),Tester,3000210001018,0.9125,1.6625,0.175,0.025,0.0125
2,GTFT(0.1),Tester,3000210001020,0.9625,1.4625,0.125,0.025,0.0125
2,GTFT(0.1),Tester,3000210001022,1.0,1.6875,0.1875,0.05,0.0125
2,GTFT(0.1),Tester,3000210001024,1.0875,1.525,0.15,0.0625,0.0125
2,GTFT(0.1),Tester,3000210001026,0.9375,1.5625,0.15,0.025,0.0125
2,GTFT(0.1),Tester,3000210001028,1.025,1.5875,0.1625,0.05,0.0125
2,GTFT(0.1),Tester,3000210001030,1.0125,1.575,0.1625,0.05,0.025
2,GTFT(0.1),Tester,3000210001032,1.2,1.7,0.2125,0.1125,0.0375
2,GTFT(0.1),Tester,3000210001034,1.075,1.575,0.1625,0.0625,0.0125
2,GTFT(0.1),Tester,3000210001036,1.075,1.45,0.125,0.05,0.0
2,GTFT(0.1),Tester,3000210001038,1.0,1.6875,0.1875,0.05,0.0125
2,GTFT(0.1),Pavlov (Win-Stay Lose-Shift),3000210001200,2.3375,2.4,0.6,0.5875,0.4125
2,GTFT(0.1),Pavlov (Win-Stay Lose-Shift),3000210001202,2.175,2.2375,0.4875,0.475,0.2375
2,GTFT(0.1),Pavlov (Win-Stay Lose-Shift),3000210001204,2.5125,2.5125,0.6625,0.6625,0.475
2,GTFT(0.1),Pavlov (Win-Stay Lose-Shift),3000210001206,2.0125,2.3875,0.5,0.425,0.1875
2,GTFT(0.1),Pavlov (Win-Stay Lose-Shift),3000210001208,2.4125,2.725,0.7375,0.675,0.55
2,GTFT(0.1),Pavlov (Win-Stay Lose-Shift),3000210001210,2.15,2.15,0.425,0.425,0.125
2,GTFT(0.1),Pavlov (Win-Stay Lose-Shift),3000210001212,2.225,2.35,0.5375,0.5125,0.2875
2,GTFT(0.1),Pavlov (Win-Stay Lose-Shift),3000210001214,2.6125,2.55,0.7125,0.725,0.575
2,GTFT(0.1),Pavlov (Win-Stay Lose-Shift),3000210001216,2.525,2.525,0.675,0.675,0.5
2,GTFT(0.1),Pavlov (Win-Stay Lose-Shift),3000210001218,2.4625,2.65,0.7125,0.675,0.525
2,GTFT(0.1),Pavlov (Win-Stay Lose-Shift),3000210001220,2.275,2.4,0.5625,0.5375,0.3125
2,GTFT(0.1),Pavlov (Win-Stay Lose-Shift),3000210001222,2.725,2.725,0.825,0.825,0.75
2,GTFT(0.1),Pavlov (Win-Stay Lose-Shift),3000210001224,2.625,2.625,0.75,0.75,0.625
2,GTFT(0.1),Pavlov (Win-Stay Lose-Shift),3000210001226,2.8,2.8,0.8625,0.8625,0.7875
2,GTFT(0.1),Pavlov (Win-Stay Lose-Shift),3000210001228,2.0875,2.3375,0.5,0.45,0.2125
2,GTFT(0.1),Pavlov (Win-Stay Lose-Shift),3000210001230,2.175,2.3625,0.525,0.4875,0.25
2,GTFT(0.1),Pavlov (Win-Stay Lose-Shift),3000210001232,2.0625,2.375,0.5125,0.45,0.225
2,GTFT(0.1),Pavlov (Win-Stay Lose-Shift),3000210001234,2.55,2.425,0.65,0.675,0.5
2,GTFT(0.1),Pavlov (Win-Stay Lose-Shift),3000210001236,2.175,2.425,0.55,0.5,0.275
2,GTFT(0.1),Pavlov (Win-Stay Lose-Shift),3000210001238,2.525,2.775,0.7875,0.7375,0.6375
2,Pavlov,Tit For Tat,3000210000000,2.4125,2.35,0.5875,0.6,0.4
2,Pavlov,Tit For Tat,3000210000002,2.375,2.375,0.5875,0.5875,0.3875
2,Pavlov,Tit For Tat,3000210000004,2.6875,2.625,0.7625,0.775,0.65
2,Pavlov,Tit For Tat,3000210000006,2.7375,2.675,0.8,0.8125,0.7125
2,Pavlov,Tit For Tat,3000210000008,2.25,2.375,0.55,0.525,0.3
2,Pavlov,Tit For Tat,3000210000010,2.4875,2.175,0.525,0.5875,0.3375
2,Pavlov,Tit For Tat,3000210000012,2.175,2.175,0.4625,0.4625,0.2125
2,Pavlov,Tit For Tat,3000210000014,2.675,2.7375,0.8125,0.8,0.7125
2,Pavlov,Tit For Tat,3000210000016,2.225,2.475,0.5875,0.5375,0.3375
2,Pavlov,Tit For Tat,3000210000018,2.4,2.4625,0.6125,0.6,0.3875
2,Pavlov,Tit For Tat,3000210000020,2.4125,2.225,0.525,0.5625,0.3125
2,Pavlov,Tit For Tat,3000210000022,2.1125,2.175,0.425,0.4125,0.1125
2,Pavlov,Tit For Tat,3000210000024,2.3,2.3625,0.5375,0.525,0.2625
2,Pavlov,Tit For Tat,3000210000026,2.55,2.55,0.6875,0.6875,0.5125
2,Pavlov,Tit For Tat,3000210000028,2.475,2.475,0.65,0.65,0.475
2,Pavlov,Tit For Tat,3000210000030,2.5625,2.6875,0.7625,0.7375,0.625
2,Pavlov,Tit For Tat,3000210000032,2.2375,2.175,0.4625,0.475,0.2
2,Pavlov,Tit For Tat,3000210000034,2.225,2.225,0.475,0.475,0.2
2,Pavlov,Tit For Tat,3000210000036,2.4125,2.225,0.5125,0.55,0.275
2,Pavlov,Tit For Tat,3000210000038,2.3125,2.375,0.575,0.5625,0.3625
2,Pavlov,Always Defect,3000210000200,0.6875,2.875,0.4875,0.05,0.025
2,Pavlov,Always Defect,3000210000202,0.725,2.9125,0.5,0.0625,0.025
2,Pavlov,Always Defect,3000210000204,0.6375,3.0125,0.525,0.05,0.0375
2,Pavlov,Always Defect,3000210000206,0.7125,2.9625,0.5125,0.0625,0.025
2,Pavlov,Always Defect,3000210000208,0.6625,2.9125,0.5,0.05,0.0375
2,Pavlov,Always Defect,3000210000210,0.6375,2.95,0.5,0.0375,0.0125
2,Pavlov,Always Defect,3000210000212,0.5625,2.9375,0.4875,0.0125,0.0
2,Pavlov,Always Defect,3000210000214,0.825,2.7625,0.4625,0.075,0.0125
2,Pavlov,Always Defect,3000210000216,0.675,2.925,0.5,0.05,0.025
2,Pavlov,Always Defect,3000210000218,0.7375,2.925,0.5125,0.075,0.05
2,Pavlov,Always Defect,3000210000220,0.7,2.8875,0.4875,0.05,0.0125
2,Pavlov,Always Defect,3000210000222,0.6375,3.075,0.55,0.0625,0.0625
2,Pavlov,Always Defect,3000210000224,0.825,2.825,0.4875,0.0875,0.0375
2,Pavlov,Always Defect,3000210000226,0.575,3.0125,0.5125,0.025,0.0125
2,Pavlov,Always Defect,3000210000228,0.6875,3.0,0.525,0.0625,0.0375
2,Pavlov,Always Defect,3000210000230,0.7,3.0125,0.5375,0.075,0.0625
2,Pavlov,Always Defect,3000210000232,0.5375,2.975,0.5,0.0125,0.0125
2,Pavlov,Always Defect,3000210000234,0.8375,2.9,0.5125,0.1,0.05
2,Pavlov,Always Defect,3000210000236,0.7625,2.8875,0.5,0.075,0.0375
2,Pavlov,Always Defect,3000210000238,0.525,3.0875,0.525,0.0125,0.0
2,Pavlov,Grudger,3000210000400,0.7625,2.7625,0.4625,0.0625,0.025
2,Pavlov,Grudger,3000210000402,0.7875,2.85,0.4875,0.075,0.025
2,Pavlov,Grudger,3000210000404,1.15,2.9,0.5875,0.2375,0.2125
2,Pavlov,Grudger,3000210000406,1.0125,2.825,0.525,0.1625,0.1125
2,Pavlov,Grudger,3000210000408,1.25,3.0,0.65,0.3,0.3
2,Pavlov,Grudger,3000210000410,0.85,2.975,0.55,0.125,0.1
2,Pavlov,Grudger,3000210000412,0.8,2.925,0.525,0.1,0.075
2,Pavlov,Grudger,3000210000414,0.7375,3.05,0.55,0.0875,0.0625
2,Pavlov,Grudger,3000210000416,1.1375,2.95,0.6,0.2375,0.2125
2,Pavlov,Grudger,3000210000418,1.125,2.9375,0.5875,0.225,0.1875
2,Pavlov,Grudger,3000210000420,0.75,2.875,0.5,0.075,0.05
2,Pavlov,Grudger,3000210000422,0.9125,2.9125,0.55,0.15,0.1375
2,Pavlov,Grudger,3000210000424,1.8375,3.025,0.775,0.5375,0.5375
2,Pavlov,Grudger,3000210000426,1.775,2.9625,0.7375,0.5,0.4875
2,Pavlov,Grudger,3000210000428,1.1625,2.85,0.575,0.2375,0.2125
2,Pavlov,Grudger,3000210000430,0.7375,3.05,0.55,0.0875,0.0625
2,Pavlov,Grudger,3000210000432,0.9,2.7125,0.4625,0.1,0.0375
2,Pavlov,Grudger,3000210000434,1.8875,2.8875,0.725,0.525,0.4875
2,Pavlov,Grudger,3000210000436,0.9,2.9,0.525,0.125,0.075
2,Pavlov,Grudger,3000210000438,0.6875,3.0,0.525,0.0625,0.0375
2,Pavlov,Joss (0.9),3000210000600,1.975,2.0375,0.35,0.3375,0.025
2,Pavlov,Joss (0.9),3000210000602,2.025,2.025,0.3625,0.3625,0.0625
2,Pavlov,Joss (0.9),3000210000604,2.1,2.1,0.4,0.4,0.1
2,Pavlov,Joss (0.9),3000210000606,2.3125,2.1875,0.4875,0.5125,0.25
2,Pavlov,Joss (0.9),3000210000608,1.7625,2.2625,0.4125,0.3125,0.075
2,Pavlov,Joss (0.9),3000210000610,2.225,2.475,0.6,0.55,0.375
2,Pavlov,Joss (0.9),3000210000612,1.8875,2.2625,0.45,0.375,0.1625
2,Pavlov,Joss (0.9),3000210000614,2.4625,2.65,0.725,0.6875,0.5625
2,Pavlov,Joss (0.9),3000210000616,1.8,2.175,0.375,0.3,0.025
2,Pavlov,Joss (0.9),3000210000618,1.9125,2.1625,0.4,0.35,0.0875
2,Pavlov,Joss (0.9),3000210000620,2.075,2.2,0.4375,0.4125,0.1375
2,Pavlov,Joss (0.9),3000210000622,2.3625,2.6125,0.6875,0.6375,0.5
2,Pavlov,Joss (0.9),3000210000624,1.825,2.2,0.3875,0.3125,0.0375
2,Pavlov,Joss (0.9),3000210000626,2.1,2.225,0.45,0.425,0.15
2,Pavlov,Joss (0.9),3000210000628,2.4875,2.55,0.6875,0.675,0.525
2,Pavlov,Joss (0.9),3000210000630,2.025,2.275,0.4625,0.4125,0.1625
2,Pavlov,Joss (0.9),3000210000632,1.9,2.0875,0.35,0.3125,0.0
2,Pavlov,Joss (0.9),3000210000634,2.3125,2.4375,0.6,0.575,0.3875
2,Pavlov,Joss (0.9),3000210000636,2.0125,2.075,0.3875,0.375,0.1
2,Pavlov,Joss (0.9),3000210000638,2.1125,2.2375,0.475,0.45,0.2125
2,Pavlov,Random (0.5),3000210000800,2.2625,2.2625,0.5125,0.5125,0.275
2,Pavlov,Random (0.5),3000210000802,1.8875,2.575,0.575,0.4375,0.2875
2,Pavlov,Random (0.5),3000210000804,2.35,2.225,0.5,0.525,0.25
2,Pavlov,Random (0.5),3000210000806,2.325,2.1375,0.4625,0.5,0.2125
2,Pavlov,Random (0.5),3000210000808,2.0875,2.4,0.55,0.4875,0.3125
2,Pavlov,Random (0.5),3000210000810,2.3125,2.1875,0.475,0.5,0.2125
2,Pavlov,Random (0.5),3000210000812,2.375,2.1875,0.4875,0.525,0.2375
2,Pavlov,Random (0.5),3000210000814,2.1875,2.1875,0.4625,0.4625,0.2
2,Pavlov,Random (0.5),3000210000816,2.6375,1.825,0.375,0.5375,0.1375
2,Pavlov,Random (0.5),3000210000818,2.3875,2.2625,0.525,0.55,0.2875
2,Pavlov,Random (0.5),3000210000820,2.4875,2.05,0.45,0.5375,0.2125
2,Pavlov,Random (0.5),3000210000822,2.5125,2.0125,0.4375,0.5375,0.2
2,Pavlov,Random (0.5),3000210000824,2.5875,2.025,0.45,0.5625,0.2125
2,Pavlov,Random (0.5),3000210000826,2.7375,1.7375,0.3625,0.5625,0.15
2,Pavlov,Random (0.5),3000210000828,2.1875,2.25,0.475,0.4625,0.1875
2,Pavlov,Random (0.5),3000210000830,2.3625,2.425,0.6,0.5875,0.3875
2,Pavlov,Random (0.5),3000210000832,2.325,2.075,0.45,0.5,0.225
2,Pavlov,Random (0.5),3000210000834,2.0625,2.3125,0.4875,0.4375,0.2
2,Pavlov,Random (0.5),3000210000836,2.6375,2.075,0.4875,0.6,0.275
2,Pavlov,Random (0.5),3000210000838,2.4875,1.925,0.4,0.5125,0.1625
2,Pavlov,Tester,3000210001000,0.7875,2.9125,0.5125,0.0875,0.05
2,Pavlov,Tester,3000210001002,0.7625,2.95,0.525,0.0875,0.0625
2,Pavlov,Tester,3000210001004,0.6,2.9125,0.4875,0.025,0.0125
2,Pavlov,Tester,3000210001006,0.7625,2.825,0.4875,0.075,0.05
2,Pavlov,Tester,3000210001008,0.6,2.975,0.5125,0.0375,0.0375
2,Pavlov,Tester,3000210001010,0.65,2.9625,0.5125,0.05,0.0375
2,Pavlov,Tester,3000210001012,0.7375,2.925,0.5125,0.075,0.05
2,Pavlov,Tester,3000210001014,0.9375,2.8125,0.5,0.125,0.0625
2,Pavlov,Tester,3000210001016,0.7125,2.9625,0.525,0.075,0.0625
2,Pavlov,Tester,3000210001018,0.5625,3.0,0.5125,0.025,0.025
2,Pavlov,Tester,3000210001020,0.6125,2.8625,0.475,0.025,0.0125
2,Pavlov,Tester,3000210001022,0.6375,2.95,0.5125,0.05,0.05
2,Pavlov,Tester,3000210001024,0.6375,3.075,0.55,0.0625,0.0625
2,Pavlov,Tester,3000210001026,0.575,2.95,0.5,0.025,0.025
2,Pavlov,Tester,3000210001028,0.6375,3.0125,0.525,0.05,0.0375
2,Pavlov,Tester,3000210001030,0.6125,3.05,0.5375,0.05,0.05
2,Pavlov,Tester,3000210001032,0.9125,2.85,0.5,0.1125,0.0375
2,Pavlov,Tester,3000210001034,0.65,3.025,0.5375,0.0625,0.0625
2,Pavlov,Tester,3000210001036,2.2625,2.325,0.5375,0.525,0.3
2,Pavlov,Tester,3000210001038,0.6375,3.075,0.5375,0.05,0.025
2,Pavlov,Pavlov (Win-Stay Lose-Shift),3000210001200,2.8375,2.4625,0.75,0.825,0.7125
2,Pavlov,Pavlov (Win-Stay Lose-Shift),3000210001202,2.75,2.75,0.85,0.85,0.8
2,Pavlov,Pavlov (Win-Stay Lose-Shift),3000210001204,2.8625,2.675,0.8375,0.875,0.8
2,Pavlov,Pavlov (Win-Stay Lose-Shift),3000210001206,2.8375,2.9,0.925,0.9125,0.8875
2,Pavlov,Pavlov (Win-Stay Lose-Shift),3000210001208,2.775,2.7125,0.8375,0.85,0.7875
2,Pavlov,Pavlov (Win-Stay Lose-Shift),3000210001210,2.875,2.8125,0.9,0.9125,0.875
2,Pavlov,Pavlov (Win-Stay Lose-Shift),3000210001212,2.8,2.8,0.875,0.875,0.825
2,Pavlov,Pavlov (Win-Stay Lose-Shift),3000210001214,2.8125,2.8125,0.8875,0.8875,0.85
2,Pavlov,Pavlov (Win-Stay Lose-Shift),3000210001216,2.9625,2.5875,0.825,0.9,0.8125
2,Pavlov,Pavlov (Win-Stay Lose-Shift),3000210001218,2.875,2.875,0.925,0.925,0.9
2,Pavlov,Pavlov (Win-Stay Lose-Shift),3000210001220,2.7125,2.775,0.85,0.8375,0.7875
2,Pavlov,Pavlov (Win-Stay Lose-Shift),3000210001222,2.775,2.9,0.9125,0.8875,0.8625
2,Pavlov,Pavlov (Win-Stay Lose-Shift),3000210001224,2.675,2.8,0.85,0.825,0.775
2,Pavlov,Pavlov (Win-Stay Lose-Shift),3000210001226,2.5625,2.9375,0.8875,0.8125,0.8
2,Pavlov,Pavlov (Win-Stay Lose-Shift),3000210001228,2.65,2.8375,0.8625,0.825,0.7875
2,Pavlov,Pavlov (Win-Stay Lose-Shift),3000210001230,2.9,2.7125,0.8625,0.9,0.8375
2,Pavlov,Pavlov (Win-Stay Lose-Shift),3000210001232,2.6875,2.8125,0.8625,0.8375,0.8
2,Pavlov,Pavlov (Win-Stay Lose-Shift),3000210001234,2.7875,2.725,0.8375,0.85,0.775
2,Pavlov,Pavlov (Win-Stay Lose-Shift),3000210001236,2.7875,2.6625,0.8125,0.8375,0.75
2,Pavlov,Pavlov (Win-Stay Lose-Shift),3000210001238,2.875,2.9375,0.95,0.9375,0.925
2,ALLD,Tit For Tat,3000210000000,1.425,1.175,0.075,0.125,0.0
2,ALLD,Tit For Tat,3000210000002,1.6625,1.1625,0.0875,0.1875,0.0
2,ALLD,Tit For Tat,3000210000004,1.3375,0.9625,0.0125,0.0875,0.0
2,ALLD,Tit For Tat,3000210000006,1.1625,1.1,0.0375,0.05,0.0
2,ALLD,Tit For Tat,3000210000008,1.4,1.0875,0.05,0.1125,0.0
2,ALLD,Tit For Tat,3000210000010,1.5625,1.1875,0.0875,0.1625,0.0
2,ALLD,Tit For Tat,3000210000012,1.525,1.2125,0.1,0.1625,0.025
2,ALLD,Tit For Tat,3000210000014,1.175,1.05,0.025,0.05,0.0
2,ALLD,Tit For Tat,3000210000016,1.55,1.1125,0.075,0.1625,0.025
2,ALLD,Tit For Tat,3000210000018,1.5,1.1875,0.0875,0.15,0.0125
2,ALLD,Tit For Tat,3000210000020,1.525,0.9625,0.025,0.1375,0.0
2,ALLD,Tit For Tat,3000210000022,1.35,1.1,0.05,0.1,0.0
2,ALLD,Tit For Tat,3000210000024,1.475,1.2875,0.1125,0.15,0.0125
2,ALLD,Tit For Tat,3000210000026,1.4625,1.2125,0.0875,0.1375,0.0
2,ALLD,Tit For Tat,3000210000028,1.3375,1.0875,0.05,0.1,0.0125
2,ALLD,Tit For Tat,3000210000030,1.4,1.0875,0.05,0.1125,0.0
2,ALLD,Tit For Tat,3000210000032,1.425,1.175,0.075,0.125,0.0
2,ALLD,Tit For Tat,3000210000034,1.35,1.0375,0.0375,0.1,0.0125
2,ALLD,Tit For Tat,3000210000036,1.5375,1.1,0.0625,0.15,0.0
2,ALLD,Tit For Tat,3000210000038,1.3125,1.0625,0.0375,0.0875,0.0
2,ALLD,Always Defect,3000210000200,1.15,1.0875,0.0375,0.05,0.0125
2,ALLD,Always Defect,3000210000202,1.25,0.9375,0.0,0.0625,0.0
2,ALLD,Always Defect,3000210000204,1.1125,1.2375,0.075,0.05,0.0125
2,ALLD,Always Defect,3000210000206,1.2,1.1375,0.05,0.0625,0.0
2,ALLD,Always Defect,3000210000208,1.1125,1.3,0.0875,0.05,0.0
2,ALLD,Always Defect,3000210000210,1.0625,1.3125,0.0875,0.0375,0.0
2,ALLD,Always Defect,3000210000212,1.0125,1.1375,0.0375,0.0125,0.0
2,ALLD,Always Defect,3000210000214,1.2,1.2625,0.0875,0.075,0.0125
2,ALLD,Always Defect,3000210000216,1.2,0.95,0.0,0.05,0.0
2,ALLD,Always Defect,3000210000218,1.225,1.225,0.075,0.075,0.0
2,ALLD,Always Defect,3000210000220,1.2,0.95,0.0,0.05,0.0
2,ALLD,Always Defect,3000210000222,1.1625,1.1625,0.0625,0.0625,0.025
2,ALLD,Always Defect,3000210000224,1.3,1.05,0.0375,0.0875,0.0125
2,ALLD,Always Defect,3000210000226,1.075,1.075,0.025,0.025,0.0
2,ALLD,Always Defect,3000210000228,1.175,1.175,0.0625,0.0625,0.0125
2,ALLD,Always Defect,3000210000230,1.2875,0.975,0.0125,0.075,0.0
2,ALLD,Always Defect,3000210000232,1.0125,1.1375,0.0375,0.0125,0.0
2,ALLD,Always Defect,3000210000234,1.3375,1.0875,0.05,0.1,0.0125
2,ALLD,Always Defect,3000210000236,1.2375,1.175,0.0625,0.075,0.0
2,ALLD,Always Defect,3000210000238,0.975,1.2875,0.075,0.0125,0.0
2,ALLD,Grudger,3000210000400,1.1375,1.2,0.0625,0.05,0.0
2,ALLD,Grudger,3000210000402,1.1875,1.1875,0.0625,0.0625,0.0
2,ALLD,Grudger,3000210000404,1.25,1.125,0.05,0.075,0.0
2,ALLD,Grudger,3000210000406,1.2625,1.075,0.0375,0.075,0.0
2,ALLD,Grudger,3000210000408,1.35,1.1,0.05,0.1,0.0
2,ALLD,Grudger,3000210000410,1.1125,1.2375,0.075,0.05,0.0125
2,ALLD,Grudger,3000210000412,1.2125,1.0875,0.0375,0.0625,0.0
2,ALLD,Grudger,3000210000414,1.0875,1.2125,0.0625,0.0375,0.0
2,ALLD,Grudger,3000210000416,1.075,1.2625,0.075,0.0375,0.0
2,ALLD,Grudger,3000210000418,1.2875,1.1625,0.0625,0.0875,0.0
2,ALLD,Grudger,3000210000420,1.0125,1.325,0.0875,0.025,0.0
2,ALLD,Grudger,3000210000422,1.0875,1.2125,0.0625,0.0375,0.0
2,ALLD,Grudger,3000210000424,1.2,0.95,0.0,0.05,0.0
2,ALLD,Grudger,3000210000426,1.0875,1.025,0.0125,0.025,0.0
2,ALLD,Grudger,3000210000428,1.1125,1.1125,0.0375,0.0375,0.0
2,ALLD,Grudger,3000210000430,1.2625,1.2,0.075,0.0875,0.0125
2,ALLD,Grudger,3000210000432,1.25,1.125,0.05,0.075,0.0
2,ALLD,Grudger,3000210000434,1.1625,1.1,0.0375,0.05,0.0
2,ALLD,Grudger,3000210000436,1.2875,0.975,0.0125,0.075,0.0
2,ALLD,Grudger,3000210000438,1.125,1.1875,0.0625,0.05,0.0125
2,ALLD,Joss (0.9),3000210000600,1.1,1.1625,0.05,0.0375,0.0
2,ALLD,Joss (0.9),3000210000602,1.4,1.0875,0.05,0.1125,0.0
2,ALLD,Joss (0.9),3000210000604,1.25,1.0625,0.0375,0.075,0.0125
2,ALLD,Joss (0.9),3000210000606,1.3875,1.2,0.0875,0.125,0.025
2,ALLD,Joss (0.9),3000210000608,1.3375,1.15,0.0625,0.1,0.0
2,ALLD,Joss (0.9),3000210000610,1.375,1.1875,0.075,0.1125,0.0
2,ALLD,Joss (0.9),3000210000612,1.4,1.0875,0.05,0.1125,0.0
2,ALLD,Joss (0.9),3000210000614,1.275,1.025,0.025,0.075,0.0
2,ALLD,Joss (0.9),3000210000616,1.1375,1.0125,0.0125,0.0375,0.0
2,ALLD,Joss (0.9),3000210000618,1.35,1.1,0.05,0.1,0.0
2,ALLD,Joss (0.9),3000210000620,1.3625,1.1125,0.0625,0.1125,0.025
2,ALLD,Joss (0.9),3000210000622,1.2875,0.975,0.0125,0.075,0.0
2,ALLD,Joss (0.9),3000210000624,1.2,0.95,0.0,0.05,0.0
2,ALLD,Joss (0.9),3000210000626,1.3,1.175,0.075,0.1,0.025
2,ALLD,Joss (0.9),3000210000628,1.2375,1.175,0.0625,0.075,0.0
2,ALLD,Joss (0.9),3000210000630,1.3125,1.1875,0.075,0.1,0.0125
2,ALLD,Joss (0.9),3000210000632,1.35,1.225,0.0875,0.1125,0.0125
2,ALLD,Joss (0.9),3000210000634,1.2375,0.9875,0.0125,0.0625,0.0
2,ALLD,Joss (0.9),3000210000636,1.4,1.275,0.1,0.125,0.0
2,ALLD,Joss (0.9),3000210000638,1.3375,1.15,0.0625,0.1,0.0
2,ALLD,Random (0.5),3000210000800,3.0125,0.575,0.025,0.5125,0.0125
2,ALLD,Random (0.5),3000210000802,2.5625,1.0,0.125,0.4375,0.0625
2,ALLD,Random (0.5),3000210000804,3.0375,0.6,0.0375,0.525,0.025
2,ALLD,Random (0.5),3000210000806,2.975,0.5375,0.0125,0.5,0.0125
2,ALLD,Random (0.5),3000210000808,2.8625,0.7375,0.0625,0.4875,0.025
2,ALLD,Random (0.5),3000210000810,2.9375,0.6875,0.05,0.5,0.0125
2,ALLD,Random (0.5),3000210000812,3.05,0.6125,0.0375,0.525,0.0125
2,ALLD,Random (0.5),3000210000814,2.775,0.7125,0.05,0.4625,0.025
2,ALLD,Random (0.5),3000210000816,3.025,0.7125,0.075,0.5375,0.05
2,ALLD,Random (0.5),3000210000818,3.1375,0.575,0.0375,0.55,0.025
2,ALLD,Random (0.5),3000210000820,3.1375,0.5125,0.0125,0.5375,0.0
2,ALLD,Random (0.5),3000210000822,3.05,0.6125,0.05,0.5375,0.05
2,ALLD,Random (0.5),3000210000824,3.15,0.7125,0.075,0.5625,0.025
2,ALLD,Random (0.5),3000210000826,3.1875,0.5625,0.0375,0.5625,0.025
2,ALLD,Random (0.5),3000210000828,2.7625,0.7,0.05,0.4625,0.0375
2,ALLD,Random (0.5),3000210000830,3.2875,0.5375,0.0375,0.5875,0.025
2,ALLD,Random (0.5),3000210000832,2.875,0.75,0.075,0.5,0.05
2,ALLD,Random (0.5),3000210000834,2.6875,0.6875,0.0375,0.4375,0.025
2,ALLD,Random (0.5),3000210000836,3.375,0.5,0.025,0.6,0.0
2,ALLD,Random (0.5),3000210000838,3.0125,0.575,0.025,0.5125,0.0125
2,ALLD,Tester,3000210001000,1.45,0.95,0.025,0.125,0.025
2,ALLD,Tester,3000210001002,1.5875,1.0875,0.0625,0.1625,0.0
2,ALLD,Tester,3000210001004,1.225,1.0375,0.025,0.0625,0.0
2,ALLD,Tester,3000210001006,1.475,1.1625,0.075,0.1375,0.0
2,ALLD,Tester,3000210001008,1.275,1.025,0.025,0.075,0.0
2,ALLD,Tester,3000210001010,1.4,1.0875,0.05,0.1125,0.0
2,ALLD,Tester,3000210001012,1.4625,1.025,0.0375,0.125,0.0
2,ALLD,Tester,3000210001014,1.675,1.1125,0.075,0.1875,0.0
2,ALLD,Tester,3000210001016,1.55,1.1125,0.075,0.1625,0.025
2,ALLD,Tester,3000210001018,1.3625,1.175,0.075,0.1125,0.0125
2,ALLD,Tester,3000210001020,1.2875,1.1,0.05,0.0875,0.0125
2,ALLD,Tester,3000210001022,1.25,1.125,0.05,0.075,0.0
2,ALLD,Tester,3000210001024,1.4375,1.0625,0.05,0.125,0.0125
2,ALLD,Tester,3000210001026,1.3375,1.15,0.0625,0.1,0.0
2,ALLD,Tester,3000210001028,1.4375,1.125,0.0625,0.125,0.0
2,ALLD,Tester,3000210001030,1.3625,1.05,0.0375,0.1,0.0
2,ALLD,Tester,3000210001032,1.625,1.0,0.05,0.175,0.025
2,ALLD,Tester,3000210001034,1.4125,1.0375,0.0375,0.1125,0.0
2,ALLD,Tester,3000210001036,1.3375,1.0875,0.05,0.1,0.0125
2,ALLD,Tester,3000210001038,1.4375,1.125,0.0625,0.125,0.0
2,ALLD,Pavlov (Win-Stay Lose-Shift),3000210001200,2.9,0.8375,0.1,0.5125,0.05
2,ALLD,Pavlov (Win-Stay Lose-Shift),3000210001202,2.8375,0.7125,0.05,0.475,0.0125
2,ALLD,Pavlov (Win-Stay Lose-Shift),3000210001204,2.9,0.775,0.0875,0.5125,0.0625
2,ALLD,Pavlov (Win-Stay Lose-Shift),3000210001206,2.9625,0.65,0.0375,0.5,0.0
2,ALLD,Pavlov (Win-Stay Lose-Shift),3000210001208,2.975,0.725,0.0625,0.5125,0.0125
2,ALLD,Pavlov (Win-Stay Lose-Shift),3000210001210,2.95,0.6375,0.0375,0.5,0.0125
2,ALLD,Pavlov (Win-Stay Lose-Shift),3000210001212,2.9875,0.675,0.0625,0.525,0.05
2,ALLD,Pavlov (Win-Stay Lose-Shift),3000210001214,2.9875,0.6125,0.0375,0.5125,0.025
2,ALLD,Pavlov (Win-Stay Lose-Shift),3000210001216,2.9375,0.75,0.075,0.5125,0.0375
2,ALLD,Pavlov (Win-Stay Lose-Shift),3000210001218,2.9625,0.5875,0.025,0.5,0.0125
2,ALLD,Pavlov (Win-Stay Lose-Shift),3000210001220,2.95,0.6375,0.0375,0.5,0.0125
2,ALLD,Pavlov (Win-Stay Lose-Shift),3000210001222,2.9625,0.65,0.05,0.5125,0.0375
2,ALLD,Pavlov (Win-Stay Lose-Shift),3000210001224,2.8625,0.6125,0.025,0.475,0.0125
2,ALLD,Pavlov (Win-Stay Lose-Shift),3000210001226,3.025,0.525,0.0125,0.5125,0.0125
2,ALLD,Pavlov (Win-Stay Lose-Shift),3000210001228,3.0,0.5625,0.025,0.5125,0.025
2,ALLD,Pavlov (Win-Stay Lose-Shift),3000210001230,2.8875,0.7625,0.075,0.5,0.0375
2,ALLD,Pavlov (Win-Stay Lose-Shift),3000210001232,2.95,0.6375,0.0375,0.5,0.0125
2,ALLD,Pavlov (Win-Stay Lose-Shift),3000210001234,2.8625,0.7375,0.0625,0.4875,0.025
2,ALLD,Pavlov (Win-Stay Lose-Shift),3000210001236,2.975,0.6625,0.0625,0.525,0.0625
2,ALLD,Pavlov (Win-Stay Lose-Shift),3000210001238,3.0375,0.5375,0.0125,0.5125,0.0
3,TFT,Tit For Tat,3000310000000,2.7,2.7,0.725,0.725,0.475
3,TFT,Tit For Tat,3000310000002,2.5125,2.45,0.575,0.5875,0.2625
3,TFT,Tit For Tat,3000310000004,2.55,2.425,0.5625,0.5875,0.2375
3,TFT,Tit For Tat,3000310000006,2.375,2.4375,0.5125,0.5,0.1125
3,TFT,Tit For Tat,3000310000008,1.725,1.725,0.275,0.275,0.1
3,TFT,Tit For Tat,3000310000010,1.75,1.8125,0.3,0.2875,0.1
3,TFT,Tit For Tat,3000310000012,1.7625,1.7,0.2625,0.275,0.075
3,TFT,Tit For Tat,3000310000014,2.4625,2.525,0.65,0.6375,0.4375
3,TFT,Tit For Tat,3000310000016,2.45,2.5125,0.6375,0.625,0.4125
3,TFT,Tit For Tat,3000310000018,2.8375,2.775,0.8,0.8125,0.6125
3,TFT,Tit For Tat,3000310000020,2.4875,2.3625,0.5875,0.6125,0.375
3,TFT,Tit For Tat,3000310000022,2.5875,2.7125,0.75,0.725,0.5625
3,TFT,Tit For Tat,3000310000024,2.6375,2.6375,0.75,0.75,0.6125
3,TFT,Tit For Tat,3000310000026,1.7375,1.8,0.325,0.3125,0.1875
3,TFT,Tit For Tat,3000310000028,2.625,2.5,0.6375,0.6625,0.3875
3,TFT,Tit For Tat,3000310000030,2.1625,2.1625,0.425,0.425,0.1125
3,TFT,Tit For Tat,3000310000032,2.2,2.2625,0.525,0.5125,0.325
3,TFT,Tit For Tat,3000310000034,2.275,2.15,0.55,0.575,0.475
3,TFT,Tit For Tat,3000310000036,2.5375,2.6,0.5875,0.575,0.175
3,TFT,Tit For Tat,3000310000038,2.5,2.4375,0.5875,0.6,0.3125
3,TFT,Always Defect,3000310000200,1.0375,1.4125,0.1125,0.0375,0.0
3,TFT,Always Defect,3000310000202,1.0625,1.3125,0.0875,0.0375,0.0
3,TFT,Always Defect,3000310000204,1.0875,1.4,0.1125,0.05,0.0
3,TFT,Always Defect,3000310000206,1.1875,1.5,0.15,0.0875,0.0125
3,TFT,Always Defect,3000310000208,1.05,1.3625,0.1,0.0375,0.0
3,TFT,Always Defect,3000310000210,1.1375,1.2,0.0625,0.05,0.0
3,TFT,Always Defect,3000310000212,1.175,1.6125,0.175,0.0875,0.0
3,TFT,Always Defect,3000310000214,1.1375,1.45,0.1375,0.075,0.025
3,TFT,Always Defect,3000310000216,1.075,1.2625,0.075,0.0375,0.0
3,TFT,Always Defect,3000310000218,1.125,1.4375,0.125,0.0625,0.0
3,TFT,Always Defect,3000310000220,1.0625,1.125,0.0375,0.025,0.0
3,TFT,Always Defect,3000310000222,1.025,1.4,0.1125,0.0375,0.0125
3,TFT,Always Defect,3000310000224,1.075,1.3875,0.1125,0.05,0.0125
3,TFT,Always Defect,3000310000226,1.075,1.2625,0.075,0.0375,0.0
3,TFT,Always Defect,3000310000228,1.1375,1.3875,0.1125,0.0625,0.0
3,TFT,Always Defect,3000310000230,0.9875,1.2375,0.0625,0.0125,0.0
3,TFT,Always Defect,3000310000232,1.1375,1.2,0.0625,0.05,0.0
3,TFT,Always Defect,3000310000234,1.025,1.275,0.075,0.025,0.0
3,TFT,Always Defect,3000310000236,1.25,1.3125,0.1125,0.1,0.0375
3,TFT,Always Defect,3000310000238,1.0,1.1875,0.05,0.0125,0.0
3,TFT,Grudger,3000310000400,1.0625,1.25,0.075,0.0375,0.0125
3,TFT,Grudger,3000310000402,1.575,1.8875,0.3625,0.3,0.2625
3,TFT,Grudger,3000310000404,1.525,1.65,0.2875,0.2625,0.2375
3,TFT,Grudger,3000310000406,1.75,2.125,0.475,0.4,0.375
3,TFT,Grudger,3000310000408,1.4875,1.675,0.275,0.2375,0.1875
3,TFT,Grudger,3000310000410,1.325,1.5125,0.2,0.1625,0.125
3,TFT,Grudger,3000310000412,1.125,1.375,0.1125,0.0625,0.0125
3,TFT,Grudger,3000310000414,1.4375,1.75,0.2875,0.225,0.175
3,TFT,Grudger,3000310000416,1.225,1.4125,0.15,0.1125,0.075
3,TFT,Grudger,3000310000418,1.9375,2.0,0.4625,0.45,0.4
3,TFT,Grudger,3000310000420,1.325,1.6375,0.2375,0.175,0.1375
3,TFT,Grudger,3000310000422,2.1625,2.1625,0.55,0.55,0.4875
3,TFT,Grudger,3000310000424,1.2625,1.3875,0.15,0.125,0.0875
3,TFT,Grudger,3000310000426,2.2875,2.35,0.65,0.6375,0.6125
3,TFT,Grudger,3000310000428,1.1875,1.625,0.2,0.1125,0.0625
3,TFT,Grudger,3000310000430,2.0125,2.3875,0.6,0.525,0.4875
3,TFT,Grudger,3000310000432,1.025,1.5875,0.1625,0.05,0.0125
3,TFT,Grudger,3000310000434,1.575,1.825,0.35,0.3,0.275
3,TFT,Grudger,3000310000436,1.475,1.6625,0.2625,0.225,0.1625
3,TFT,Grudger,3000310000438,1.075,1.45,0.125,0.05,0.0
3,TFT,Joss (0.9),3000310000600,1.8375,1.7125,0.2625,0.2875,0.05
3,TFT,Joss (0.9),3000310000602,1.75,1.875,0.325,0.3,0.125
3,TFT,Joss (0.9),3000310000604,1.925,2.05,0.3875,0.3625,0.1375
3,TFT,Joss (0.9),3000310000606,1.8125,1.875,0.3625,0.35,0.225
3,TFT,Joss (0.9),3000310000608,2.2625,2.325,0.525,0.5125,0.2625
3,TFT,Joss (0.9),3000310000610,2.0625,2.125,0.375,0.3625,0.0125
3,TFT,Joss (0.9),3000310000612,2.1375,2.1375,0.475,0.475,0.2875
3,TFT,Joss (0.9),3000310000614,2.3125,2.375,0.525,0.5125,0.2125
3,TFT,Joss (0.9),3000310000616,1.8875,2.075,0.3625,0.325,0.05
3,TFT,Joss (0.9),3000310000618,1.45,1.3875,0.15,0.1625,0.05
3,TFT,Joss (0.9),3000310000620,2.35,2.2875,0.5375,0.55,0.3125
3,TFT,Joss (0.9),3000310000622,1.7375,1.925,0.325,0.2875,0.0875
3,TFT,Joss (0.9),3000310000624,2.35,2.5375,0.5875,0.55,0.2625
3,TFT,Joss (0.9),3000310000626,2.3,2.2375,0.525,0.5375,0.325
3,TFT,Joss (0.9),3000310000628,1.9625,2.275,0.4625,0.4,0.175
3,TFT,Joss (0.9),3000310000630,2.1,2.225,0.475,0.45,0.225
3,TFT,Joss (0.9),3000310000632,2.3375,2.525,0.625,0.5875,0.3875
3,TFT,Joss (0.9),3000310000634,2.0875,2.15,0.4375,0.425,0.175
3,TFT,Joss (0.9),3000310000636,1.65,1.65,0.2625,0.2625,0.1375
3,TFT,Joss (0.9),3000310000638,1.6,1.6625,0.225,0.2125,0.025
3,TFT,Random (0.5),3000310000800,2.2375,2.175,0.475,0.4875,0.2375
3,TFT,Random (0.5),3000310000802,2.2875,2.4125,0.55,0.525,0.2625
3,TFT,Random (0.5),3000310000804,2.2875,2.2875,0.525,0.525,0.2875
3,TFT,Random (0.5),3000310000806,2.25,2.125,0.4625,0.4875,0.2375
3,TFT,Random (0.5),3000310000808,2.3375,2.275,0.5375,0.55,0.325
3,TFT,Random (0.5),3000310000810,2.375,2.4375,0.575,0.5625,0.3
3,TFT,Random (0.5),3000310000812,2.2625,2.45,0.5625,0.525,0.275
3,TFT,Random (0.5),3000310000814,2.35,2.4125,0.5625,0.55,0.2875
3,TFT,Random (0.5),3000310000816,2.125,2.0,0.4,0.425,0.175
3,TFT,Random (0.5),3000310000818,2.3375,2.4625,0.5875,0.5625,0.325
3,TFT,Random (0.5),3000310000820,2.3375,2.3375,0.55,0.55,0.3125
3,TFT,Random (0.5),3000310000822,2.35,2.35,0.55,0.55,0.3
3,TFT,Random (0.5),3000310000824,2.3625,2.425,0.575,0.5625,0.3125
3,TFT,Random (0.5),3000310000826,2.25,2.125,0.45,0.475,0.2
3,TFT,Random (0.5),3000310000828,2.1875,2.25,0.5,0.4875,0.2625
3,TFT,Random (0.5),3000310000830,2.125,2.25,0.475,0.45,0.2
3,TFT,Random (0.5),3000310000832,2.1375,2.2,0.475,0.4625,0.2375
3,TFT,Random (0.5),3000310000834,2.2375,2.05,0.45,0.4875,0.2625
3,TFT,Random (0.5),3000310000836,2.0625,2.3125,0.525,0.475,0.3125
3,TFT,Random (0.5),3000310000838,2.275,2.2125,0.5,0.5125,0.275
3,TFT,Tester,3000310001000,1.9875,2.05,0.35,0.3375,0.0125
3,TFT,Tester,3000310001002,2.125,2.1875,0.45,0.4375,0.175
3,TFT,Tester,3000310001004,1.0125,1.325,0.1,0.0375,0.0375
3,TFT,Tester,3000310001006,1.05,1.2375,0.075,0.0375,0.025
3,TFT,Tester,3000310001008,1.2125,1.4,0.125,0.0875,0.0125
3,TFT,Tester,3000310001010,1.1875,1.3125,0.1,0.075,0.0125
3,TFT,Tester,3000310001012,1.025,1.2125,0.0625,0.025,0.0125
3,TFT,Tester,3000310001014,1.175,1.3,0.1,0.075,0.025
3,TFT,Tester,3000310001016,1.05,1.3,0.0875,0.0375,0.0125
3,TFT,Tester,3000310001018,1.1,1.2875,0.0875,0.05,0.0125
3,TFT,Tester,3000310001020,1.1875,1.5,0.15,0.0875,0.0125
3,TFT,Tester,3000310001022,1.175,1.3625,0.1125,0.075,0.0125
3,TFT,Tester,3000310001024,0.9625,1.275,0.075,0.0125,0.0125
3,TFT,Tester,3000310001026,1.175,1.3625,0.1125,0.075,0.0125
3,TFT,Tester,3000310001028,1.1,1.2875,0.0875,0.05,0.0125
3,TFT,Tester,3000310001030,1.0625,1.1875,0.0625,0.0375,0.025
3,TFT,Tester,3000310001032,1.25,1.6875,0.225,0.1375,0.075
3,TFT,Tester,3000310001034,1.1625,1.4125,0.125,0.075,0.0125
3,TFT,Tester,3000310001036,2.525,2.525,0.55,0.55,0.125
3,TFT,Tester,3000310001038,1.175,1.3625,0.1125,0.075,0.0125
3,TFT,Pavlov (Win-Stay Lose-Shift),3000310001200,2.4625,2.5875,0.7,0.675,0.5375
3,TFT,Pavlov (Win-Stay Lose-Shift),3000310001202,2.1375,2.325,0.5,0.4625,0.2125
3,TFT,Pavlov (Win-Stay Lose-Shift),3000310001204,2.325,2.5125,0.625,0.5875,0.4
3,TFT,Pavlov (Win-Stay Lose-Shift),3000310001206,2.075,2.1375,0.4125,0.4,0.1125
3,TFT,Pavlov (Win-Stay Lose-Shift),3000310001208,2.15,2.15,0.425,0.425,0.125
3,TFT,Pavlov (Win-Stay Lose-Shift),3000310001210,2.125,2.25,0.475,0.45,0.2
3,TFT,Pavlov (Win-Stay Lose-Shift),3000310001212,2.5,2.5,0.6625,0.6625,0.4875
3,TFT,Pavlov (Win-Stay Lose-Shift),3000310001214,2.125,2.0625,0.3875,0.4,0.0875
3,TFT,Pavlov (Win-Stay Lose-Shift),3000310001216,2.2375,2.3,0.525,0.5125,0.2875
3,TFT,Pavlov (Win-Stay Lose-Shift),3000310001218,1.95,2.2,0.4125,0.3625,0.0875
3,TFT,Pavlov (Win-Stay Lose-Shift),3000310001220,2.225,2.0375,0.4,0.4375,0.125
3,TFT,Pavlov (Win-Stay Lose-Shift),3000310001222,2.8125,2.75,0.85,0.8625,0.7875
3,TFT,Pavlov (Win-Stay Lose-Shift),3000310001224,2.625,2.5625,0.725,0.7375,0.6
3,TFT,Pavlov (Win-Stay Lose-Shift),3000310001226,2.4875,2.4875,0.65,0.65,0.4625
3,TFT,Pavlov (Win-Stay Lose-Shift),3000310001228,2.575,2.6375,0.75,0.7375,0.625
3,TFT,Pavlov (Win-Stay Lose-Shift),3000310001230,2.275,2.3375,0.55,0.5375,0.325
3,TFT,Pavlov (Win-Stay Lose-Shift),3000310001232,2.5375,2.475,0.6625,0.675,0.5
3,TFT,Pavlov (Win-Stay Lose-Shift),3000310001234,2.125,2.0,0.3625,0.3875,0.0625
3,TFT,Pavlov (Win-Stay Lose-Shift),3000310001236,2.4375,2.4375,0.6125,0.6125,0.4
3,TFT,Pavlov (Win-Stay Lose-Shift),3000310001238,2.3375,2.525,0.6375,0.6,0.425
3,GTFT(0.1),Tit For Tat,3000310000000,2.6875,2.6875,0.7125,0.7125,0.45
3,GTFT(0.1),Tit For Tat,3000310000002,2.9,2.8375,0.875,0.8875,0.775
3,GTFT(0.1),Tit For Tat,3000310000004,2.5125,2.5125,0.6875,0.6875,0.55
3,GTFT(0.1),Tit For Tat,3000310000006,2.55,2.7375,0.7125,0.675,0.4375
3,GTFT(0.1),Tit For Tat,3000310000008,2.325,2.3875,0.5625,0.55,0.3125
3,GTFT(0.1),Tit For Tat,3000310000010,2.0875,2.15,0.4375,0.425,0.175
3,GTFT(0.1),Tit For Tat,3000310000012,2.6,2.725,0.75,0.725,0.55
3,GTFT(0.1),Tit For Tat,3000310000014,2.6375,2.7625,0.75,0.725,0.5125
3,GTFT(0.1),Tit For Tat,3000310000016,2.375,2.4375,0.5875,0.575,0.3375
3,GTFT(0.1),Tit For Tat,3000310000018,2.4875,2.675,0.6875,0.65,0.425
3,GTFT(0.1),Tit For Tat,3000310000020,2.3875,2.3875,0.6625,0.6625,0.6
3,GTFT(0.1),Tit For Tat,3000310000022,2.6375,2.7625,0.7375,0.7125,0.475
3,GTFT(0.1),Tit For Tat,3000310000024,2.825,2.825,0.8625,0.8625,0.7625
3,GTFT(0.1),Tit For Tat,3000310000026,2.0875,2.2125,0.4875,0.4625,0.275
3,GTFT(0.1),Tit For Tat,3000310000028,2.625,2.6875,0.7375,0.725,0.5375
3,GTFT(0.1),Tit For Tat,3000310000030,2.6375,2.6375,0.675,0.675,0.3875
3,GTFT(0.1),Tit For Tat,3000310000032,2.5625,2.75,0.6875,0.65,0.35
3,GTFT(0.1),Tit For Tat,3000310000034,2.875,2.6875,0.7625,0.8,0.5625
3,GTFT(0.1),Tit For Tat,3000310000036,2.7375,2.8,0.7875,0.775,0.575
3,GTFT(0.1),Tit For Tat,3000310000038,2.4125,2.475,0.5875,0.575,0.3
3,GTFT(0.1),Always Defect,3000310000200,1.0125,1.5125,0.1375,0.0375,0.0
3,GTFT(0.1),Always Defect,3000310000202,0.95,1.7625,0.2,0.0375,0.0
3,GTFT(0.1),Always Defect,3000310000204,1.05,1.55,0.15,0.05,0.0
3,GTFT(0.1),Always Defect,3000310000206,1.175,1.55,0.1625,0.0875,0.0125
3,GTFT(0.1),Always Defect,3000310000208,0.9625,1.7125,0.1875,0.0375,0.0
3,GTFT(0.1),Always Defect,3000310000210,1.0375,1.5375,0.15,0.05,0.0125
3,GTFT(0.1),Always Defect,3000310000212,1.1,1.9125,0.25,0.0875,0.0
3,GTFT(0.1),Always Defect,3000310000214,1.0375,1.85,0.2375,0.075,0.025
3,GTFT(0.1),Always Defect,3000310000216,0.925,1.8,0.2125,0.0375,0.0125
3,GTFT(0.1),Always Defect,3000310000218,1.05,1.7375,0.2,0.0625,0.0
3,GTFT(0.1),Always Defect,3000310000220,0.9125,1.725,0.1875,0.025,0.0
3,GTFT(0.1),Always Defect,3000310000222,0.9625,1.65,0.175,0.0375,0.0125
3,GTFT(0.1),Always Defect,3000310000224,0.9375,1.875,0.2375,0.05,0.025
3,GTFT(0.1),Always Defect,3000310000226,0.9875,1.55,0.15,0.0375,0.0125
3,GTFT(0.1),Always Defect,3000310000228,1.05,1.7375,0.2,0.0625,0.0
3,GTFT(0.1),Always Defect,3000310000230,0.925,1.4875,0.125,0.0125,0.0
3,GTFT(0.1),Always Defect,3000310000232,1.0375,1.475,0.1375,0.05,0.025
3,GTFT(0.1),Always Defect,3000310000234,0.875,1.875,0.225,0.025,0.0
3,GTFT(0.1),Always Defect,3000310000236,1.15,1.5875,0.1875,0.1,0.0625
3,GTFT(0.1),Always Defect,3000310000238,0.925,1.4875,0.125,0.0125,0.0
3,GTFT(0.1),Grudger,3000310000400,0.975,1.6625,0.175,0.0375,0.0
3,GTFT(0.1),Grudger,3000310000402,1.525,2.0875,0.4125,0.3,0.2625
3,GTFT(0.1),Grudger,3000310000404,1.45,1.95,0.3625,0.2625,0.2375
3,GTFT(0.1),Grudger,3000310000406,1.7,2.2625,0.5125,0.4,0.3875
3,GTFT(0.1),Grudger,3000310000408,1.3875,2.075,0.375,0.2375,0.1875
3,GTFT(0.1),Grudger,3000310000410,1.2875,1.6625,0.2375,0.1625,0.125
3,GTFT(0.1),Grudger,3000310000412,1.0625,1.625,0.175,0.0625,0.0125
3,GTFT(0.1),Grudger,3000310000414,1.3,2.3,0.425,0.225,0.175
3,GTFT(0.1),Grudger,3000310000416,1.1375,1.7,0.225,0.1125,0.0875
3,GTFT(0.1),Grudger,3000310000418,1.875,2.25,0.525,0.45,0.4
3,GTFT(0.1),Grudger,3000310000420,1.275,1.8375,0.2875,0.175,0.1375
3,GTFT(0.1),Grudger,3000310000422,2.1,2.35,0.6,0.55,0.5
3,GTFT(0.1),Grudger,3000310000424,1.2125,1.5875,0.2,0.125,0.0875
3,GTFT(0.1),Grudger,3000310000426,2.2875,2.35,0.65,0.6375,0.6125
3,GTFT(0.1),Grudger,3000310000428,1.1125,1.925,0.275,0.1125,0.0625
3,GTFT(0.1),Grudger,3000310000430,2.125,2.625,0.7,0.6,0.575
3,GTFT(0.1),Grudger,3000310000432,0.8875,2.075,0.2875,0.05,0.025
3,GTFT(0.1),Grudger,3000310000434,1.4875,2.175,0.4375,0.3,0.275
3,GTFT(0.1),Grudger,3000310000436,1.4625,1.7125,0.275,0.225,0.1625
3,GTFT(0.1),Grudger,3000310000438,1.025,1.5875,0.1625,0.05,0.0125
3,GTFT(0.1),Joss (0.9),3000310000600,2.0625,2.1875,0.4625,0.4375,0.225
3,GTFT(0.1),Joss (0.9),3000310000602,1.7875,1.85,0.325,0.3125,0.1375
3,GTFT(0.1),Joss (0.9),3000310000604,2.2375,2.7375,0.6625,0.5625,0.35
3,GTFT(0.1),Joss (0.9),3000310000606,2.1,2.225,0.475,0.45,0.225
3,GTFT(0.1),Joss (0.9),3000310000608,2.5125,2.7,0.6625,0.625,0.325
3,GTFT(0.1),Joss (0.9),3000310000610,2.15,2.3375,0.4875,0.45,0.1625
3,GTFT(0.1),Joss (0.9),3000310000612,1.75,2.125,0.4375,0.3625,0.2625
3,GTFT(0.1),Joss (0.9),3000310000614,1.7625,2.075,0.375,0.3125,0.1125
3,GTFT(0.1),Joss (0.9),3000310000616,2.5125,2.575,0.65,0.6375,0.3875
3,GTFT(0.1),Joss (0.9),3000310000618,1.75,1.9375,0.3375,0.3,0.1125
3,GTFT(0.1),Joss (0.9),3000310000620,2.5375,2.7875,0.7375,0.6875,0.475
3,GTFT(0.1),Joss (0.9),3000310000622,2.0125,2.1375,0.4625,0.4375,0.275
3,GTFT(0.1),Joss (0.9),3000310000624,2.2,2.3875,0.5125,0.475,0.1875
3,GTFT(0.1),Joss (0.9),3000310000626,2.1375,2.1375,0.45,0.45,0.2125
3,GTFT(0.1),Joss (0.9),3000310000628,2.175,2.4875,0.575,0.5125,0.3
3,GTFT(0.1),Joss (0.9),3000310000630,1.8625,1.9875,0.425,0.4,0.3125
3,GTFT(0.1),Joss (0.9),3000310000632,2.3375,2.525,0.625,0.5875,0.3875
3,GTFT(0.1),Joss (0.9),3000310000634,2.125,2.5,0.575,0.5,0.3
3,GTFT(0.1),Joss (0.9),3000310000636,1.9875,2.2375,0.45,0.4,0.1625
3,GTFT(0.1),Joss (0.9),3000310000638,1.8625,2.175,0.4375,0.375,0.2
3,GTFT(0.1),Random (0.5),3000310000800,2.1875,2.25,0.5,0.4875,0.2625
3,GTFT(0.1),Random (0.5),3000310000802,2.25,2.5,0.575,0.525,0.275
3,GTFT(0.1),Random (0.5),3000310000804,2.2625,2.325,0.5375,0.525,0.3
3,GTFT(0.1),Random (0.5),3000310000806,2.1625,2.35,0.525,0.4875,0.2625
3,GTFT(0.1),Random (0.5),3000310000808,2.3,2.3625,0.5625,0.55,0.3375
3,GTFT(0.1),Random (0.5),3000310000810,2.3,2.55,0.6125,0.5625,0.3375
3,GTFT(0.1),Random (0.5),3000310000812,2.225,2.5375,0.5875,0.525,0.2875
3,GTFT(0.1),Random (0.5),3000310000814,2.2875,2.5375,0.6,0.55,0.3125
3,GTFT(0.1),Random (0.5),3000310000816,2.075,2.1375,0.4375,0.425,0.1875
3,GTFT(0.1),Random (0.5),3000310000818,2.325,2.5125,0.6,0.5625,0.325
3,GTFT(0.1),Random (0.5),3000310000820,2.25,2.5,0.6,0.55,0.35
3,GTFT(0.1),Random (0.5),3000310000822,2.3,2.425,0.575,0.55,0.325
3,GTFT(0.1),Random (0.5),3000310000824,2.325,2.5125,0.6,0.5625,0.325
3,GTFT(0.1),Random (0.5),3000310000826,2.1875,2.25,0.4875,0.475,0.225
3,GTFT(0.1),Random (0.5),3000310000828,2.0875,2.525,0.575,0.4875,0.2875
3,GTFT(0.1),Random (0.5),3000310000830,2.0875,2.4,0.5125,0.45,0.2
3,GTFT(0.1),Random (0.5),3000310000832,2.0625,2.3125,0.5125,0.4625,0.275
3,GTFT(0.1),Random (0.5),3000310000834,2.1625,2.1625,0.4875,0.4875,0.3
3,GTFT(0.1),Random (0.5),3000310000836,2.0375,2.35,0.5375,0.475,0.325
3,GTFT(0.1),Random (0.5),3000310000838,2.225,2.4125,0.55,0.5125,0.275
3,GTFT(0.1),Tester,3000310001000,2.7125,2.7125,0.75,0.75,0.5375
3,GTFT(0.1),Tester,3000310001002,2.35,2.5375,0.6375,0.6,0.4125
3,GTFT(0.1),Tester,3000310001004,0.9625,1.525,0.15,0.0375,0.0375
3,GTFT(0.1),Tester,3000310001006,0.9375,1.6875,0.1875,0.0375,0.025
3,GTFT(0.1),Tester,3000310001008,1.1125,1.675,0.2,0.0875,0.0375
3,GTFT(0.1),Tester,3000310001010,1.075,1.7,0.2,0.075,0.025
3,GTFT(0.1),Tester,3000310001012,0.9375,1.5625,0.15,0.025,0.0125
3,GTFT(0.1),Tester,3000310001014,1.1125,1.55,0.1625,0.075,0.025
3,GTFT(0.1),Tester,3000310001016,0.975,1.6,0.1625,0.0375,0.0125
3,GTFT(0.1),Tester,3000310001018,1.0125,1.6375,0.175,0.05,0.0125
3,GTFT(0.1),Tester,3000310001020,1.0875,1.8375,0.2375,0.0875,0.025
3,GTFT(0.1),Tester,3000310001022,1.075,1.7625,0.2125,0.075,0.0125
3,GTFT(0.1),Tester,3000310001024,0.875,1.625,0.1625,0.0125,0.0125
3,GTFT(0.1),Tester,3000310001026,1.025,1.9,0.25,0.075,0.025
3,GTFT(0.1),Tester,3000310001028,1.0125,1.6375,0.175,0.05,0.0125
3,GTFT(0.1),Tester,3000310001030,0.95,1.6375,0.175,0.0375,0.025
3,GTFT(0.1),Tester,3000310001032,1.2,1.8875,0.275,0.1375,0.075
3,GTFT(0.1),Tester,3000310001034,1.0375,1.85,0.2375,0.075,0.025
3,GTFT(0.1),Tester,3000310001036,2.1875,2.3125,0.525,0.5,0.2875
3,GTFT(0.1),Tester,3000310001038,1.0875,1.7125,0.2,0.075,0.0125
3,GTFT(0.1),Pavlov (Win-Stay Lose-Shift),3000310001200,2.575,2.7625,0.8,0.7625,0.675
3,GTFT(0.1),Pavlov (Win-Stay Lose-Shift),3000310001202,2.4875,2.55,0.6875,0.675,0.525
3,GTFT(0.1),Pavlov (Win-Stay Lose-Shift),3000310001204,2.375,2.625,0.675,0.625,0.45
3,GTFT(0.1),Pavlov (Win-Stay Lose-Shift),3000310001206,2.35,2.475,0.6375,0.6125,0.4625
3,GTFT(0.1),Pavlov (Win-Stay Lose-Shift),3000310001208,2.3625,2.55,0.65,0.6125,0.4375
3,GTFT(0.1),Pavlov (Win-Stay Lose-Shift),3000310001210,2.4375,2.5,0.65,0.6375,0.4625
3,GTFT(0.1),Pavlov (Win-Stay Lose-Shift),3000310001212,2.45,2.5125,0.65,0.6375,0.45
3,GTFT(0.1),Pavlov (Win-Stay Lose-Shift),3000310001214,1.9375,2.375,0.475,0.3875,0.1375
3,GTFT(0.1),Pavlov (Win-Stay Lose-Shift),3000310001216,2.575,2.8875,0.85,0.7875,0.725
3,GTFT(0.1),Pavlov (Win-Stay Lose-Shift),3000310001218,2.5,2.75,0.7625,0.7125,0.5875
3,GTFT(0.1),Pavlov (Win-Stay Lose-Shift),3000310001220,2.125,2.3125,0.4875,0.45,0.1875
3,GTFT(0.1),Pavlov (Win-Stay Lose-Shift),3000310001222,2.3875,2.5125,0.65,0.625,0.4625
3,GTFT(0.1),Pavlov (Win-Stay Lose-Shift),3000310001224,2.5125,2.575,0.7,0.6875,0.5375
3,GTFT(0.1),Pavlov (Win-Stay Lose-Shift),3000310001226,2.25,2.625,0.6375,0.5625,0.3625
3,GTFT(0.1),Pavlov (Win-Stay Lose-Shift),3000310001228,2.275,2.5875,0.6625,0.6,0.4625
3,GTFT(0.1),Pavlov (Win-Stay Lose-Shift),3000310001230,2.7375,2.8625,0.875,0.85,0.7875
3,GTFT(0.1),Pavlov (Win-Stay Lose-Shift),3000310001232,2.475,2.5375,0.675,0.6625,0.5
3,GTFT(0.1),Pavlov (Win-Stay Lose-Shift),3000310001234,2.375,2.4375,0.6125,0.6,0.4125
3,GTFT(0.1),Pavlov (Win-Stay Lose-Shift),3000310001236,2.0,2.3125,0.475,0.4125,0.175
3,GTFT(0.1),Pavlov (Win-Stay Lose-Shift),3000310001238,2.375,2.5625,0.6625,0.625,0.4625
3,Pavlov,Tit For Tat,3000310000000,2.4625,2.4625,0.6375,0.6375,0.45
3,Pavlov,Tit For Tat,3000310000002,2.5375,2.5375,0.6875,0.6875,0.525
3,Pavlov,Tit For Tat,3000310000004,2.275,2.2125,0.4875,0.5,0.2375
3,Pavlov,Tit For Tat,3000310000006,2.3625,2.3625,0.575,0.575,0.3625
3,Pavlov,Tit For Tat,3000310000008,2.6375,2.575,0.725,0.7375,0.5875
3,Pavlov,Tit For Tat,3000310000010,2.1125,2.2375,0.4625,0.4375,0.175
3,Pavlov,Tit For Tat,3000310000012,2.525,2.525,0.6875,0.6875,0.5375
3,Pavlov,Tit For Tat,3000310000014,2.2375,2.3625,0.5375,0.5125,0.275
3,Pavlov,Tit For Tat,3000310000016,2.4375,2.4375,0.6375,0.6375,0.475
3,Pavlov,Tit For Tat,3000310000018,2.15,2.4625,0.575,0.5125,0.325
3,Pavlov,Tit For Tat,3000310000020,2.3375,2.4625,0.625,0.6,0.4375
3,Pavlov,Tit For Tat,3000310000022,2.25,2.1875,0.4625,0.475,0.1875
3,Pavlov,Tit For Tat,3000310000024,2.2375,2.2375,0.4875,0.4875,0.225
3,Pavlov,Tit For Tat,3000310000026,2.2125,2.15,0.45,0.4625,0.1875
3,Pavlov,Tit For Tat,3000310000028,2.4125,2.225,0.5375,0.575,0.35
3,Pavlov,Tit For Tat,3000310000030,2.0625,2.0,0.35,0.3625,0.0375
3,Pavlov,Tit For Tat,3000310000032,2.125,2.3125,0.5,0.4625,0.225
3,Pavlov,Tit For Tat,3000310000034,2.3625,2.2375,0.525,0.55,0.3125
3,Pavlov,Tit For Tat,3000310000036,2.2125,1.9625,0.3625,0.4125,0.075
3,Pavlov,Tit For Tat,3000310000038,2.45,2.3875,0.5875,0.6,0.3625
3,Pavlov,Always Defect,3000310000200,0.6,3.0375,0.525,0.0375,0.025
3,Pavlov,Always Defect,3000310000202,0.65,2.9,0.4875,0.0375,0.0125
3,Pavlov,Always Defect,3000310000204,0.6375,3.0125,0.525,0.05,0.0375
3,Pavlov,Always Defect,3000310000206,0.8625,2.8,0.475,0.0875,0.0125
3,Pavlov,Always Defect,3000310000208,0.625,2.9375,0.5,0.0375,0.025
3,Pavlov,Always Defect,3000310000210,0.675,2.925,0.5,0.05,0.025
3,Pavlov,Always Defect,3000310000212,0.8125,2.875,0.5,0.0875,0.0375
3,Pavlov,Always Defect,3000310000214,0.725,2.975,0.525,0.075,0.05
3,Pavlov,Always Defect,3000310000216,0.65,2.9,0.4875,0.0375,0.0125
3,Pavlov,Always Defect,3000310000218,0.7,2.95,0.5125,0.0625,0.0375
3,Pavlov,Always Defect,3000310000220,0.6125,2.925,0.4875,0.025,0.0
3,Pavlov,Always Defect,3000310000222,0.6875,2.8125,0.4625,0.0375,0.0
3,Pavlov,Always Defect,3000310000224,0.675,2.9875,0.5125,0.05,0.0125
3,Pavlov,Always Defect,3000310000226,0.6625,2.9125,0.4875,0.0375,0.0
3,Pavlov,Always Defect,3000310000228,0.7,2.95,0.5125,0.0625,0.0375
3,Pavlov,Always Defect,3000310000230,0.5375,2.975,0.5,0.0125,0.0125
3,Pavlov,Always Defect,3000310000232,0.7,2.8875,0.4875,0.05,0.0125
3,Pavlov,Always Defect,3000310000234,0.6,2.975,0.5,0.025,0.0
3,Pavlov,Always Defect,3000310000236,0.8,2.925,0.525,0.1,0.075
3,Pavlov,Always Defect,3000310000238,0.525,3.025,0.5125,0.0125,0.0125
3,Pavlov,Grudger,3000310000400,0.65,2.9,0.4875,0.0375,0.0125
3,Pavlov,Grudger,3000310000402,1.325,2.825,0.6,0.3,0.275
3,Pavlov,Grudger,3000310000404,1.2,2.95,0.6125,0.2625,0.2375
3,Pavlov,Grudger,3000310000406,1.525,2.9625,0.6875,0.4,0.3875
3,Pavlov,Grudger,3000310000408,1.175,2.925,0.5875,0.2375,0.1875
3,Pavlov,Grudger,3000310000410,0.9875,2.8625,0.5375,0.1625,0.125
3,Pavlov,Grudger,3000310000412,0.7,2.95,0.5125,0.0625,0.0375
3,Pavlov,Grudger,3000310000414,1.1,2.975,0.6,0.225,0.2
3,Pavlov,Grudger,3000310000416,0.7875,3.0375,0.5625,0.1125,0.1
3,Pavlov,Grudger,3000310000418,1.6625,2.9125,0.7,0.45,0.4375
3,Pavlov,Grudger,3000310000420,0.9875,2.925,0.5625,0.175,0.15
3,Pavlov,Grudger,3000310000422,1.9125,2.975,0.7625,0.55,0.525
3,Pavlov,Grudger,3000310000424,0.825,3.0125,0.5625,0.125,0.1125
3,Pavlov,Grudger,3000310000426,2.15,2.9,0.7875,0.6375,0.6125
3,Pavlov,Grudger,3000310000428,0.825,3.0125,0.55,0.1125,0.075
3,Pavlov,Grudger,3000310000430,1.8625,2.925,0.7375,0.525,0.5
3,Pavlov,Grudger,3000310000432,0.65,2.9625,0.5125,0.05,0.0375
3,Pavlov,Grudger,3000310000434,1.3125,2.9375,0.625,0.3,0.2625
3,Pavlov,Grudger,3000310000436,1.1125,2.925,0.5875,0.225,0.2
3,Pavlov,Grudger,3000310000438,0.725,2.85,0.475,0.05,0.0
3,Pavlov,Joss (0.9),3000310000600,2.05,2.1125,0.3875,0.375,0.0625
3,Pavlov,Joss (0.9),3000310000602,2.075,2.075,0.3875,0.3875,0.0875
3,Pavlov,Joss (0.9),3000310000604,2.0125,2.1375,0.4,0.375,0.0875
3,Pavlov,Joss (0.9),3000310000606,2.275,2.15,0.45,0.475,0.175
3,Pavlov,Joss (0.9),3000310000608,2.075,2.3875,0.525,0.4625,0.25
3,Pavlov,Joss (0.9),3000310000610,1.9875,2.05,0.35,0.3375,0.0125
3,Pavlov,Joss (0.9),3000310000612,2.0375,2.2875,0.4625,0.4125,0.15
3,Pavlov,Joss (0.9),3000310000614,2.2,2.075,0.4125,0.4375,0.1375
3,Pavlov,Joss (0.9),3000310000616,1.75,2.125,0.35,0.275,0.0
3,Pavlov,Joss (0.9),3000310000618,1.975,2.1,0.375,0.35,0.05
3,Pavlov,Joss (0.9),3000310000620,2.1875,2.375,0.5375,0.5,0.275
3,Pavlov,Joss (0.9),3000310000622,2.125,2.25,0.475,0.45,0.2
3,Pavlov,Joss (0.9),3000310000624,2.225,2.2875,0.5,0.4875,0.225
3,Pavlov,Joss (0.9),3000310000626,2.3125,2.3125,0.55,0.55,0.3375
3,Pavlov,Joss (0.9),3000310000628,2.1,2.35,0.5125,0.4625,0.2375
3,Pavlov,Joss (0.9),3000310000630,2.2375,2.3,0.525,0.5125,0.2875
3,Pavlov,Joss (0.9),3000310000632,2.075,2.075,0.375,0.375,0.05
3,Pavlov,Joss (0.9),3000310000634,2.0125,2.325,0.475,0.4125,0.1625
3,Pavlov,Joss (0.9),3000310000636,2.1625,2.35,0.5375,0.5,0.3
3,Pavlov,Joss (0.9),3000310000638,1.9625,2.0875,0.3625,0.3375,0.025
3,Pavlov,Random (0.5),3000310000800,2.2125,2.275,0.5,0.4875,0.2375
3,Pavlov,Random (0.5),3000310000802,2.3875,2.1375,0.475,0.525,0.2375
3,Pavlov,Random (0.5),3000310000804,2.175,2.4875,0.5875,0.525,0.3375
3,Pavlov,Random (0.5),3000310000806,2.4,1.9,0.3875,0.4875,0.1625
3,Pavlov,Random (0.5),3000310000808,2.3875,2.2,0.5125,0.55,0.3
3,Pavlov,Random (0.5),3000310000810,2.3375,2.4,0.575,0.5625,0.3375
3,Pavlov,Random (0.5),3000310000812,2.275,2.3375,0.5375,0.525,0.2875
3,Pavlov,Random (0.5),3000310000814,2.3,2.3625,0.5625,0.55,0.3375
3,Pavlov,Random (0.5),3000310000816,1.9,2.525,0.55,0.425,0.25
3,Pavlov,Random (0.5),3000310000818,2.625,1.9375,0.425,0.5625,0.2
3,Pavlov,Random (0.5),3000310000820,2.4,2.2125,0.5125,0.55,0.2875
3,Pavlov,Random (0.5),3000310000822,2.5875,1.9625,0.425,0.55,0.1875
3,Pavlov,Random (0.5),3000310000824,2.1875,2.5625,0.6375,0.5625,0.425
3,Pavlov,Random (0.5),3000310000826,2.125,2.3125,0.5125,0.475,0.2625
3,Pavlov,Random (0.5),3000310000828,2.2,2.2625,0.5,0.4875,0.25
3,Pavlov,Random (0.5),3000310000830,2.15,2.2125,0.4625,0.45,0.1875
3,Pavlov,Random (0.5),3000310000832,2.125,2.3125,0.5,0.4625,0.225
3,Pavlov,Random (0.5),3000310000834,2.1875,2.3125,0.5125,0.4875,0.25
3,Pavlov,Random (0.5),3000310000836,2.125,2.3125,0.5125,0.475,0.2625
3,Pavlov,Random (0.5),3000310000838,2.3875,2.075,0.45,0.5125,0.2125
3,Pavlov,Tester,3000310001000,2.5375,2.475,0.675,0.6875,0.5375
3,Pavlov,Tester,3000310001002,2.3125,2.4375,0.6,0.575,0.3875
3,Pavlov,Tester,3000310001004,0.6,2.975,0.5125,0.0375,0.0375
3,Pavlov,Tester,3000310001006,0.5875,3.025,0.525,0.0375,0.0375
3,Pavlov,Tester,3000310001008,0.75,3.0,0.5375,0.0875,0.0625
3,Pavlov,Tester,3000310001010,0.725,2.975,0.525,0.075,0.05
3,Pavlov,Tester,3000310001012,0.6,2.9125,0.4875,0.025,0.0125
3,Pavlov,Tester,3000310001014,0.7,3.0125,0.5375,0.075,0.0625
3,Pavlov,Tester,3000310001016,0.6,2.975,0.5125,0.0375,0.0375
3,Pavlov,Tester,3000310001018,0.6625,2.9125,0.5,0.05,0.0375
3,Pavlov,Tester,3000310001020,0.8,2.8625,0.5,0.0875,0.05
3,Pavlov,Tester,3000310001022,0.825,2.7625,0.4625,0.075,0.0125
3,Pavlov,Tester,3000310001024,0.525,3.025,0.5125,0.0125,0.0125
3,Pavlov,Tester,3000310001026,0.7375,2.925,0.5125,0.075,0.05
3,Pavlov,Tester,3000310001028,0.675,2.925,0.5,0.05,0.025
3,Pavlov,Tester,3000310001030,0.65,2.9,0.4875,0.0375,0.0125
3,Pavlov,Tester,3000310001032,0.9375,2.875,0.525,0.1375,0.0875
3,Pavlov,Tester,3000310001034,0.7625,2.8875,0.5,0.075,0.0375
3,Pavlov,Tester,3000310001036,2.7625,2.825,0.875,0.8625,0.8125
3,Pavlov,Tester,3000310001038,0.75,2.875,0.5,0.075,0.05
3,Pavlov,Pavlov (Win-Stay Lose-Shift),3000310001200,2.675,2.8,0.85,0.825,0.775
3,Pavlov,Pavlov (Win-Stay Lose-Shift),3000310001202,2.775,2.775,0.8625,0.8625,0.8125
3,Pavlov,Pavlov (Win-Stay Lose-Shift),3000310001204,2.6,2.725,0.8,0.775,0.7
3,Pavlov,Pavlov (Win-Stay Lose-Shift),3000310001206,2.75,2.9375,0.925,0.8875,0.875
3,Pavlov,Pavlov (Win-Stay Lose-Shift),3000310001208,2.6875,2.875,0.8875,0.85,0.825
3,Pavlov,Pavlov (Win-Stay Lose-Shift),3000310001210,2.75,2.8125,0.875,0.8625,0.825
3,Pavlov,Pavlov (Win-Stay Lose-Shift),3000310001212,2.875,2.6875,0.85,0.8875,0.825
3,Pavlov,Pavlov (Win-Stay Lose-Shift),3000310001214,2.8375,2.775,0.875,0.8875,0.8375
3,Pavlov,Pavlov (Win-Stay Lose-Shift),3000310001216,2.7875,2.85,0.9,0.8875,0.8625
3,Pavlov,Pavlov (Win-Stay Lose-Shift),3000310001218,2.8125,2.4375,0.7375,0.8125,0.7
3,Pavlov,Pavlov (Win-Stay Lose-Shift),3000310001220,2.8,2.675,0.825,0.85,0.775
3,Pavlov,Pavlov (Win-Stay Lose-Shift),3000310001222,2.875,2.9375,0.95,0.9375,0.925
3,Pavlov,Pavlov (Win-Stay Lose-Shift),3000310001224,2.825,2.8875,0.9125,0.9,0.8625
3,Pavlov,Pavlov (Win-Stay Lose-Shift),3000310001226,2.8125,2.625,0.8125,0.85,0.775
3,Pavlov,Pavlov (Win-Stay Lose-Shift),3000310001228,2.6,2.725,0.8125,0.7875,0.7375
3,Pavlov,Pavlov (Win-Stay Lose-Shift),3000310001230,2.875,2.8125,0.9,0.9125,0.875
3,Pavlov,Pavlov (Win-Stay Lose-Shift),3000310001232,2.875,2.6875,0.85,0.8875,0.825
3,Pavlov,Pavlov (Win-Stay Lose-Shift),3000310001234,2.8125,2.6875,0.8375,0.8625,0.8
3,Pavlov,Pavlov (Win-Stay Lose-Shift),3000310001236,2.625,2.8125,0.85,0.8125,0.775
3,Pavlov,Pavlov (Win-Stay Lose-Shift),3000310001238,2.75,2.875,0.9,0.875,0.85
3,ALLD,Tit For Tat,3000310000000,1.2,1.1375,0.05,0.0625,0.0
3,ALLD,Tit For Tat,3000310000002,1.35,1.1,0.05,0.1,0.0
3,ALLD,Tit For Tat,3000310000004,1.4375,1.25,0.1,0.1375,0.0125
3,ALLD,Tit For Tat,3000310000006,1.4625,0.9625,0.025,0.125,0.0125
3,ALLD,Tit For Tat,3000310000008,1.4125,1.0375,0.0375,0.1125,0.0
3,ALLD,Tit For Tat,3000310000010,1.475,0.975,0.025,0.125,0.0
3,ALLD,Tit For Tat,3000310000012,1.2625,1.075,0.0375,0.075,0.0
3,ALLD,Tit For Tat,3000310000014,1.475,1.1625,0.075,0.1375,0.0
3,ALLD,Tit For Tat,3000310000016,1.375,1.125,0.0625,0.1125,0.0125
3,ALLD,Tit For Tat,3000310000018,1.4875,0.925,0.0125,0.125,0.0
3,ALLD,Tit For Tat,3000310000020,1.3,1.1125,0.05,0.0875,0.0
3,ALLD,Tit For Tat,3000310000022,1.35,1.1,0.05,0.1,0.0
3,ALLD,Tit For Tat,3000310000024,1.275,1.2125,0.075,0.0875,0.0
3,ALLD,Tit For Tat,3000310000026,1.2125,1.025,0.025,0.0625,0.0125
3,ALLD,Tit For Tat,3000310000028,1.35,1.1,0.05,0.1,0.0
3,ALLD,Tit For Tat,3000310000030,1.3375,1.15,0.0625,0.1,0.0
3,ALLD,Tit For Tat,3000310000032,1.4625,1.025,0.0375,0.125,0.0
3,ALLD,Tit For Tat,3000310000034,1.3625,1.2375,0.0875,0.1125,0.0
3,ALLD,Tit For Tat,3000310000036,1.3875,1.1375,0.0625,0.1125,0.0
3,ALLD,Tit For Tat,3000310000038,1.4375,1.125,0.0625,0.125,0.0
3,ALLD,Always Defect,3000310000200,1.0375,1.4125,0.1125,0.0375,0.0
3,ALLD,Always Defect,3000310000202,1.0875,1.2125,0.0625,0.0375,0.0
3,ALLD,Always Defect,3000310000204,1.15,1.15,0.05,0.05,0.0
3,ALLD,Always Defect,3000310000206,1.2875,1.1,0.05,0.0875,0.0125
3,ALLD,Always Defect,3000310000208,1.1,1.1625,0.05,0.0375,0.0
3,ALLD,Always Defect,3000310000210,1.175,1.05,0.025,0.05,0.0
3,ALLD,Always Defect,3000310000212,1.275,1.2125,0.075,0.0875,0.0
3,ALLD,Always Defect,3000310000214,1.2375,1.1125,0.05,0.075,0.0125
3,ALLD,Always Defect,3000310000216,1.125,1.0625,0.025,0.0375,0.0
3,ALLD,Always Defect,3000310000218,1.2,1.1375,0.05,0.0625,0.0
3,ALLD,Always Defect,3000310000220,1.1,0.975,0.0,0.025,0.0
3,ALLD,Always Defect,3000310000222,1.075,1.2,0.0625,0.0375,0.0125
3,ALLD,Always Defect,3000310000224,1.15,1.15,0.05,0.05,0.0
3,ALLD,Always Defect,3000310000226,1.1,1.1625,0.05,0.0375,0.0
3,ALLD,Always Defect,3000310000228,1.2125,1.0875,0.0375,0.0625,0.0
3,ALLD,Always Defect,3000310000230,1.0125,1.1375,0.0375,0.0125,0.0
3,ALLD,Always Defect,3000310000232,1.175,1.05,0.025,0.05,0.0
3,ALLD,Always Defect,3000310000234,1.0375,1.225,0.0625,0.025,0.0
3,ALLD,Always Defect,3000310000236,1.375,1.0,0.025,0.1,0.0
3,ALLD,Always Defect,3000310000238,1.025,1.0875,0.025,0.0125,0.0
3,ALLD,Grudger,3000310000400,1.0375,1.1625,0.05,0.025,0.0125
3,ALLD,Grudger,3000310000402,1.1875,1.125,0.05,0.0625,0.0125
3,ALLD,Grudger,3000310000404,1.1375,1.0125,0.0125,0.0375,0.0
3,ALLD,Grudger,3000310000406,1.0125,1.325,0.0875,0.025,0.0
3,ALLD,Grudger,3000310000408,1.225,1.0375,0.025,0.0625,0.0
3,ALLD,Grudger,3000310000410,1.1,1.1625,0.05,0.0375,0.0
3,ALLD,Grudger,3000310000412,1.1375,1.2,0.0625,0.05,0.0
3,ALLD,Grudger,3000310000414,1.2,1.1375,0.05,0.0625,0.0
3,ALLD,Grudger,3000310000416,1.1,1.1625,0.05,0.0375,0.0
3,ALLD,Grudger,3000310000418,1.175,1.05,0.025,0.05,0.0
3,ALLD,Grudger,3000310000420,1.15,1.15,0.05,0.05,0.0
3,ALLD,Grudger,3000310000422,1.2875,0.975,0.0125,0.075,0.0
3,ALLD,Grudger,3000310000424,1.2375,0.9875,0.0125,0.0625,0.0
3,ALLD,Grudger,3000310000426,1.075,1.075,0.025,0.025,0.0
3,ALLD,Grudger,3000310000428,1.1375,1.325,0.1,0.0625,0.0125
3,ALLD,Grudger,3000310000430,1.1375,1.2,0.0625,0.05,0.0
3,ALLD,Grudger,3000310000432,1.2,1.325,0.1,0.075,0.0
3,ALLD,Grudger,3000310000434,1.125,1.1875,0.0625,0.05,0.0125
3,ALLD,Grudger,3000310000436,1.275,1.025,0.025,0.075,0.0
3,ALLD,Grudger,3000310000438,1.15,1.275,0.0875,0.0625,0.0125
3,ALLD,Joss (0.9),3000310000600,1.4875,1.175,0.0875,0.15,0.025
3,ALLD,Joss (0.9),3000310000602,1.2125,1.0875,0.0375,0.0625,0.0
3,ALLD,Joss (0.9),3000310000604,1.3,1.1125,0.05,0.0875,0.0
3,ALLD,Joss (0.9),3000310000606,1.175,1.05,0.025,0.05,0.0
3,ALLD,Joss (0.9),3000310000608,1.275,1.025,0.025,0.075,0.0
3,ALLD,Joss (0.9),3000310000610,1.275,1.025,0.025,0.075,0.0
3,ALLD,Joss (0.9),3000310000612,1.2625,1.0125,0.025,0.075,0.0125
3,ALLD,Joss (0.9),3000310000614,1.625,0.9375,0.025,0.1625,0.0
3,ALLD,Joss (0.9),3000310000616,1.1125,1.1125,0.0375,0.0375,0.0
3,ALLD,Joss (0.9),3000310000618,1.1875,1.0,0.0125,0.05,0.0
3,ALLD,Joss (0.9),3000310000620,1.3125,1.0625,0.0375,0.0875,0.0
3,ALLD,Joss (0.9),3000310000622,1.3375,1.275,0.1,0.1125,0.0125
3,ALLD,Joss (0.9),3000310000624,1.2875,1.1625,0.0625,0.0875,0.0
3,ALLD,Joss (0.9),3000310000626,1.6625,1.1625,0.1,0.2,0.0375
3,ALLD,Joss (0.9),3000310000628,1.4,1.275,0.1,0.125,0.0
3,ALLD,Joss (0.9),3000310000630,1.2375,0.9875,0.0125,0.0625,0.0
3,ALLD,Joss (0.9),3000310000632,1.275,1.025,0.025,0.075,0.0
3,ALLD,Joss (0.9),3000310000634,1.275,1.025,0.025,0.075,0.0
3,ALLD,Joss (0.9),3000310000636,1.35,1.1625,0.075,0.1125,0.025
3,ALLD,Joss (0.9),3000310000638,1.175,1.05,0.025,0.05,0.0
3,ALLD,Random (0.5),3000310000800,2.925,0.55,0.0125,0.4875,0.0125
3,ALLD,Random (0.5),3000310000802,3.0375,0.6625,0.05,0.525,0.0125
3,ALLD,Random (0.5),3000310000804,3.0,0.6875,0.0625,0.525,0.0375
3,ALLD,Random (0.5),3000310000806,2.825,0.7625,0.075,0.4875,0.05
3,ALLD,Random (0.5),3000310000808,3.075,0.7,0.075,0.55,0.05
3,ALLD,Random (0.5),3000310000810,3.1375,0.6375,0.0625,0.5625,0.05
3,ALLD,Random (0.5),3000310000812,2.925,0.8625,0.1125,0.525,0.0625
3,ALLD,Random (0.5),3000310000814,3.1625,0.6,0.0375,0.55,0.0
3,ALLD,Random (0.5),3000310000816,2.6125,0.7375,0.05,0.425,0.0375
3,ALLD,Random (0.5),3000310000818,3.1625,0.6625,0.0625,0.5625,0.025
3,ALLD,Random (0.5),3000310000820,3.1,0.725,0.075,0.55,0.025
3,ALLD,Random (0.5),3000310000822,3.15,0.5875,0.0375,0.55,0.0125
3,ALLD,Random (0.5),3000310000824,3.225,0.475,0.0125,0.5625,0.0125
3,ALLD,Random (0.5),3000310000826,2.7625,0.7625,0.075,0.475,0.0625
3,ALLD,Random (0.5),3000310000828,2.875,0.625,0.0375,0.4875,0.0375
3,ALLD,Random (0.5),3000310000830,2.6625,0.9125,0.1,0.45,0.0375
3,ALLD,Random (0.5),3000310000832,2.8,0.7375,0.05,0.4625,0.0
3,ALLD,Random (0.5),3000310000834,2.8375,0.8375,0.0875,0.4875,0.025
3,ALLD,Random (0.5),3000310000836,2.8125,0.6875,0.05,0.475,0.0375
3,ALLD,Random (0.5),3000310000838,2.975,0.6,0.0375,0.5125,0.0375
3,ALLD,Tester,3000310001000,1.175,1.175,0.0625,0.0625,0.0125
3,ALLD,Tester,3000310001002,1.1625,1.1,0.0375,0.05,0.0
3,ALLD,Tester,3000310001004,1.225,1.225,0.075,0.075,0.0
3,ALLD,Tester,3000310001006,1.275,1.025,0.025,0.075,0.0
3,ALLD,Tester,3000310001008,1.55,1.05,0.05,0.15,0.0
3,ALLD,Tester,3000310001010,1.4625,1.025,0.0375,0.125,0.0
3,ALLD,Tester,3000310001012,1.225,1.0375,0.025,0.0625,0.0
3,ALLD,Tester,3000310001014,1.3875,0.95,0.0125,0.1,0.0
3,ALLD,Tester,3000310001016,1.2125,1.0875,0.0375,0.0625,0.0
3,ALLD,Tester,3000310001018,1.4,1.0875,0.05,0.1125,0.0
3,ALLD,Tester,3000310001020,1.55,1.05,0.05,0.15,0.0
3,ALLD,Tester,3000310001022,1.425,0.9875,0.025,0.1125,0.0
3,ALLD,Tester,3000310001024,1.25,1.125,0.05,0.075,0.0
3,ALLD,Tester,3000310001026,1.425,0.9875,0.025,0.1125,0.0
3,ALLD,Tester,3000310001028,1.4,1.0875,0.05,0.1125,0.0
3,ALLD,Tester,3000310001030,1.225,0.975,0.0125,0.0625,0.0125
3,ALLD,Tester,3000310001032,1.65,1.0875,0.075,0.1875,0.025
3,ALLD,Tester,3000310001034,1.45,1.0125,0.0375,0.125,0.0125
3,ALLD,Tester,3000310001036,1.0875,1.2125,0.0625,0.0375,0.0
3,ALLD,Tester,3000310001038,1.425,0.9875,0.025,0.1125,0.0
3,ALLD,Pavlov (Win-Stay Lose-Shift),3000310001200,2.8,0.8,0.075,0.475,0.025
3,ALLD,Pavlov (Win-Stay Lose-Shift),3000310001202,2.9,0.7125,0.0625,0.5,0.0375
3,ALLD,Pavlov (Win-Stay Lose-Shift),3000310001204,2.8875,0.7625,0.0625,0.4875,0.0
3,ALLD,Pavlov (Win-Stay Lose-Shift),3000310001206,2.9875,0.55,0.0125,0.5,0.0
3,ALLD,Pavlov (Win-Stay Lose-Shift),3000310001208,2.9625,0.5875,0.025,0.5,0.0125
3,ALLD,Pavlov (Win-Stay Lose-Shift),3000310001210,2.9,0.65,0.0375,0.4875,0.0125
3,ALLD,Pavlov (Win-Stay Lose-Shift),3000310001212,2.9125,0.725,0.0625,0.5,0.025
3,ALLD,Pavlov (Win-Stay Lose-Shift),3000310001214,2.95,0.6375,0.0375,0.5,0.0125
3,ALLD,Pavlov (Win-Stay Lose-Shift),3000310001216,2.85,0.6625,0.0375,0.475,0.0125
3,ALLD,Pavlov (Win-Stay Lose-Shift),3000310001218,2.8375,0.9,0.1125,0.5,0.05
3,ALLD,Pavlov (Win-Stay Lose-Shift),3000310001220,2.9,0.775,0.075,0.5,0.025
3,ALLD,Pavlov (Win-Stay Lose-Shift),3000310001222,2.9875,0.55,0.0125,0.5,0.0
3,ALLD,Pavlov (Win-Stay Lose-Shift),3000310001224,2.975,0.6,0.025,0.5,0.0
3,ALLD,Pavlov (Win-Stay Lose-Shift),3000310001226,2.85,0.7875,0.075,0.4875,0.025
3,ALLD,Pavlov (Win-Stay Lose-Shift),3000310001228,2.8125,0.75,0.0625,0.475,0.025
3,ALLD,Pavlov (Win-Stay Lose-Shift),3000310001230,3.0,0.625,0.0375,0.5125,0.0125
3,ALLD,Pavlov (Win-Stay Lose-Shift),3000310001232,2.9625,0.7125,0.0625,0.5125,0.025
3,ALLD,Pavlov (Win-Stay Lose-Shift),3000310001234,2.9125,0.725,0.0625,0.5,0.025
3,ALLD,Pavlov (Win-Stay Lose-Shift),3000310001236,3.0,0.625,0.0375,0.5125,0.0125
3,ALLD,Pavlov (Win-Stay Lose-Shift),3000310001238,3.0125,0.575,0.025,0.5125,0.0125
4,TFT,Tit For Tat,3000410000000,2.7375,2.675,0.775,0.7875,0.6375
4,TFT,Tit For Tat,3000410000002,2.2875,2.2875,0.5125,0.5125,0.25
4,TFT,Tit For Tat,3000410000004,2.025,1.9625,0.325,0.3375,0.0
4,TFT,Tit For Tat,3000410000006,2.3625,2.3,0.6,0.6125,0.4875
4,TFT,Tit For Tat,3000410000008,2.65,2.5875,0.7,0.7125,0.5
4,TFT,Tit For Tat,3000410000010,2.7125,2.525,0.6625,0.7,0.425
4,TFT,Tit For Tat,3000410000012,2.9375,3.0,0.975,0.9625,0.9375
4,TFT,Tit For Tat,3000410000014,2.45,2.45,0.5875,0.5875,0.3125
4,TFT,Tit For Tat,3000410000016,2.225,2.1625,0.525,0.5375,0.4
4,TFT,Tit For Tat,3000410000018,2.4125,2.6625,0.65,0.6,0.3375
4,TFT,Tit For Tat,3000410000020,2.325,2.2625,0.475,0.4875,0.15
4,TFT,Tit For Tat,3000410000022,2.725,2.6,0.675,0.7,0.4
4,TFT,Tit For Tat,3000410000024,2.3625,2.425,0.625,0.6125,0.4625
4,TFT,Tit For Tat,3000410000026,2.625,2.75,0.7,0.675,0.375
4,TFT,Tit For Tat,3000410000028,2.2,2.1375,0.45,0.4625,0.2
4,TFT,Tit For Tat,3000410000030,2.325,2.3875,0.5875,0.575,0.3875
4,TFT,Tit For Tat,3000410000032,2.9125,2.9125,0.9125,0.9125,0.825
4,TFT,Tit For Tat,3000410000034,2.425,2.3625,0.5,0.5125,0.125
4,TFT,Tit For Tat,3000410000036,2.2625,2.2625,0.5375,0.5375,0.35
4,TFT,Tit For Tat,3000410000038,2.0,2.0625,0.3625,0.35,0.0375
4,TFT,Always Defect,3000410000200,1.0375,1.225,0.0625,0.025,0.0
4,TFT,Always Defect,3000410000202,0.9875,1.2375,0.0625,0.0125,0.0
4,TFT,Always Defect,3000410000204,1.15,1.3375,0.1,0.0625,0.0
4,TFT,Always Defect,3000410000206,1.1,1.1625,0.05,0.0375,0.0
4,TFT,Always Defect,3000410000208,1.1875,1.375,0.1125,0.075,0.0
4,TFT,Always Defect,3000410000210,1.0875,1.4,0.1125,0.05,0.0
4,TFT,Always Defect,3000410000212,1.15,1.3375,0.1,0.0625,0.0
4,TFT,Always Defect,3000410000214,1.0625,1.375,0.1125,0.05,0.025
4,TFT,Always Defect,3000410000216,1.0875,1.4,0.1125,0.05,0.0
4,TFT,Always Defect,3000410000218,1.075,1.2,0.0625,0.0375,0.0125
4,TFT,Always Defect,3000410000220,1.0875,1.4,0.1125,0.05,0.0
4,TFT,Always Defect,3000410000222,1.05,1.3625,0.1,0.0375,0.0
4,TFT,Always Defect,3000410000224,1.1375,1.3875,0.1125,0.0625,0.0
4,TFT,Always Defect,3000410000226,1.025,1.275,0.075,0.025,0.0
4,TFT,Always Defect,3000410000228,1.0375,1.225,0.0625,0.025,0.0
4,TFT,Always Defect,3000410000230,1.15,1.525,0.15,0.075,0.0
4,TFT,Always Defect,3000410000232,1.1625,1.2875,0.0875,0.0625,0.0
4,TFT,Always Defect,3000410000234,1.175,1.55,0.1625,0.0875,0.0125
4,TFT,Always Defect,3000410000236,0.9875,1.2375,0.0625,0.0125,0.0
4,TFT,Always Defect,3000410000238,1.0,1.4375,0.125,0.0375,0.025
4,TFT,Grudger,3000410000400,1.1875,1.4375,0.1375,0.0875,0.025
4,TFT,Grudger,3000410000402,1.1875,1.5625,0.1625,0.0875,0.0
4,TFT,Grudger,3000410000404,1.1625,1.475,0.15,0.0875,0.0375
4,TFT,Grudger,3000410000406,1.55,1.6125,0.25,0.2375,0.15
4,TFT,Grudger,3000410000408,1.3375,1.525,0.2125,0.175,0.15
4,TFT,Grudger,3000410000410,1.7125,1.8375,0.3625,0.3375,0.275
4,TFT,Grudger,3000410000412,1.2875,1.4125,0.15,0.125,0.0625
4,TFT,Grudger,3000410000414,1.25,1.25,0.1,0.1,0.05
4,TFT,Grudger,3000410000416,1.375,1.4375,0.175,0.1625,0.1
4,TFT,Grudger,3000410000418,1.5875,1.775,0.3375,0.3,0.275
4,TFT,Grudger,3000410000420,1.3875,1.575,0.2,0.1625,0.0625
4,TFT,Grudger,3000410000422,1.15,1.275,0.0875,0.0625,0.0125
4,TFT,Grudger,3000410000424,1.225,1.6625,0.225,0.1375,0.1
4,TFT,Grudger,3000410000426,1.4125,1.475,0.1875,0.175,0.1
4,TFT,Grudger,3000410000428,1.3,1.4875,0.1875,0.15,0.1125
4,TFT,Grudger,3000410000430,1.4875,1.675,0.2875,0.25,0.225
4,TFT,Grudger,3000410000432,1.2,1.3875,0.1375,0.1,0.0625
4,TFT,Grudger,3000410000434,1.1125,1.55,0.1625,0.075,0.025
4,TFT,Grudger,3000410000436,1.075,1.2,0.0625,0.0375,0.0125
4,TFT,Grudger,3000410000438,1.45,1.7,0.275,0.225,0.175
4,TFT,Joss (0.9),3000410000600,1.7375,1.8625,0.325,0.3,0.1375
4,TFT,Joss (0.9),3000410000602,1.675,1.7375,0.2625,0.25,0.0625
4,TFT,Joss (0.9),3000410000604,1.7,1.7,0.2375,0.2375,0.0125
4,TFT,Joss (0.9),3000410000606,2.0375,2.1625,0.475,0.45,0.2875
4,TFT,Joss (0.9),3000410000608,1.3,1.3,0.1,0.1,0.0
4,TFT,Joss (0.9),3000410000610,2.45,2.3875,0.525,0.5375,0.175
4,TFT,Joss (0.9),3000410000612,1.6,1.725,0.25,0.225,0.05
4,TFT,Joss (0.9),3000410000614,1.6375,1.6375,0.25,0.25,0.1125
4,TFT,Joss (0.9),3000410000616,2.7625,2.6375,0.6875,0.7125,0.4
4,TFT,Joss (0.9),3000410000618,2.3375,2.3375,0.575,0.575,0.3875
4,TFT,Joss (0.9),3000410000620,2.1625,2.35,0.5625,0.525,0.375
4,TFT,Joss (0.9),3000410000622,2.575,2.7,0.6875,0.6625,0.3875
4,TFT,Joss (0.9),3000410000624,2.375,2.5,0.6375,0.6125,0.4375
4,TFT,Joss (0.9),3000410000626,1.2375,1.3625,0.125,0.1,0.0375
4,TFT,Joss (0.9),3000410000628,1.6375,1.8875,0.2875,0.2375,0.025
4,TFT,Joss (0.9),3000410000630,2.025,2.275,0.475,0.425,0.2
4,TFT,Joss (0.9),3000410000632,2.05,1.925,0.35,0.375,0.1
4,TFT,Joss (0.9),3000410000634,1.575,1.6375,0.25,0.2375,0.125
4,TFT,Joss (0.9),3000410000636,2.2875,2.225,0.4375,0.45,0.075
4,TFT,Joss (0.9),3000410000638,1.95,2.075,0.4125,0.3875,0.1875
4,TFT,Random (0.5),3000410000800,2.2,2.2625,0.5125,0.5,0.2875
4,TFT,Random (0.5),3000410000802,2.25,2.4375,0.5625,0.525,0.2875
4,TFT,Random (0.5),3000410000804,2.1375,2.2,0.475,0.4625,0.2375
4,TFT,Random (0.5),3000410000806,2.475,2.2875,0.5375,0.575,0.2875
4,TFT,Random (0.5),3000410000808,2.2,2.325,0.5,0.475,0.2
4,TFT,Random (0.5),3000410000810,2.2375,2.2375,0.475,0.475,0.1875
4,TFT,Random (0.5),3000410000812,2.05,2.05,0.4,0.4,0.15
4,TFT,Random (0.5),3000410000814,2.3,2.3,0.525,0.525,0.275
4,TFT,Random (0.5),3000410000816,2.0625,2.1875,0.4625,0.4375,0.225
4,TFT,Random (0.5),3000410000818,2.2125,2.4,0.575,0.5375,0.3625
4,TFT,Random (0.5),3000410000820,2.25,2.25,0.5,0.5,0.25
4,TFT,Random (0.5),3000410000822,2.1875,2.1875,0.475,0.475,0.2375
4,TFT,Random (0.5),3000410000824,2.25,2.3125,0.525,0.5125,0.275
4,TFT,Random (0.5),3000410000826,2.2,2.325,0.5375,0.5125,0.3125
4,TFT,Random (0.5),3000410000828,2.125,2.3125,0.5,0.4625,0.225
4,TFT,Random (0.5),3000410000830,2.15,2.2125,0.5,0.4875,0.3
4,TFT,Random (0.5),3000410000832,2.3125,2.375,0.5625,0.55,0.325
4,TFT,Random (0.5),3000410000834,2.15,2.025,0.4125,0.4375,0.1875
4,TFT,Random (0.5),3000410000836,2.375,2.5,0.6,0.575,0.325
4,TFT,Random (0.5),3000410000838,2.3,2.05,0.4375,0.4875,0.2125
4,TFT,Tester,3000410001000,1.125,1.3125,0.1,0.0625,0.025
4,TFT,Tester,3000410001002,2.825,2.7,0.7625,0.7875,0.5625
4,TFT,Tester,3000410001004,1.35,1.4125,0.1375,0.125,0.0125
4,TFT,Tester,3000410001006,1.2125,1.4,0.125,0.0875,0.0125
4,TFT,Tester,3000410001008,1.05,1.4875,0.1375,0.05,0.0125
4,TFT,Tester,3000410001010,1.15,1.275,0.0875,0.0625,0.0125
4,TFT,Tester,3000410001012,1.2,1.45,0.1375,0.0875,0.0125
4,TFT,Tester,3000410001014,1.1625,1.475,0.1375,0.075,0.0
4,TFT,Tester,3000410001016,1.025,1.4,0.1125,0.0375,0.0125
4,TFT,Tester,3000410001018,1.225,1.35,0.1125,0.0875,0.0125
4,TFT,Tester,3000410001020,1.0625,1.375,0.1125,0.05,0.025
4,TFT,Tester,3000410001022,1.225,1.4125,0.125,0.0875,0.0
4,TFT,Tester,3000410001024,1.2,1.7,0.2125,0.1125,0.0375
4,TFT,Tester,3000410001026,0.975,1.4125,0.1125,0.025,0.0125
4,TFT,Tester,3000410001028,1.1,1.2875,0.0875,0.05,0.0125
4,TFT,Tester,3000410001030,0.9875,1.3625,0.1,0.025,0.0125
4,TFT,Tester,3000410001032,1.1375,1.5125,0.15,0.075,0.0125
4,TFT,Tester,3000410001034,1.0125,1.45,0.125,0.0375,0.0125
4,TFT,Tester,3000410001036,1.1875,1.3125,0.1,0.075,0.0125
4,TFT,Tester,3000410001038,1.1375,1.2625,0.0875,0.0625,0.025
4,TFT,Pavlov (Win-Stay Lose-Shift),3000410001200,2.475,2.475,0.65,0.65,0.475
4,TFT,Pavlov (Win-Stay Lose-Shift),3000410001202,2.3,2.4875,0.625,0.5875,0.425
4,TFT,Pavlov (Win-Stay Lose-Shift),3000410001204,2.3,2.175,0.4875,0.5125,0.2625
4,TFT,Pavlov (Win-Stay Lose-Shift),3000410001206,2.0875,2.0875,0.3875,0.3875,0.075
4,TFT,Pavlov (Win-Stay Lose-Shift),3000410001208,2.125,2.25,0.4625,0.4375,0.1625
4,TFT,Pavlov (Win-Stay Lose-Shift),3000410001210,2.4875,2.55,0.6875,0.675,0.525
4,TFT,Pavlov (Win-Stay Lose-Shift),3000410001212,2.475,2.4125,0.6125,0.625,0.4125
4,TFT,Pavlov (Win-Stay Lose-Shift),3000410001214,2.35,2.1625,0.475,0.5125,0.225
4,TFT,Pavlov (Win-Stay Lose-Shift),3000410001216,2.15,2.2125,0.4625,0.45,0.1875
4,TFT,Pavlov (Win-Stay Lose-Shift),3000410001218,2.425,2.4875,0.65,0.6375,0.475
4,TFT,Pavlov (Win-Stay Lose-Shift),3000410001220,2.275,2.525,0.625,0.575,0.4
4,TFT,Pavlov (Win-Stay Lose-Shift),3000410001222,2.3125,2.25,0.5125,0.525,0.275
4,TFT,Pavlov (Win-Stay Lose-Shift),3000410001224,2.1375,2.1375,0.425,0.425,0.1375
4,TFT,Pavlov (Win-Stay Lose-Shift),3000410001226,2.4375,2.4375,0.625,0.625,0.4375
4,TFT,Pavlov (Win-Stay Lose-Shift),3000410001228,2.2875,2.4125,0.575,0.55,0.3375
4,TFT,Pavlov (Win-Stay Lose-Shift),3000410001230,2.4,2.2125,0.525,0.5625,0.325
4,TFT,Pavlov (Win-Stay Lose-Shift),3000410001232,2.6375,2.7,0.775,0.7625,0.6375
4,TFT,Pavlov (Win-Stay Lose-Shift),3000410001234,2.0875,2.025,0.3625,0.375,0.05
4,TFT,Pavlov (Win-Stay Lose-Shift),3000410001236,2.1625,2.225,0.4625,0.45,0.175
4,TFT,Pavlov (Win-Stay Lose-Shift),3000410001238,2.1875,2.3125,0.525,0.5,0.2875
4,GTFT(0.1),Tit For Tat,3000410000000,2.5375,2.5375,0.6625,0.6625,0.45
4,GTFT(0.1),Tit For Tat,3000410000002,2.475,2.475,0.6,0.6,0.325
4,GTFT(0.1),Tit For Tat,3000410000004,1.9125,2.225,0.4875,0.425,0.3
4,GTFT(0.1),Tit For Tat,3000410000006,2.775,2.775,0.775,0.775,0.55
4,GTFT(0.1),Tit For Tat,3000410000008,2.65,2.5875,0.7,0.7125,0.5
4,GTFT(0.1),Tit For Tat,3000410000010,2.1375,2.2625,0.5375,0.5125,0.375
4,GTFT(0.1),Tit For Tat,3000410000012,2.9,2.9625,0.9375,0.925,0.8625
4,GTFT(0.1),Tit For Tat,3000410000014,2.5125,2.825,0.7875,0.725,0.6
4,GTFT(0.1),Tit For Tat,3000410000016,2.6125,2.6125,0.7375,0.7375,0.6
4,GTFT(0.1),Tit For Tat,3000410000018,2.8625,2.675,0.75,0.7875,0.5375
4,GTFT(0.1),Tit For Tat,3000410000020,2.65,2.8375,0.825,0.7875,0.675
4,GTFT(0.1),Tit For Tat,3000410000022,2.3625,2.3625,0.525,0.525,0.2125
4,GTFT(0.1),Tit For Tat,3000410000024,2.35,2.475,0.575,0.55,0.275
4,GTFT(0.1),Tit For Tat,3000410000026,2.625,2.75,0.7,0.675,0.375
4,GTFT(0.1),Tit For Tat,3000410000028,2.4625,2.5875,0.6125,0.5875,0.275
4,GTFT(0.1),Tit For Tat,3000410000030,2.675,2.8,0.75,0.725,0.475
4,GTFT(0.1),Tit For Tat,3000410000032,2.9125,2.9125,0.9125,0.9125,0.825
4,GTFT(0.1),Tit For Tat,3000410000034,2.5875,2.5875,0.7,0.7,0.5125
4,GTFT(0.1),Tit For Tat,3000410000036,2.6,2.6,0.7,0.7,0.5
4,GTFT(0.1),Tit For Tat,3000410000038,2.65,2.7125,0.6875,0.675,0.3625
4,GTFT(0.1),Always Defect,3000410000200,0.9625,1.525,0.1375,0.025,0.0
4,GTFT(0.1),Always Defect,3000410000202,0.95,1.3875,0.1,0.0125,0.0
4,GTFT(0.1),Always Defect,3000410000204,1.0,1.875,0.2375,0.0625,0.0125
4,GTFT(0.1),Always Defect,3000410000206,1.0375,1.4125,0.1125,0.0375,0.0
4,GTFT(0.1),Always Defect,3000410000208,1.1,1.725,0.2,0.075,0.0
4,GTFT(0.1),Always Defect,3000410000210,1.025,1.65,0.175,0.05,0.0
4,GTFT(0.1),Always Defect,3000410000212,1.1125,1.4875,0.1375,0.0625,0.0
4,GTFT(0.1),Always Defect,3000410000214,1.0375,1.475,0.1375,0.05,0.025
4,GTFT(0.1),Always Defect,3000410000216,0.975,1.7875,0.2125,0.05,0.0125
4,GTFT(0.1),Always Defect,3000410000218,0.9875,1.55,0.15,0.0375,0.0125
4,GTFT(0.1),Always Defect,3000410000220,1.0625,1.5,0.1375,0.05,0.0
4,GTFT(0.1),Always Defect,3000410000222,1.0,1.5,0.1375,0.0375,0.0125
4,GTFT(0.1),Always Defect,3000410000224,1.075,1.6375,0.175,0.0625,0.0
4,GTFT(0.1),Always Defect,3000410000226,0.9125,1.725,0.1875,0.025,0.0
4,GTFT(0.1),Always Defect,3000410000228,0.9125,1.6625,0.175,0.025,0.0125
4,GTFT(0.1),Always Defect,3000410000230,1.05,1.8625,0.2375,0.075,0.0125
4,GTFT(0.1),Always Defect,3000410000232,1.1,1.475,0.1375,0.0625,0.0125
4,GTFT(0.1),Always Defect,3000410000234,1.125,1.75,0.2125,0.0875,0.0125
4,GTFT(0.1),Always Defect,3000410000236,0.875,1.6875,0.175,0.0125,0.0
4,GTFT(0.1),Always Defect,3000410000238,0.9125,1.7875,0.2125,0.0375,0.025
4,GTFT(0.1),Grudger,3000410000400,1.075,1.8875,0.25,0.0875,0.025
4,GTFT(0.1),Grudger,3000410000402,1.075,1.95,0.2625,0.0875,0.0125
4,GTFT(0.1),Grudger,3000410000404,1.0625,1.875,0.25,0.0875,0.0375
4,GTFT(0.1),Grudger,3000410000406,1.5,1.75,0.2875,0.2375,0.1625
4,GTFT(0.1),Grudger,3000410000408,1.275,1.775,0.275,0.175,0.15
4,GTFT(0.1),Grudger,3000410000410,1.65,2.025,0.4125,0.3375,0.2875
4,GTFT(0.1),Grudger,3000410000412,1.2375,2.1125,0.3625,0.1875,0.15
4,GTFT(0.1),Grudger,3000410000414,1.1,1.7875,0.2375,0.1,0.0625
4,GTFT(0.1),Grudger,3000410000416,1.275,1.8375,0.275,0.1625,0.1
4,GTFT(0.1),Grudger,3000410000418,1.5375,1.975,0.3875,0.3,0.275
4,GTFT(0.1),Grudger,3000410000420,1.3,1.925,0.2875,0.1625,0.0625
4,GTFT(0.1),Grudger,3000410000422,1.05,1.675,0.1875,0.0625,0.0125
4,GTFT(0.1),Grudger,3000410000424,1.2,1.7625,0.25,0.1375,0.1
4,GTFT(0.1),Grudger,3000410000426,1.3625,1.675,0.2375,0.175,0.1
4,GTFT(0.1),Grudger,3000410000428,1.1875,1.9375,0.3,0.15,0.1125
4,GTFT(0.1),Grudger,3000410000430,1.4375,1.875,0.3375,0.25,0.225
4,GTFT(0.1),Grudger,3000410000432,1.075,1.825,0.25,0.1,0.075
4,GTFT(0.1),Grudger,3000410000434,1.5625,2.3125,0.4875,0.3375,0.3
4,GTFT(0.1),Grudger,3000410000436,0.975,1.6,0.1625,0.0375,0.0125
4,GTFT(0.1),Grudger,3000410000438,1.325,2.1375,0.3875,0.225,0.1875
4,GTFT(0.1),Joss (0.9),3000410000600,2.325,2.5125,0.6,0.5625,0.325
4,GTFT(0.1),Joss (0.9),3000410000602,2.025,2.275,0.4375,0.3875,0.0875
4,GTFT(0.1),Joss (0.9),3000410000604,1.975,2.225,0.4125,0.3625,0.0625
4,GTFT(0.1),Joss (0.9),3000410000606,2.15,2.525,0.6,0.525,0.35
4,GTFT(0.1),Joss (0.9),3000410000608,2.225,2.4125,0.5375,0.5,0.2375
4,GTFT(0.1),Joss (0.9),3000410000610,2.4375,2.625,0.625,0.5875,0.2875
4,GTFT(0.1),Joss (0.9),3000410000612,1.9375,2.25,0.4375,0.375,0.125
4,GTFT(0.1),Joss (0.9),3000410000614,2.225,2.2875,0.5125,0.5,0.2625
4,GTFT(0.1),Joss (0.9),3000410000616,2.4375,2.375,0.5875,0.6,0.375
4,GTFT(0.1),Joss (0.9),3000410000618,2.5875,2.8375,0.7625,0.7125,0.5
4,GTFT(0.1),Joss (0.9),3000410000620,2.2625,2.6375,0.6625,0.5875,0.425
4,GTFT(0.1),Joss (0.9),3000410000622,2.575,2.7,0.6875,0.6625,0.3875
4,GTFT(0.1),Joss (0.9),3000410000624,2.6375,2.7625,0.8,0.775,0.6625
4,GTFT(0.1),Joss (0.9),3000410000626,1.8875,2.1375,0.375,0.325,0.0375
4,GTFT(0.1),Joss (0.9),3000410000628,1.725,1.85,0.3,0.275,0.075
4,GTFT(0.1),Joss (0.9),3000410000630,2.0125,2.45,0.575,0.4875,0.3625
4,GTFT(0.1),Joss (0.9),3000410000632,2.0,2.125,0.4,0.375,0.1
4,GTFT(0.1),Joss (0.9),3000410000634,1.825,2.1375,0.4125,0.35,0.1625
4,GTFT(0.1),Joss (0.9),3000410000636,2.1875,2.4375,0.5375,0.4875,0.225
4,GTFT(0.1),Joss (0.9),3000410000638,2.1875,2.3125,0.525,0.5,0.2875
4,GTFT(0.1),Random (0.5),3000410000800,2.175,2.3625,0.5375,0.5,0.2875
4,GTFT(0.1),Random (0.5),3000410000802,2.25,2.4375,0.5625,0.525,0.2875
4,GTFT(0.1),Random (0.5),3000410000804,2.075,2.325,0.5125,0.4625,0.2625
4,GTFT(0.1),Random (0.5),3000410000806,2.4375,2.4375,0.575,0.575,0.2875
4,GTFT(0.1),Random (0.5),3000410000808,2.1375,2.5125,0.55,0.475,0.2125
4,GTFT(0.1),Random (0.5),3000410000810,2.1875,2.3125,0.5,0.475,0.2125
4,GTFT(0.1),Random (0.5),3000410000812,1.925,2.3,0.475,0.4,0.2
4,GTFT(0.1),Random (0.5),3000410000814,2.225,2.4125,0.5625,0.525,0.3125
4,GTFT(0.1),Random (0.5),3000410000816,1.975,2.475,0.5375,0.4375,0.2375
4,GTFT(0.1),Random (0.5),3000410000818,2.1625,2.475,0.6,0.5375,0.3875
4,GTFT(0.1),Random (0.5),3000410000820,2.175,2.425,0.55,0.5,0.275
4,GTFT(0.1),Random (0.5),3000410000822,2.0875,2.4625,0.55,0.475,0.2625
4,GTFT(0.1),Random (0.5),3000410000824,2.225,2.4125,0.55,0.5125,0.275
4,GTFT(0.1),Random (0.5),3000410000826,2.15,2.4625,0.575,0.5125,0.325
4,GTFT(0.1),Random (0.5),3000410000828,2.0875,2.3375,0.5125,0.4625,0.25
4,GTFT(0.1),Random (0.5),3000410000830,2.0375,2.6,0.6,0.4875,0.3125
4,GTFT(0.1),Random (0.5),3000410000832,2.2,2.7,0.65,0.55,0.35
4,GTFT(0.1),Random (0.5),3000410000834,2.05,2.3625,0.5,0.4375,0.2
4,GTFT(0.1),Random (0.5),3000410000836,2.325,2.6375,0.6375,0.575,0.3375
4,GTFT(0.1),Random (0.5),3000410000838,2.2125,2.275,0.5,0.4875,0.2375
4,GTFT(0.1),Tester,3000410001000,1.05,1.6125,0.175,0.0625,0.025
4,GTFT(0.1),Tester,3000410001002,2.825,2.7,0.7625,0.7875,0.5625
4,GTFT(0.1),Tester,3000410001004,1.3,1.6125,0.1875,0.125,0.0125
4,GTFT(0.1),Tester,3000410001006,1.175,1.55,0.1625,0.0875,0.0125
4,GTFT(0.1),Tester,3000410001008,0.9875,1.675,0.1875,0.05,0.025
4,GTFT(0.1),Tester,3000410001010,1.075,1.5125,0.15,0.0625,0.025
4,GTFT(0.1),Tester,3000410001012,1.1375,1.7,0.2,0.0875,0.0125
4,GTFT(0.1),Tester,3000410001014,1.125,1.625,0.175,0.075,0.0
4,GTFT(0.1),Tester,3000410001016,0.925,1.7375,0.2,0.0375,0.025
4,GTFT(0.1),Tester,3000410001018,1.0625,1.9375,0.2625,0.0875,0.025
4,GTFT(0.1),Tester,3000410001020,1.0,1.625,0.175,0.05,0.025
4,GTFT(0.1),Tester,3000410001022,1.15,1.7125,0.2,0.0875,0.0
4,GTFT(0.1),Tester,3000410001024,1.125,2.0,0.2875,0.1125,0.0375
4,GTFT(0.1),Tester,3000410001026,0.8875,1.7625,0.2,0.025,0.0125
4,GTFT(0.1),Tester,3000410001028,1.025,1.5875,0.1625,0.05,0.0125
4,GTFT(0.1),Tester,3000410001030,0.8875,1.7625,0.2,0.025,0.0125
4,GTFT(0.1),Tester,3000410001032,1.05,1.7375,0.2125,0.075,0.0375
4,GTFT(0.1),Tester,3000410001034,0.9125,1.85,0.225,0.0375,0.0125
4,GTFT(0.1),Tester,3000410001036,1.0125,1.8875,0.25,0.075,0.0375
4,GTFT(0.1),Tester,3000410001038,1.0875,1.4625,0.1375,0.0625,0.025
4,GTFT(0.1),Pavlov (Win-Stay Lose-Shift),3000410001200,2.2875,2.725,0.7125,0.625,0.5
4,GTFT(0.1),Pavlov (Win-Stay Lose-Shift),3000410001202,2.325,2.7,0.7,0.625,0.475
4,GTFT(0.1),Pavlov (Win-Stay Lose-Shift),3000410001204,2.3375,2.4,0.5875,0.575,0.375
4,GTFT(0.1),Pavlov (Win-Stay Lose-Shift),3000410001206,2.1,2.35,0.5,0.45,0.2
4,GTFT(0.1),Pavlov (Win-Stay Lose-Shift),3000410001208,2.4,2.65,0.7125,0.6625,0.5375
4,GTFT(0.1),Pavlov (Win-Stay Lose-Shift),3000410001210,2.55,2.675,0.75,0.725,0.6
4,GTFT(0.1),Pavlov (Win-Stay Lose-Shift),3000410001212,2.4375,2.5625,0.675,0.65,0.4875
4,GTFT(0.1),Pavlov (Win-Stay Lose-Shift),3000410001214,2.3125,2.25,0.5,0.5125,0.2375
4,GTFT(0.1),Pavlov (Win-Stay Lose-Shift),3000410001216,2.3125,2.625,0.675,0.6125,0.4625
4,GTFT(0.1),Pavlov (Win-Stay Lose-Shift),3000410001218,2.5,2.5625,0.7,0.6875,0.55
4,GTFT(0.1),Pavlov (Win-Stay Lose-Shift),3000410001220,2.125,2.25,0.475,0.45,0.2
4,GTFT(0.1),Pavlov (Win-Stay Lose-Shift),3000410001222,2.45,2.3875,0.6,0.6125,0.4
4,GTFT(0.1),Pavlov (Win-Stay Lose-Shift),3000410001224,2.5,2.5,0.6625,0.6625,0.4875
4,GTFT(0.1),Pavlov (Win-Stay Lose-Shift),3000410001226,2.1625,2.225,0.4625,0.45,0.175
4,GTFT(0.1),Pavlov (Win-Stay Lose-Shift),3000410001228,2.525,2.5875,0.7125,0.7,0.5625
4,GTFT(0.1),Pavlov (Win-Stay Lose-Shift),3000410001230,2.4375,2.375,0.5875,0.6,0.375
4,GTFT(0.1),Pavlov (Win-Stay Lose-Shift),3000410001232,2.475,2.6,0.7,0.675,0.525
4,GTFT(0.1),Pavlov (Win-Stay Lose-Shift),3000410001234,2.325,2.6375,0.6875,0.625,0.4875
4,GTFT(0.1),Pavlov (Win-Stay Lose-Shift),3000410001236,2.175,2.3,0.5125,0.4875,0.2625
4,GTFT(0.1),Pavlov (Win-Stay Lose-Shift),3000410001238,2.3625,2.3625,0.5625,0.5625,0.325
4,Pavlov,Tit For Tat,3000410000000,2.5375,2.4125,0.6375,0.6625,0.475
4,Pavlov,Tit For Tat,3000410000002,2.1875,2.25,0.4875,0.475,0.225
4,Pavlov,Tit For Tat,3000410000004,2.3875,2.3875,0.6,0.6,0.4125
4,Pavlov,Tit For Tat,3000410000006,2.3,2.3625,0.5625,0.55,0.3375
4,Pavlov,Tit For Tat,3000410000008,2.125,2.1875,0.4375,0.425,0.1375
4,Pavlov,Tit For Tat,3000410000010,2.1875,2.125,0.425,0.4375,0.1375
4,Pavlov,Tit For Tat,3000410000012,2.275,2.275,0.5125,0.5125,0.2625
4,Pavlov,Tit For Tat,3000410000014,2.2125,2.2125,0.475,0.475,0.2125
4,Pavlov,Tit For Tat,3000410000016,2.2125,2.15,0.45,0.4625,0.1875
4,Pavlov,Tit For Tat,3000410000018,2.0875,2.3375,0.4875,0.4375,0.175
4,Pavlov,Tit For Tat,3000410000020,2.35,2.35,0.5625,0.5625,0.3375
4,Pavlov,Tit For Tat,3000410000022,2.325,2.45,0.6,0.575,0.375
4,Pavlov,Tit For Tat,3000410000024,2.3375,2.4625,0.6125,0.5875,0.4
4,Pavlov,Tit For Tat,3000410000026,2.325,2.45,0.6,0.575,0.375
4,Pavlov,Tit For Tat,3000410000028,2.125,2.0625,0.3875,0.4,0.0875
4,Pavlov,Tit For Tat,3000410000030,2.4125,2.475,0.6375,0.625,0.45
4,Pavlov,Tit For Tat,3000410000032,2.0625,2.0,0.35,0.3625,0.0375
4,Pavlov,Tit For Tat,3000410000034,2.1625,2.1,0.4125,0.425,0.125
4,Pavlov,Tit For Tat,3000410000036,2.4625,2.275,0.5625,0.6,0.375
4,Pavlov,Tit For Tat,3000410000038,2.0375,2.1,0.375,0.3625,0.0375
4,Pavlov,Always Defect,3000410000200,0.5875,2.9,0.4875,0.025,0.025
4,Pavlov,Always Defect,3000410000202,0.55,2.9875,0.5,0.0125,0.0
4,Pavlov,Always Defect,3000410000204,0.6875,3.0,0.525,0.0625,0.0375
4,Pavlov,Always Defect,3000410000206,0.6375,2.95,0.5,0.0375,0.0125
4,Pavlov,Always Defect,3000410000208,0.7625,2.8875,0.5,0.075,0.0375
4,Pavlov,Always Defect,3000410000210,0.6875,2.9375,0.5,0.05,0.0125
4,Pavlov,Always Defect,3000410000212,0.65,3.025,0.5375,0.0625,0.0625
4,Pavlov,Always Defect,3000410000214,0.675,2.925,0.5,0.05,0.025
4,Pavlov,Always Defect,3000410000216,0.6625,2.975,0.5125,0.05,0.025
4,Pavlov,Always Defect,3000410000218,0.6,2.975,0.5125,0.0375,0.0375
4,Pavlov,Always Defect,3000410000220,0.675,2.925,0.5,0.05,0.025
4,Pavlov,Always Defect,3000410000222,0.6125,2.9875,0.5125,0.0375,0.025
4,Pavlov,Always Defect,3000410000224,0.6625,3.0375,0.5375,0.0625,0.05
4,Pavlov,Always Defect,3000410000226,0.6,2.975,0.5,0.025,0.0
4,Pavlov,Always Defect,3000410000228,0.5875,2.9625,0.5,0.025,0.0125
4,Pavlov,Always Defect,3000410000230,0.7375,2.925,0.5125,0.075,0.05
4,Pavlov,Always Defect,3000410000232,0.7125,2.9,0.5,0.0625,0.0375
4,Pavlov,Always Defect,3000410000234,0.8125,2.8125,0.4875,0.0875,0.05
4,Pavlov,Always Defect,3000410000236,0.55,2.9875,0.5,0.0125,0.0
4,Pavlov,Always Defect,3000410000238,0.625,2.9375,0.5,0.0375,0.025
4,Pavlov,Grudger,3000410000400,0.85,2.7875,0.475,0.0875,0.025
4,Pavlov,Grudger,3000410000402,0.8,2.925,0.5125,0.0875,0.0375
4,Pavlov,Grudger,3000410000404,0.8125,2.875,0.5,0.0875,0.0375
4,Pavlov,Grudger,3000410000406,1.2,2.825,0.5625,0.2375,0.1875
4,Pavlov,Grudger,3000410000408,0.9625,2.9625,0.575,0.175,0.1625
4,Pavlov,Grudger,3000410000410,1.425,2.8625,0.625,0.3375,0.3
4,Pavlov,Grudger,3000410000412,0.875,2.9375,0.5375,0.125,0.0875
4,Pavlov,Grudger,3000410000414,0.85,2.85,0.5,0.1,0.05
4,Pavlov,Grudger,3000410000416,0.975,2.9125,0.55,0.1625,0.125
4,Pavlov,Grudger,3000410000418,1.275,2.9625,0.6375,0.3,0.2875
4,Pavlov,Grudger,3000410000420,1.0625,2.75,0.5,0.1625,0.0875
4,Pavlov,Grudger,3000410000422,0.6875,2.9375,0.5125,0.0625,0.05
4,Pavlov,Grudger,3000410000424,0.8625,2.9875,0.5625,0.1375,0.125
4,Pavlov,Grudger,3000410000426,1.0,2.9375,0.5625,0.175,0.1375
4,Pavlov,Grudger,3000410000428,0.9125,2.975,0.5625,0.15,0.125
4,Pavlov,Grudger,3000410000430,1.1375,3.0125,0.625,0.25,0.2375
4,Pavlov,Grudger,3000410000432,0.775,2.9625,0.5375,0.1,0.0875
4,Pavlov,Grudger,3000410000434,0.7375,2.925,0.5125,0.075,0.05
4,Pavlov,Grudger,3000410000436,0.6625,2.85,0.475,0.0375,0.0125
4,Pavlov,Grudger,3000410000438,1.15,2.8375,0.5625,0.225,0.1875
4,Pavlov,Joss (0.9),3000410000600,2.1875,2.3125,0.5,0.475,0.2125
4,Pavlov,Joss (0.9),3000410000602,1.975,2.225,0.4375,0.3875,0.1375
4,Pavlov,Joss (0.9),3000410000604,2.025,2.15,0.4125,0.3875,0.1125
4,Pavlov,Joss (0.9),3000410000606,2.325,2.3875,0.5875,0.575,0.3875
4,Pavlov,Joss (0.9),3000410000608,2.05,2.1125,0.3875,0.375,0.0625
4,Pavlov,Joss (0.9),3000410000610,2.025,2.2125,0.4125,0.375,0.0625
4,Pavlov,Joss (0.9),3000410000612,2.275,2.4625,0.6,0.5625,0.375
4,Pavlov,Joss (0.9),3000410000614,2.0375,2.225,0.45,0.4125,0.1625
4,Pavlov,Joss (0.9),3000410000616,1.9875,2.2375,0.4375,0.3875,0.125
4,Pavlov,Joss (0.9),3000410000618,2.3375,2.4,0.5875,0.575,0.375
4,Pavlov,Joss (0.9),3000410000620,1.8625,2.175,0.3875,0.325,0.05
4,Pavlov,Joss (0.9),3000410000622,2.1875,2.3125,0.5125,0.4875,0.25
4,Pavlov,Joss (0.9),3000410000624,2.3875,2.575,0.675,0.6375,0.4875
4,Pavlov,Joss (0.9),3000410000626,2.0625,2.125,0.4,0.3875,0.0875
4,Pavlov,Joss (0.9),3000410000628,2.025,2.2125,0.4375,0.4,0.1375
4,Pavlov,Joss (0.9),3000410000630,2.0375,2.225,0.45,0.4125,0.1625
4,Pavlov,Joss (0.9),3000410000632,2.25,2.5625,0.6375,0.575,0.4125
4,Pavlov,Joss (0.9),3000410000634,1.9875,2.3625,0.5,0.425,0.2125
4,Pavlov,Joss (0.9),3000410000636,2.175,2.175,0.45,0.45,0.175
4,Pavlov,Joss (0.9),3000410000638,2.4375,2.3125,0.5625,0.5875,0.35
4,Pavlov,Random (0.5),3000410000800,2.2125,2.275,0.5125,0.5,0.275
4,Pavlov,Random (0.5),3000410000802,2.2625,2.3875,0.55,0.525,0.2875
4,Pavlov,Random (0.5),3000410000804,2.075,2.325,0.5125,0.4625,0.2625
4,Pavlov,Random (0.5),3000410000806,2.6,2.0375,0.4625,0.575,0.2375
4,Pavlov,Random (0.5),3000410000808,2.025,2.525,0.575,0.475,0.3
4,Pavlov,Random (0.5),3000410000810,2.1125,2.3625,0.525,0.475,0.2625
4,Pavlov,Random (0.5),3000410000812,1.8625,2.425,0.5125,0.4,0.225
4,Pavlov,Random (0.5),3000410000814,2.2875,2.2875,0.525,0.525,0.2875
4,Pavlov,Random (0.5),3000410000816,2.1625,2.1,0.425,0.4375,0.1625
4,Pavlov,Random (0.5),3000410000818,2.5125,2.0125,0.4375,0.5375,0.2
4,Pavlov,Random (0.5),3000410000820,2.2375,2.3,0.5125,0.5,0.25
4,Pavlov,Random (0.5),3000410000822,2.2875,2.1,0.4375,0.475,0.175
4,Pavlov,Random (0.5),3000410000824,2.2875,2.2875,0.5125,0.5125,0.25
4,Pavlov,Random (0.5),3000410000826,2.425,1.9875,0.425,0.5125,0.2
4,Pavlov,Random (0.5),3000410000828,2.2125,2.15,0.45,0.4625,0.1875
4,Pavlov,Random (0.5),3000410000830,2.2625,2.2,0.475,0.4875,0.2125
4,Pavlov,Random (0.5),3000410000832,2.5375,2.0375,0.45,0.55,0.2125
4,Pavlov,Random (0.5),3000410000834,2.1,2.225,0.4625,0.4375,0.1875
4,Pavlov,Random (0.5),3000410000836,2.4125,2.2875,0.55,0.575,0.3375
4,Pavlov,Random (0.5),3000410000838,2.1,2.475,0.5625,0.4875,0.2875
4,Pavlov,Tester,3000410001000,0.65,3.025,0.5375,0.0625,0.0625
4,Pavlov,Tester,3000410001002,2.5,2.5,0.675,0.675,0.525
4,Pavlov,Tester,3000410001004,0.95,2.825,0.5,0.125,0.05
4,Pavlov,Tester,3000410001006,0.8125,2.875,0.5,0.0875,0.0375
4,Pavlov,Tester,3000410001008,0.6375,3.0125,0.525,0.05,0.0375
4,Pavlov,Tester,3000410001010,0.75,2.875,0.4875,0.0625,0.0125
4,Pavlov,Tester,3000410001012,0.8,2.8625,0.5,0.0875,0.05
4,Pavlov,Tester,3000410001014,2.225,2.0375,0.4,0.4375,0.125
4,Pavlov,Tester,3000410001016,0.625,2.9375,0.5,0.0375,0.025
4,Pavlov,Tester,3000410001018,0.75,3.0,0.5375,0.0875,0.0625
4,Pavlov,Tester,3000410001020,0.6625,2.975,0.5125,0.05,0.025
4,Pavlov,Tester,3000410001022,2.25,2.1875,0.475,0.4875,0.225
4,Pavlov,Tester,3000410001024,0.875,2.875,0.5125,0.1125,0.0625
4,Pavlov,Tester,3000410001026,0.5625,3.0,0.5125,0.025,0.025
4,Pavlov,Tester,3000410001028,0.6625,2.975,0.5125,0.05,0.025
4,Pavlov,Tester,3000410001030,0.55,3.05,0.525,0.025,0.025
4,Pavlov,Tester,3000410001032,0.7875,2.7875,0.475,0.075,0.0375
4,Pavlov,Tester,3000410001034,0.625,3.0,0.5125,0.0375,0.0125
4,Pavlov,Tester,3000410001036,0.7875,2.85,0.4875,0.075,0.025
4,Pavlov,Tester,3000410001038,0.7125,2.9,0.5,0.0625,0.0375
4,Pavlov,Pavlov (Win-Stay Lose-Shift),3000410001200,2.8125,2.6875,0.8375,0.8625,0.8
4,Pavlov,Pavlov (Win-Stay Lose-Shift),3000410001202,2.5875,2.9,0.875,0.8125,0.7875
4,Pavlov,Pavlov (Win-Stay Lose-Shift),3000410001204,2.7375,2.675,0.8125,0.825,0.75
4,Pavlov,Pavlov (Win-Stay Lose-Shift),3000410001206,2.675,2.8,0.85,0.825,0.775
4,Pavlov,Pavlov (Win-Stay Lose-Shift),3000410001208,2.9,2.5875,0.8125,0.875,0.7875
4,Pavlov,Pavlov (Win-Stay Lose-Shift),3000410001210,2.675,2.9875,0.925,0.8625,0.85
4,Pavlov,Pavlov (Win-Stay Lose-Shift),3000410001212,2.775,3.025,0.9625,0.9125,0.9125
4,Pavlov,Pavlov (Win-Stay Lose-Shift),3000410001214,2.7375,2.675,0.8125,0.825,0.75
4,Pavlov,Pavlov (Win-Stay Lose-Shift),3000410001216,2.775,2.775,0.8625,0.8625,0.8125
4,Pavlov,Pavlov (Win-Stay Lose-Shift),3000410001218,2.875,2.875,0.925,0.925,0.9
4,Pavlov,Pavlov (Win-Stay Lose-Shift),3000410001220,2.875,2.6875,0.85,0.8875,0.825
4,Pavlov,Pavlov (Win-Stay Lose-Shift),3000410001222,2.8125,2.8125,0.8875,0.8875,0.85
4,Pavlov,Pavlov (Win-Stay Lose-Shift),3000410001224,2.8625,2.8625,0.9125,0.9125,0.875
4,Pavlov,Pavlov (Win-Stay Lose-Shift),3000410001226,2.8375,2.8375,0.9,0.9,0.8625
4,Pavlov,Pavlov (Win-Stay Lose-Shift),3000410001228,2.6625,2.725,0.8125,0.8,0.725
4,Pavlov,Pavlov (Win-Stay Lose-Shift),3000410001230,2.8,2.675,0.825,0.85,0.775
4,Pavlov,Pavlov (Win-Stay Lose-Shift),3000410001232,2.7125,2.9625,0.925,0.875,0.8625
4,Pavlov,Pavlov (Win-Stay Lose-Shift),3000410001234,2.75,2.75,0.85,0.85,0.8
4,Pavlov,Pavlov (Win-Stay Lose-Shift),3000410001236,2.6125,2.6125,0.7625,0.7625,0.675
4,Pavlov,Pavlov (Win-Stay Lose-Shift),3000410001238,2.75,2.6875,0.825,0.8375,0.775
4,ALLD,Tit For Tat,3000410000000,1.2875,1.1625,0.0625,0.0875,0.0
4,ALLD,Tit For Tat,3000410000002,1.3625,1.175,0.075,0.1125,0.0125
4,ALLD,Tit For Tat,3000410000004,1.3875,1.075,0.05,0.1125,0.0125
4,ALLD,Tit For Tat,3000410000006,1.325,1.0125,0.025,0.0875,0.0
4,ALLD,Tit For Tat,3000410000008,1.3375,1.15,0.0625,0.1,0.0
4,ALLD,Tit For Tat,3000410000010,1.3875,1.1375,0.0625,0.1125,0.0
4,ALLD,Tit For Tat,3000410000012,1.1375,1.0125,0.0125,0.0375,0.0
4,ALLD,Tit For Tat,3000410000014,1.4125,1.1625,0.075,0.125,0.0125
4,ALLD,Tit For Tat,3000410000016,1.475,1.1625,0.075,0.1375,0.0
4,ALLD,Tit For Tat,3000410000018,1.275,1.2125,0.075,0.0875,0.0
4,ALLD,Tit For Tat,3000410000020,1.4625,1.025,0.0375,0.125,0.0
4,ALLD,Tit For Tat,3000410000022,1.55,1.2375,0.1,0.1625,0.0
4,ALLD,Tit For Tat,3000410000024,1.4625,1.275,0.1125,0.15,0.025
4,ALLD,Tit For Tat,3000410000026,1.2625,1.075,0.0375,0.075,0.0
4,ALLD,Tit For Tat,3000410000028,1.4,1.0875,0.05,0.1125,0.0
4,ALLD,Tit For Tat,3000410000030,1.35,0.9125,0.0,0.0875,0.0
4,ALLD,Tit For Tat,3000410000032,1.125,1.0625,0.025,0.0375,0.0
4,ALLD,Tit For Tat,3000410000034,1.1875,1.0,0.0125,0.05,0.0
4,ALLD,Tit For Tat,3000410000036,1.325,1.0125,0.025,0.0875,0.0
4,ALLD,Tit For Tat,3000410000038,1.275,1.025,0.025,0.075,0.0
4,ALLD,Always Defect,3000410000200,1.025,1.275,0.075,0.025,0.0
4,ALLD,Always Defect,3000410000202,0.9875,1.2375,0.0625,0.0125,0.0
4,ALLD,Always Defect,3000410000204,1.225,1.0375,0.025,0.0625,0.0
4,ALLD,Always Defect,3000410000206,1.1125,1.05,0.025,0.0375,0.0125
4,ALLD,Always Defect,3000410000208,1.275,1.025,0.025,0.075,0.0
4,ALLD,Always Defect,3000410000210,1.15,1.15,0.05,0.05,0.0
4,ALLD,Always Defect,3000410000212,1.225,1.0375,0.025,0.0625,0.0
4,ALLD,Always Defect,3000410000214,1.1375,1.1375,0.05,0.05,0.0125
4,ALLD,Always Defect,3000410000216,1.15,1.15,0.05,0.05,0.0
4,ALLD,Always Defect,3000410000218,1.1375,1.0125,0.0125,0.0375,0.0
4,ALLD,Always Defect,3000410000220,1.125,1.25,0.075,0.05,0.0
4,ALLD,Always Defect,3000410000222,1.075,1.2625,0.075,0.0375,0.0
4,ALLD,Always Defect,3000410000224,1.1875,1.1875,0.0625,0.0625,0.0
4,ALLD,Always Defect,3000410000226,1.0625,1.125,0.0375,0.025,0.0
4,ALLD,Always Defect,3000410000228,1.05,1.175,0.05,0.025,0.0
4,ALLD,Always Defect,3000410000230,1.2375,1.175,0.0625,0.075,0.0
4,ALLD,Always Defect,3000410000232,1.2125,1.0875,0.0375,0.0625,0.0
4,ALLD,Always Defect,3000410000234,1.2875,1.1625,0.0625,0.0875,0.0
4,ALLD,Always Defect,3000410000236,1.0125,1.1375,0.0375,0.0125,0.0
4,ALLD,Always Defect,3000410000238,1.0625,1.25,0.075,0.0375,0.0125
4,ALLD,Grudger,3000410000400,1.275,1.2125,0.0875,0.1,0.0375
4,ALLD,Grudger,3000410000402,1.3,1.2375,0.0875,0.1,0.0125
4,ALLD,Grudger,3000410000404,1.1625,1.225,0.075,0.0625,0.0125
4,ALLD,Grudger,3000410000406,1.35,1.1,0.05,0.1,0.0
4,ALLD,Grudger,3000410000408,1.125,1.0625,0.025,0.0375,0.0
4,ALLD,Grudger,3000410000410,1.2125,1.0875,0.0375,0.0625,0.0
4,ALLD,Grudger,3000410000412,1.25,1.0625,0.0375,0.075,0.0125
4,ALLD,Grudger,3000410000414,1.1875,1.0,0.0125,0.05,0.0
4,ALLD,Grudger,3000410000416,1.225,1.0375,0.025,0.0625,0.0
4,ALLD,Grudger,3000410000418,1.125,1.0625,0.025,0.0375,0.0
4,ALLD,Grudger,3000410000420,1.4125,1.0375,0.0375,0.1125,0.0
4,ALLD,Grudger,3000410000422,1.2375,0.9875,0.0125,0.0625,0.0
4,ALLD,Grudger,3000410000424,1.075,1.45,0.125,0.05,0.0
4,ALLD,Grudger,3000410000426,1.3125,1.0625,0.0375,0.0875,0.0
4,ALLD,Grudger,3000410000428,1.1875,1.125,0.05,0.0625,0.0125
4,ALLD,Grudger,3000410000430,1.125,1.0625,0.025,0.0375,0.0
4,ALLD,Grudger,3000410000432,1.1875,1.125,0.05,0.0625,0.0125
4,ALLD,Grudger,3000410000434,1.175,1.2375,0.075,0.0625,0.0
4,ALLD,Grudger,3000410000436,1.0625,1.125,0.0375,0.025,0.0
4,ALLD,Grudger,3000410000438,1.2125,1.0875,0.0375,0.0625,0.0
4,ALLD,Joss (0.9),3000410000600,1.5875,1.275,0.1125,0.175,0.0
4,ALLD,Joss (0.9),3000410000602,1.375,1.0,0.025,0.1,0.0
4,ALLD,Joss (0.9),3000410000604,1.45,1.0125,0.0375,0.125,0.0125
4,ALLD,Joss (0.9),3000410000606,1.375,1.1875,0.075,0.1125,0.0
4,ALLD,Joss (0.9),3000410000608,1.25,1.0625,0.0375,0.075,0.0125
4,ALLD,Joss (0.9),3000410000610,1.65,1.15,0.0875,0.1875,0.0125
4,ALLD,Joss (0.9),3000410000612,1.3,1.05,0.0375,0.0875,0.0125
4,ALLD,Joss (0.9),3000410000614,1.325,1.1375,0.0625,0.1,0.0125
4,ALLD,Joss (0.9),3000410000616,1.3,1.1125,0.05,0.0875,0.0
4,ALLD,Joss (0.9),3000410000618,1.525,0.9625,0.025,0.1375,0.0
4,ALLD,Joss (0.9),3000410000620,1.3875,1.1375,0.0625,0.1125,0.0
4,ALLD,Joss (0.9),3000410000622,1.4,1.0875,0.05,0.1125,0.0
4,ALLD,Joss (0.9),3000410000624,1.2,1.1375,0.05,0.0625,0.0
4,ALLD,Joss (0.9),3000410000626,1.0875,1.025,0.0125,0.025,0.0
4,ALLD,Joss (0.9),3000410000628,1.1875,1.1875,0.0625,0.0625,0.0
4,ALLD,Joss (0.9),3000410000630,1.325,1.2,0.0875,0.1125,0.0375
4,ALLD,Joss (0.9),3000410000632,1.3,1.1125,0.05,0.0875,0.0
4,ALLD,Joss (0.9),3000410000634,1.1,0.975,0.0,0.025,0.0
4,ALLD,Joss (0.9),3000410000636,1.7,1.075,0.075,0.2,0.025
4,ALLD,Joss (0.9),3000410000638,1.3125,1.0625,0.0375,0.0875,0.0
4,ALLD,Random (0.5),3000410000800,2.875,0.8125,0.0875,0.5,0.0375
4,ALLD,Random (0.5),3000410000802,2.9875,0.7375,0.075,0.525,0.0375
4,ALLD,Random (0.5),3000410000804,2.8,0.7375,0.05,0.4625,0.0
4,ALLD,Random (0.5),3000410000806,3.1875,0.625,0.0625,0.575,0.05
4,ALLD,Random (0.5),3000410000808,2.875,0.625,0.025,0.475,0.0
4,ALLD,Random (0.5),3000410000810,2.8125,0.75,0.0625,0.475,0.025
4,ALLD,Random (0.5),3000410000812,2.5125,0.825,0.0625,0.4,0.025
4,ALLD,Random (0.5),3000410000814,3.1,0.475,0.0,0.525,0.0
4,ALLD,Random (0.5),3000410000816,2.6875,0.6875,0.0375,0.4375,0.025
4,ALLD,Random (0.5),3000410000818,3.075,0.6375,0.05,0.5375,0.025
4,ALLD,Random (0.5),3000410000820,2.975,0.5375,0.0125,0.5,0.0125
4,ALLD,Random (0.5),3000410000822,2.7375,0.925,0.1125,0.475,0.05
4,ALLD,Random (0.5),3000410000824,2.925,0.7375,0.075,0.5125,0.05
4,ALLD,Random (0.5),3000410000826,2.9125,0.7875,0.0875,0.5125,0.05
4,ALLD,Random (0.5),3000410000828,2.7375,0.8625,0.0875,0.4625,0.025
4,ALLD,Random (0.5),3000410000830,2.925,0.55,0.0125,0.4875,0.0125
4,ALLD,Random (0.5),3000410000832,3.175,0.4875,0.0125,0.55,0.0125
4,ALLD,Random (0.5),3000410000834,2.7,0.6375,0.025,0.4375,0.025
4,ALLD,Random (0.5),3000410000836,3.2,0.6375,0.0625,0.575,0.0375
4,ALLD,Random (0.5),3000410000838,2.8625,0.675,0.05,0.4875,0.0375
4,ALLD,Tester,3000410001000,1.4875,1.1125,0.0625,0.1375,0.0
4,ALLD,Tester,3000410001002,1.3375,1.0875,0.05,0.1,0.0125
4,ALLD,Tester,3000410001004,1.6625,0.975,0.0375,0.175,0.0
4,ALLD,Tester,3000410001006,1.55,1.05,0.05,0.15,0.0
4,ALLD,Tester,3000410001008,1.45,1.1375,0.075,0.1375,0.025
4,ALLD,Tester,3000410001010,1.375,1.0,0.025,0.1,0.0
4,ALLD,Tester,3000410001012,1.4625,1.025,0.0375,0.125,0.0
4,ALLD,Tester,3000410001014,1.5,1.125,0.075,0.15,0.025
4,ALLD,Tester,3000410001016,1.3875,1.1375,0.0625,0.1125,0.0
4,ALLD,Tester,3000410001018,1.4125,1.0375,0.0375,0.1125,0.0
4,ALLD,Tester,3000410001020,1.45,1.1375,0.075,0.1375,0.025
4,ALLD,Tester,3000410001022,1.4875,1.05,0.05,0.1375,0.0125
4,ALLD,Tester,3000410001024,1.75,1.125,0.0875,0.2125,0.0125
4,ALLD,Tester,3000410001026,1.375,1.1875,0.075,0.1125,0.0
4,ALLD,Tester,3000410001028,1.325,1.0125,0.025,0.0875,0.0
4,ALLD,Tester,3000410001030,1.325,1.1375,0.0625,0.1,0.0125
4,ALLD,Tester,3000410001032,1.5375,1.1,0.0625,0.15,0.0
4,ALLD,Tester,3000410001034,1.425,1.175,0.075,0.125,0.0
4,ALLD,Tester,3000410001036,1.325,1.0125,0.025,0.0875,0.0
4,ALLD,Tester,3000410001038,1.3125,1.0625,0.0375,0.0875,0.0
4,ALLD,Pavlov (Win-Stay Lose-Shift),3000410001200,2.9,0.7125,0.0625,0.5,0.0375
4,ALLD,Pavlov (Win-Stay Lose-Shift),3000410001202,2.85,0.6625,0.0375,0.475,0.0125
4,ALLD,Pavlov (Win-Stay Lose-Shift),3000410001204,2.9875,0.7375,0.075,0.525,0.0375
4,ALLD,Pavlov (Win-Stay Lose-Shift),3000410001206,2.875,0.75,0.075,0.5,0.05
4,ALLD,Pavlov (Win-Stay Lose-Shift),3000410001208,2.8875,0.7625,0.075,0.5,0.0375
4,ALLD,Pavlov (Win-Stay Lose-Shift),3000410001210,3.1,0.475,0.0,0.525,0.0
4,ALLD,Pavlov (Win-Stay Lose-Shift),3000410001212,2.975,0.5375,0.0125,0.5,0.0125
4,ALLD,Pavlov (Win-Stay Lose-Shift),3000410001214,2.7625,0.8875,0.1,0.475,0.0375
4,ALLD,Pavlov (Win-Stay Lose-Shift),3000410001216,2.95,0.6375,0.0375,0.5,0.0125
4,ALLD,Pavlov (Win-Stay Lose-Shift),3000410001218,2.9125,0.6,0.025,0.4875,0.0125
4,ALLD,Pavlov (Win-Stay Lose-Shift),3000410001220,2.825,0.7625,0.0625,0.475,0.0125
4,ALLD,Pavlov (Win-Stay Lose-Shift),3000410001222,2.9875,0.6125,0.0375,0.5125,0.025
4,ALLD,Pavlov (Win-Stay Lose-Shift),3000410001224,2.925,0.675,0.05,0.5,0.025
4,ALLD,Pavlov (Win-Stay Lose-Shift),3000410001226,2.95,0.6375,0.05,0.5125,0.05
4,ALLD,Pavlov (Win-Stay Lose-Shift),3000410001228,2.775,0.775,0.075,0.475,0.05
4,ALLD,Pavlov (Win-Stay Lose-Shift),3000410001230,2.9375,0.6875,0.0625,0.5125,0.05
4,ALLD,Pavlov (Win-Stay Lose-Shift),3000410001232,2.925,0.6125,0.025,0.4875,0.0
4,ALLD,Pavlov (Win-Stay Lose-Shift),3000410001234,2.925,0.675,0.05,0.5,0.025
4,ALLD,Pavlov (Win-Stay Lose-Shift),3000410001236,2.8625,0.7375,0.0625,0.4875,0.025
4,ALLD,Pavlov (Win-Stay Lose-Shift),3000410001238,2.95,0.7,0.0625,0.5125,0.0375
